feb.-18 12:44:38.275 [main] DEBUG nextflow.cli.Launcher - $> nextflow -log run_second.log run main.nf --input ./assets/samplesheet.csv --outdir /home/antonio/Escritorio/prueba_nextflow_home --annotation_mirbase --annotation_srnaanno --annotation_pmiren --skip_fastqc --skip_filt_genome -dump-hashes -resume
feb.-18 12:44:38.357 [main] DEBUG nextflow.cli.CmdRun - N E X T F L O W  ~  version 24.10.4
feb.-18 12:44:38.505 [main] DEBUG nextflow.plugin.PluginsFacade - Setting up plugin manager > mode=prod; embedded=false; plugins-dir=/home/antonio/.nextflow/plugins; core-plugins: nf-amazon@2.9.2,nf-azure@1.10.2,nf-cloudcache@0.4.2,nf-codecommit@0.2.2,nf-console@1.1.4,nf-google@1.15.3,nf-tower@1.9.3,nf-wave@1.7.4
feb.-18 12:44:38.684 [main] INFO  o.pf4j.DefaultPluginStatusProvider - Enabled plugins: []
feb.-18 12:44:38.685 [main] INFO  o.pf4j.DefaultPluginStatusProvider - Disabled plugins: []
feb.-18 12:44:38.688 [main] INFO  org.pf4j.DefaultPluginManager - PF4J version 3.12.0 in 'deployment' mode
feb.-18 12:44:38.735 [main] INFO  org.pf4j.AbstractPluginManager - No plugins
feb.-18 12:44:38.771 [main] DEBUG nextflow.config.ConfigBuilder - Found config local: /home/antonio/Escritorio/Repositorios_GitHub/miRPlan-nf/nextflow.config
feb.-18 12:44:38.772 [main] DEBUG nextflow.config.ConfigBuilder - Parsing config file: /home/antonio/Escritorio/Repositorios_GitHub/miRPlan-nf/nextflow.config
feb.-18 12:44:38.824 [main] DEBUG n.secret.LocalSecretsProvider - Secrets store: /home/antonio/.nextflow/secrets/store.json
feb.-18 12:44:38.827 [main] DEBUG nextflow.secret.SecretsLoader - Discovered secrets providers: [nextflow.secret.LocalSecretsProvider@511505e7] - activable => nextflow.secret.LocalSecretsProvider@511505e7
feb.-18 12:44:38.836 [main] DEBUG nextflow.config.ConfigBuilder - Applying config profile: `standard`
feb.-18 12:44:39.943 [main] DEBUG nextflow.cli.CmdRun - Applied DSL=2 by global default
feb.-18 12:44:40.050 [main] DEBUG nextflow.cli.CmdRun - Launching `main.nf` [gigantic_nobel] DSL2 - revision: 66ecfd230c
feb.-18 12:44:40.052 [main] DEBUG nextflow.plugin.PluginsFacade - Plugins declared=[nf-schema@2.0.0]
feb.-18 12:44:40.053 [main] DEBUG nextflow.plugin.PluginsFacade - Plugins default=[]
feb.-18 12:44:40.053 [main] DEBUG nextflow.plugin.PluginsFacade - Plugins resolved requirement=[nf-schema@2.0.0]
feb.-18 12:44:40.053 [main] DEBUG nextflow.plugin.PluginUpdater - Installing plugin nf-schema version: 2.0.0
feb.-18 12:44:40.126 [main] INFO  org.pf4j.AbstractPluginManager - Plugin 'nf-schema@2.0.0' resolved
feb.-18 12:44:40.126 [main] INFO  org.pf4j.AbstractPluginManager - Start plugin 'nf-schema@2.0.0'
feb.-18 12:44:40.228 [main] DEBUG nextflow.plugin.BasePlugin - Plugin started nf-schema@2.0.0
feb.-18 12:44:40.425 [main] DEBUG nextflow.Session - Session UUID: ba89cd85-143a-443f-a9d1-dcf2039040f9
feb.-18 12:44:40.426 [main] DEBUG nextflow.Session - Run name: gigantic_nobel
feb.-18 12:44:40.426 [main] DEBUG nextflow.Session - Executor pool size: 24
feb.-18 12:44:40.436 [main] DEBUG nextflow.file.FilePorter - File porter settings maxRetries=3; maxTransfers=50; pollTimeout=null
feb.-18 12:44:40.440 [main] DEBUG nextflow.util.ThreadPoolBuilder - Creating thread pool 'FileTransfer' minSize=10; maxSize=72; workQueue=LinkedBlockingQueue[10000]; allowCoreThreadTimeout=false
feb.-18 12:44:40.706 [main] DEBUG nextflow.cli.CmdRun - 
  Version: 24.10.4 build 5934
  Created: 20-01-2025 16:47 UTC (17:47 CEST)
  System: Linux 6.8.0-52-generic
  Runtime: Groovy 4.0.23 on OpenJDK 64-Bit Server VM 11.0.13+7-b1751.21
  Encoding: UTF-8 (UTF-8)
  Process: 13545@gonsanan-ncrnalab [127.0.1.1]
  CPUs: 24 - Mem: 31.1 GB (522.2 MB) - Swap: 1.9 GB (1.9 GB)
feb.-18 12:44:40.735 [main] DEBUG nextflow.Session - Work-dir: /home/antonio/Escritorio/Repositorios_GitHub/miRPlan-nf/work [ext2/ext3]
feb.-18 12:44:40.776 [main] DEBUG nextflow.executor.ExecutorFactory - Extension executors providers=[]
feb.-18 12:44:40.782 [main] DEBUG nextflow.Session - Observer factory: DefaultObserverFactory
feb.-18 12:44:40.835 [main] DEBUG nextflow.cache.CacheFactory - Using Nextflow cache factory: nextflow.cache.DefaultCacheFactory
feb.-18 12:44:40.877 [main] DEBUG nextflow.util.CustomThreadPool - Creating default thread pool > poolSize: 25; maxThreads: 1000
feb.-18 12:44:41.703 [main] DEBUG nextflow.Session - Session start
feb.-18 12:44:41.819 [main] DEBUG nextflow.script.ScriptRunner - > Launching execution
feb.-18 12:44:42.413 [main] DEBUG nextflow.script.IncludeDef - Loading included plugin extensions with names: [paramsSummaryLog:paramsSummaryLog]; plugin Id: nf-schema
feb.-18 12:44:42.422 [main] DEBUG nextflow.script.IncludeDef - Loading included plugin extensions with names: [validateParameters:validateParameters]; plugin Id: nf-schema
feb.-18 12:44:44.012 [main] DEBUG nextflow.script.IncludeDef - Loading included plugin extensions with names: [samplesheetToList:samplesheetToList]; plugin Id: nf-schema
feb.-18 12:44:44.155 [main] DEBUG nextflow.script.IncludeDef - Loading included plugin extensions with names: [paramsSummaryLog:paramsSummaryLog]; plugin Id: nf-schema
feb.-18 12:44:44.156 [main] DEBUG nextflow.script.IncludeDef - Loading included plugin extensions with names: [validateParameters:validateParameters]; plugin Id: nf-schema
feb.-18 12:44:44.586 [main] DEBUG nextflow.script.ProcessConfig - Config settings `withLabel:process_low` matches labels `process_low` for process with name MAIN_MIRPLAN:MIRPLAN:FASTQ_DOWNLOAD_PREFETCH_FASTERQDUMP_SRATOOLS:CUSTOM_SRATOOLSNCBISETTINGS
feb.-18 12:44:44.589 [main] DEBUG nextflow.executor.ExecutorFactory - << taskConfig executor: null
feb.-18 12:44:44.589 [main] DEBUG nextflow.executor.ExecutorFactory - >> processorType: 'local'
feb.-18 12:44:44.592 [main] DEBUG nextflow.executor.Executor - [warm up] executor > local
feb.-18 12:44:44.600 [main] DEBUG n.processor.LocalPollingMonitor - Creating local task monitor for executor 'local' > cpus=24; memory=31.1 GB; capacity=24; pollInterval=100ms; dumpInterval=5m
feb.-18 12:44:44.602 [main] DEBUG n.processor.TaskPollingMonitor - >>> barrier register (monitor: local)
feb.-18 12:44:44.639 [main] DEBUG nextflow.script.ProcessConfig - Config settings `withLabel:process_low` matches labels `process_low` for process with name MAIN_MIRPLAN:MIRPLAN:FASTQ_DOWNLOAD_PREFETCH_FASTERQDUMP_SRATOOLS:SRATOOLS_PREFETCH
feb.-18 12:44:44.642 [main] DEBUG nextflow.executor.ExecutorFactory - << taskConfig executor: null
feb.-18 12:44:44.643 [main] DEBUG nextflow.executor.ExecutorFactory - >> processorType: 'local'
feb.-18 12:44:44.651 [main] DEBUG nextflow.script.ProcessConfig - Config settings `withLabel:process_medium` matches labels `process_medium` for process with name MAIN_MIRPLAN:MIRPLAN:FASTQ_DOWNLOAD_PREFETCH_FASTERQDUMP_SRATOOLS:SRATOOLS_FASTERQDUMP
feb.-18 12:44:44.652 [main] DEBUG nextflow.executor.ExecutorFactory - << taskConfig executor: null
feb.-18 12:44:44.653 [main] DEBUG nextflow.executor.ExecutorFactory - >> processorType: 'local'
feb.-18 12:44:44.669 [main] DEBUG nextflow.script.ProcessConfig - Config settings `withLabel:process_medium` matches labels `process_medium` for process with name MAIN_MIRPLAN:MIRPLAN:FASTP
feb.-18 12:44:44.670 [main] DEBUG nextflow.script.ProcessConfig - Config settings `withName:FASTP` matches process MAIN_MIRPLAN:MIRPLAN:FASTP
feb.-18 12:44:44.672 [main] DEBUG nextflow.executor.ExecutorFactory - << taskConfig executor: null
feb.-18 12:44:44.672 [main] DEBUG nextflow.executor.ExecutorFactory - >> processorType: 'local'
feb.-18 12:44:44.690 [main] DEBUG nextflow.executor.ExecutorFactory - << taskConfig executor: null
feb.-18 12:44:44.690 [main] DEBUG nextflow.executor.ExecutorFactory - >> processorType: 'local'
feb.-18 12:44:44.723 [main] DEBUG nextflow.script.ProcessConfig - Config settings `withLabel:process_medium` matches labels `process_medium` for process with name MAIN_MIRPLAN:MIRPLAN:FILTERING_DB:BOWTIE_BUILD
feb.-18 12:44:44.723 [main] DEBUG nextflow.script.ProcessConfig - Config settings `withName:BOWTIE_BUILD` matches process MAIN_MIRPLAN:MIRPLAN:FILTERING_DB:BOWTIE_BUILD
feb.-18 12:44:44.724 [main] DEBUG nextflow.executor.ExecutorFactory - << taskConfig executor: null
feb.-18 12:44:44.724 [main] DEBUG nextflow.executor.ExecutorFactory - >> processorType: 'local'
feb.-18 12:44:44.732 [main] DEBUG nextflow.script.ProcessConfig - Config settings `withLabel:process_medium` matches labels `process_medium` for process with name MAIN_MIRPLAN:MIRPLAN:FILTERING_DB:BOWTIE_ALIGN
feb.-18 12:44:44.732 [main] DEBUG nextflow.script.ProcessConfig - Config settings `withName:BOWTIE_ALIGN` matches process MAIN_MIRPLAN:MIRPLAN:FILTERING_DB:BOWTIE_ALIGN
feb.-18 12:44:44.734 [main] DEBUG nextflow.executor.ExecutorFactory - << taskConfig executor: null
feb.-18 12:44:44.734 [main] DEBUG nextflow.executor.ExecutorFactory - >> processorType: 'local'
feb.-18 12:44:44.825 [main] DEBUG nextflow.executor.ExecutorFactory - << taskConfig executor: null
feb.-18 12:44:44.825 [main] DEBUG nextflow.executor.ExecutorFactory - >> processorType: 'local'
feb.-18 12:44:44.832 [main] DEBUG nextflow.executor.ExecutorFactory - << taskConfig executor: null
feb.-18 12:44:44.832 [main] DEBUG nextflow.executor.ExecutorFactory - >> processorType: 'local'
feb.-18 12:44:44.839 [main] DEBUG nextflow.Session - Workflow process names [dsl2]: FASTQC, SRATOOLS_PREFETCH, PREABS_MATRIX, MULTIQC, MAIN_MIRPLAN:MIRPLAN:FASTQ_DOWNLOAD_PREFETCH_FASTERQDUMP_SRATOOLS:CUSTOM_SRATOOLSNCBISETTINGS, SRATOOLS_FASTERQDUMP, BOWTIE_ALIGN, FASTP, RPM, COUNTS, MAIN_MIRPLAN:MIRPLAN:VALIDATION:LIBRARIES_VALIDATION, MAIN_MIRPLAN:MIRPLAN:FASTQ_DOWNLOAD_PREFETCH_FASTERQDUMP_SRATOOLS:SRATOOLS_FASTERQDUMP, MAIN_MIRPLAN:MIRPLAN:FASTQ_DOWNLOAD_PREFETCH_FASTERQDUMP_SRATOOLS:SRATOOLS_PREFETCH, MAIN_MIRPLAN:MIRPLAN:FILTERING_DB:BOWTIE_BUILD, MAIN_MIRPLAN:MIRPLAN:QUANTIFICATION:COUNTS, MAIN_MIRPLAN:MIRPLAN:FILTERING_DB:BOWTIE_ALIGN, MIRNA_ANNOTATION, MIRNA_ANNOTATION_SUM, DB_ID_RESOLVER, BOWTIE_BUILD, CUSTOM_SRATOOLSNCBISETTINGS, COUNTS_MATRIX, LIBRARIES_VALIDATION, DOWNLOADDB, MAIN_MIRPLAN:MIRPLAN:FASTP, COUNTS_VALIDATION, GROUP_BY_FAMILY, DIFFEXPANALYSIS, DOWNLOADLIB, MAIN_MIRPLAN:MIRPLAN:QUANTIFICATION:COUNTS_MATRIX
feb.-18 12:44:44.840 [main] DEBUG nextflow.Session - Igniting dataflow network (17)
feb.-18 12:44:44.840 [main] DEBUG nextflow.processor.TaskProcessor - Starting process > MAIN_MIRPLAN:MIRPLAN:FASTQ_DOWNLOAD_PREFETCH_FASTERQDUMP_SRATOOLS:CUSTOM_SRATOOLSNCBISETTINGS
feb.-18 12:44:44.841 [main] DEBUG nextflow.processor.TaskProcessor - Starting process > MAIN_MIRPLAN:MIRPLAN:FASTQ_DOWNLOAD_PREFETCH_FASTERQDUMP_SRATOOLS:SRATOOLS_PREFETCH
feb.-18 12:44:44.841 [main] DEBUG nextflow.processor.TaskProcessor - Starting process > MAIN_MIRPLAN:MIRPLAN:FASTQ_DOWNLOAD_PREFETCH_FASTERQDUMP_SRATOOLS:SRATOOLS_FASTERQDUMP
feb.-18 12:44:44.841 [main] DEBUG nextflow.processor.TaskProcessor - Starting process > MAIN_MIRPLAN:MIRPLAN:FASTP
feb.-18 12:44:44.841 [main] DEBUG nextflow.processor.TaskProcessor - Starting process > MAIN_MIRPLAN:MIRPLAN:VALIDATION:LIBRARIES_VALIDATION
feb.-18 12:44:44.841 [main] DEBUG nextflow.processor.TaskProcessor - Starting process > MAIN_MIRPLAN:MIRPLAN:FILTERING_DB:BOWTIE_BUILD
feb.-18 12:44:44.842 [main] DEBUG nextflow.processor.TaskProcessor - Starting process > MAIN_MIRPLAN:MIRPLAN:FILTERING_DB:BOWTIE_ALIGN
feb.-18 12:44:44.843 [main] DEBUG nextflow.processor.TaskProcessor - Starting process > MAIN_MIRPLAN:MIRPLAN:QUANTIFICATION:COUNTS
feb.-18 12:44:44.843 [main] DEBUG nextflow.processor.TaskProcessor - Starting process > MAIN_MIRPLAN:MIRPLAN:QUANTIFICATION:COUNTS_MATRIX
feb.-18 12:44:44.847 [main] DEBUG nextflow.script.ScriptRunner - Parsed script files:
  Script_cf42a297605cde8c: /home/antonio/Escritorio/Repositorios_GitHub/miRPlan-nf/./workflows/../subworkflows/local/filtering/../../../modules/nf-core/bowtie/build/main.nf
  Script_4c6217bff5369a2d: /home/antonio/Escritorio/Repositorios_GitHub/miRPlan-nf/./workflows/../modules/nf-core/fastp/main.nf
  Script_d7bcf97ff427fd5e: /home/antonio/Escritorio/Repositorios_GitHub/miRPlan-nf/./workflows/../subworkflows/local/quantification/../../../modules/local/rpm/main.nf
  Script_215a636da7ab24a2: /home/antonio/Escritorio/Repositorios_GitHub/miRPlan-nf/./workflows/../subworkflows/local/utils_mirplan_pipeline/../../nf-core/utils_nfschema_plugin/main.nf
  Script_0f9d3da7f647f75b: /home/antonio/Escritorio/Repositorios_GitHub/miRPlan-nf/./workflows/../subworkflows/local/quantification/main.nf
  Script_559716c7522ba13e: /home/antonio/Escritorio/Repositorios_GitHub/miRPlan-nf/./workflows/mirplan.nf
  Script_6761fe886537c007: /home/antonio/Escritorio/Repositorios_GitHub/miRPlan-nf/./workflows/../subworkflows/local/qualitycontrol/main.nf
  Script_21c274abff0e4b7f: /home/antonio/Escritorio/Repositorios_GitHub/miRPlan-nf/./workflows/../subworkflows/local/quantification/../../../modules/local/counts/main.nf
  Script_999560ec5e9314a5: /home/antonio/Escritorio/Repositorios_GitHub/miRPlan-nf/./workflows/../subworkflows/local/validation/../../../modules/local/validation_counts/main.nf
  Script_8726328f3fc71fd4: /home/antonio/Escritorio/Repositorios_GitHub/miRPlan-nf/./workflows/../subworkflows/nf-core/fastq_download_prefetch_fasterqdump_sratools/../../../modules/nf-core/sratools/fasterqdump/main.nf
  Script_d81cb557d0e628b9: /home/antonio/Escritorio/Repositorios_GitHub/miRPlan-nf/main.nf
  Script_6f501b4383775778: /home/antonio/Escritorio/Repositorios_GitHub/miRPlan-nf/./workflows/../subworkflows/local/validation/../../../modules/local/validation_libraries/main.nf
  Script_c6f28715b8bdcd94: /home/antonio/Escritorio/Repositorios_GitHub/miRPlan-nf/./workflows/../subworkflows/local/validation/main.nf
  Script_0d74e5a7532c7d94: /home/antonio/Escritorio/Repositorios_GitHub/miRPlan-nf/./workflows/../subworkflows/local/annotation/main.nf
  Script_e50eda373874715d: /home/antonio/Escritorio/Repositorios_GitHub/miRPlan-nf/./workflows/../subworkflows/local/annotation/../idresolution/../../../modules/local/downloaddb/main.nf
  Script_e4913416d5c2c54a: /home/antonio/Escritorio/Repositorios_GitHub/miRPlan-nf/./workflows/../subworkflows/local/annotation/../idresolution/main.nf
  Script_b895e4e933432dd6: /home/antonio/Escritorio/Repositorios_GitHub/miRPlan-nf/./workflows/../subworkflows/nf-core/fastq_download_prefetch_fasterqdump_sratools/../../../modules/nf-core/sratools/prefetch/main.nf
  Script_4f612cfd8c52e8cd: /home/antonio/Escritorio/Repositorios_GitHub/miRPlan-nf/./workflows/../subworkflows/local/utils_mirplan_pipeline/../../nf-core/utils_nextflow_pipeline/main.nf
  Script_b650b261e94298d1: /home/antonio/Escritorio/Repositorios_GitHub/miRPlan-nf/./workflows/../modules/local/downloadlib/main.nf
  Script_e6641d7a4c36b21f: /home/antonio/Escritorio/Repositorios_GitHub/miRPlan-nf/./workflows/../subworkflows/local/results/../../../modules/local/matrix/main.nf
  Script_c12171e197bb69b2: /home/antonio/Escritorio/Repositorios_GitHub/miRPlan-nf/./workflows/../subworkflows/local/results/main.nf
  Script_df9bfaea504b4c45: /home/antonio/Escritorio/Repositorios_GitHub/miRPlan-nf/./workflows/../subworkflows/local/filtering/../../../modules/local/bowtie/align/main.nf
  Script_21aeeda0b974e8ad: /home/antonio/Escritorio/Repositorios_GitHub/miRPlan-nf/./workflows/../subworkflows/local/qualitycontrol/../../../modules/nf-core/fastqc/main.nf
  Script_13a134c588d4965b: /home/antonio/Escritorio/Repositorios_GitHub/miRPlan-nf/./workflows/../subworkflows/nf-core/fastq_download_prefetch_fasterqdump_sratools/main.nf
  Script_b8992ae6e7b3b092: /home/antonio/Escritorio/Repositorios_GitHub/miRPlan-nf/./workflows/../modules/local/diffexpanalysis/main.nf
  Script_8641debe857ff028: /home/antonio/Escritorio/Repositorios_GitHub/miRPlan-nf/./workflows/../subworkflows/local/annotation/../../../modules/local/annotation/main.nf
  Script_a3a257c06e499cfa: /home/antonio/Escritorio/Repositorios_GitHub/miRPlan-nf/./workflows/../subworkflows/local/filtering/main.nf
  Script_949d7329676a7357: /home/antonio/Escritorio/Repositorios_GitHub/miRPlan-nf/./workflows/../subworkflows/local/quantification/../../../modules/local/counts_matrix/main.nf
  Script_26e4196128081571: /home/antonio/Escritorio/Repositorios_GitHub/miRPlan-nf/./subworkflows/local/utils_mirplan_pipeline/main.nf
  Script_dc09cbfc0da10f6a: /home/antonio/Escritorio/Repositorios_GitHub/miRPlan-nf/./workflows/../subworkflows/nf-core/fastq_download_prefetch_fasterqdump_sratools/../../../modules/nf-core/custom/sratoolsncbisettings/main.nf
  Script_0f90bb5b973deb5e: /home/antonio/Escritorio/Repositorios_GitHub/miRPlan-nf/./workflows/../subworkflows/local/qualitycontrol/../../../modules/local/multiqc/main.nf
  Script_6fd6e1030ccba643: /home/antonio/Escritorio/Repositorios_GitHub/miRPlan-nf/./workflows/../subworkflows/local/annotation/../idresolution/../../../modules/local/idresolver/main.nf
  Script_956afb12963ef249: /home/antonio/Escritorio/Repositorios_GitHub/miRPlan-nf/./workflows/../subworkflows/local/annotation/../../../modules/local/grouping/main.nf
feb.-18 12:44:44.847 [main] DEBUG nextflow.script.ScriptRunner - > Awaiting termination 
feb.-18 12:44:44.847 [main] DEBUG nextflow.Session - Session await
feb.-18 12:44:44.911 [Actor Thread 22] INFO  nextflow.processor.TaskProcessor - [MAIN_MIRPLAN:MIRPLAN:FILTERING_DB:BOWTIE_BUILD] cache hash: 0ed5daaf1719a8ecce9e3504e08fed24; mode: STANDARD; entries: 
  2ad8cea781a4a45e1ba87179f2662474 [java.util.UUID] ba89cd85-143a-443f-a9d1-dcf2039040f9 
  8e3693f1d416533b30071f00a0bfe43e [java.lang.String] MAIN_MIRPLAN:MIRPLAN:FILTERING_DB:BOWTIE_BUILD 
  061bbadce78d94de9390afd4a0b68258 [java.lang.String]     def args = task.ext.args ?: ''
    def prefix = task.ext.prefix ?: "${meta.id}"
    """
    mkdir -p bowtie
    bowtie-build --threads $task.cpus $fasta bowtie/${prefix}

    cat <<-END_VERSIONS > versions.yml
    "${task.process}":
        bowtie: \$(echo \$(bowtie --version 2>&1) | sed 's/^.*bowtie-align-s version //; s/ .*\$//')
    END_VERSIONS
    """
 
  22a9e5e0e97f0475e310f04c56b1393a [java.lang.String] meta 
  0e0aef32743531f5cf1b57f965c564bf [java.util.LinkedHashMap] [id:Filtering database] 
  73a5ce311a22d83f9cdf7b743bde6695 [java.lang.String] fasta 
  01dee656b85164f8d1936f7dc5c4ae84 [nextflow.util.ArrayBag] [FileHolder(sourceObj:/home/antonio/Escritorio/Repositorios_GitHub/miRPlan-nf/data/Additional_info/01-Databases/01-RNAcentral/RNAcenral_viridiplantae_snrna_snorna_rrna_trna.fasta, storePath:/home/antonio/Escritorio/Repositorios_GitHub/miRPlan-nf/data/Additional_info/01-Databases/01-RNAcentral/RNAcenral_viridiplantae_snrna_snorna_rrna_trna.fasta, stageName:RNAcenral_viridiplantae_snrna_snorna_rrna_trna.fasta)] 
  4f9d4b0d22865056c37fb6d9c2a04a67 [java.lang.String] $ 
  16fe7483905cce7a85670e43e4678877 [java.lang.Boolean] true 
  f38e981944e372f17682bf00a33a53cc [java.util.HashMap$EntrySet] [task.ext.args=null, task.ext.prefix=null] 

feb.-18 12:44:44.993 [Actor Thread 14] INFO  nextflow.processor.TaskProcessor - [MAIN_MIRPLAN:MIRPLAN:FASTQ_DOWNLOAD_PREFETCH_FASTERQDUMP_SRATOOLS:CUSTOM_SRATOOLSNCBISETTINGS] cache hash: b5aaa09b19e1805cc8d1b7f37c12ce0d; mode: STANDARD; entries: 
  2ad8cea781a4a45e1ba87179f2662474 [java.util.UUID] ba89cd85-143a-443f-a9d1-dcf2039040f9 
  1e8858345b23cba741544ea6afad2eb8 [java.lang.String] MAIN_MIRPLAN:MIRPLAN:FASTQ_DOWNLOAD_PREFETCH_FASTERQDUMP_SRATOOLS:CUSTOM_SRATOOLSNCBISETTINGS 
  a669e24ac6fdacad6403e5851c081569 [java.lang.String] #!/usr/bin/env bash

set -u


# Get the expected NCBI settings path and define the environment variable
# `NCBI_SETTINGS`.
eval "$(vdb-config -o n NCBI_SETTINGS | sed 's/[" ]//g')"

# If the user settings do not exist yet, create a file suitable for `prefetch`
# and `fasterq-dump`. If an existing settings file does not contain the required
# values, error out with a helpful message.
if [[ ! -f "${NCBI_SETTINGS}" ]]; then
    printf '!{config}' > 'user-settings.mkfg'
else
    prefetch --help &> /dev/null
    if [[ $? = 78 ]]; then
        echo "You have an existing vdb-config at '${NCBI_SETTINGS}' but it is"\
        "missing the required entries for /LIBS/GUID and"\
        "/libs/cloud/report_instance_identity."\
        "Feel free to add the following to your settings file:" >&2
        echo "$(printf '!{config}')" >&2
        exit 1
    fi
    fasterq-dump --help &> /dev/null
    if [[ $? = 78 ]]; then
        echo "You have an existing vdb-config at '${NCBI_SETTINGS}' but it is"\
        "missing the required entries for /LIBS/GUID and"\
        "/libs/cloud/report_instance_identity."\
        "Feel free to add the following to your settings file:" >&2
        echo "$(printf '!{config}')" >&2
        exit 1
    fi
    if [[ "${NCBI_SETTINGS}" != *.mkfg ]]; then
        echo "The detected settings '${NCBI_SETTINGS}' do not have the required"\
        "file extension '.mkfg'." >&2
        exit 1
    fi
    cp "${NCBI_SETTINGS}" ./
fi

cat <<-END_VERSIONS > versions.yml
"!{task.process}":
    sratools: $(vdb-config --version 2>&1 | grep -Eo '[0-9.]+')
END_VERSIONS
 
  e3029c94620d8f7263dafbb300ffe081 [java.lang.String] ids 
  052fed959621bb836fe364e6065feac9 [nextflow.util.ArrayBag] [[id:SRR14182734, species:Glycine max, species_id:null, project:PRJNA720229, metadata:/home/antonio/Escritorio/Repositorios_GitHub/miRPlan-nf/data/Additional_info/03-Metadata/glma_m_PRJNA720229.tsv, genome:https://ftp.ncbi.nlm.nih.gov/genomes/all/GCF/000/004/515/GCF_000004515.6_Glycine_max_v4.0/GCF_000004515.6_Glycine_max_v4.0_genomic.fna.gz, single_end:true, group_id:[]], SRR14182734, [id:SRR14182735, species:Glycine max, species_id:null, project:PRJNA720229, metadata:/home/antonio/Escritorio/Repositorios_GitHub/miRPlan-nf/data/Additional_info/03-Metadata/glma_m_PRJNA720229.tsv, genome:https://ftp.ncbi.nlm.nih.gov/genomes/all/GCF/000/004/515/GCF_000004515.6_Glycine_max_v4.0/GCF_000004515.6_Glycine_max_v4.0_genomic.fna.gz, single_end:true, group_id:[]], SRR14182735, [id:SRR14182736, species:Glycine max, species_id:null, project:PRJNA720229, metadata:/home/antonio/Escritorio/Repositorios_GitHub/miRPlan-nf/data/Additional_info/03-Metadata/glma_m_PRJNA720229.tsv, genome:https://ftp.ncbi.nlm.nih.gov/genomes/all/GCF/000/004/515/GCF_000004515.6_Glycine_max_v4.0/GCF_000004515.6_Glycine_max_v4.0_genomic.fna.gz, single_end:true, group_id:[]], SRR14182736, [id:SRR14182747, species:Glycine max, species_id:null, project:PRJNA720229, metadata:/home/antonio/Escritorio/Repositorios_GitHub/miRPlan-nf/data/Additional_info/03-Metadata/glma_m_PRJNA720229.tsv, genome:https://ftp.ncbi.nlm.nih.gov/genomes/all/GCF/000/004/515/GCF_000004515.6_Glycine_max_v4.0/GCF_000004515.6_Glycine_max_v4.0_genomic.fna.gz, single_end:true, group_id:[]], SRR14182747, [id:SRR14182749, species:Glycine max, species_id:null, project:PRJNA720229, metadata:/home/antonio/Escritorio/Repositorios_GitHub/miRPlan-nf/data/Additional_info/03-Metadata/glma_m_PRJNA720229.tsv, genome:https://ftp.ncbi.nlm.nih.gov/genomes/all/GCF/000/004/515/GCF_000004515.6_Glycine_max_v4.0/GCF_000004515.6_Glycine_max_v4.0_genomic.fna.gz, single_end:true, group_id:[]], SRR14182749, [id:SRR14182750, species:Glycine max, species_id:null, project:PRJNA720229, metadata:/home/antonio/Escritorio/Repositorios_GitHub/miRPlan-nf/data/Additional_info/03-Metadata/glma_m_PRJNA720229.tsv, genome:https://ftp.ncbi.nlm.nih.gov/genomes/all/GCF/000/004/515/GCF_000004515.6_Glycine_max_v4.0/GCF_000004515.6_Glycine_max_v4.0_genomic.fna.gz, single_end:true, group_id:[]], SRR14182750, [id:ERR4078847, species:Amaranthus hypochondriacus, species_id:null, project:PRJEB38055, metadata:/home/antonio/Escritorio/Repositorios_GitHub/miRPlan-nf/data/Additional_info/03-Metadata/amhy_m_PRJEB38055.tsv, genome:https://ftp.ncbi.nlm.nih.gov/genomes/all/GCA/000/753/965/GCA_000753965.2_IBAB_Ahyp_2.0/GCA_000753965.2_IBAB_Ahyp_2.0_genomic.fna.gz, single_end:true, group_id:[]], ERR4078847, [id:ERR4078848, species:Amaranthus hypochondriacus, species_id:null, project:PRJEB38055, metadata:/home/antonio/Escritorio/Repositorios_GitHub/miRPlan-nf/data/Additional_info/03-Metadata/amhy_m_PRJEB38055.tsv, genome:https://ftp.ncbi.nlm.nih.gov/genomes/all/GCA/000/753/965/GCA_000753965.2_IBAB_Ahyp_2.0/GCA_000753965.2_IBAB_Ahyp_2.0_genomic.fna.gz, single_end:true, group_id:[]], ERR4078848, [id:ERR4078849, species:Amaranthus hypochondriacus, species_id:null, project:PRJEB38055, metadata:/home/antonio/Escritorio/Repositorios_GitHub/miRPlan-nf/data/Additional_info/03-Metadata/amhy_m_PRJEB38055.tsv, genome:https://ftp.ncbi.nlm.nih.gov/genomes/all/GCA/000/753/965/GCA_000753965.2_IBAB_Ahyp_2.0/GCA_000753965.2_IBAB_Ahyp_2.0_genomic.fna.gz, single_end:true, group_id:[]], ERR4078849, [id:ERR4078850, species:Amaranthus hypochondriacus, species_id:null, project:PRJEB38055, metadata:/home/antonio/Escritorio/Repositorios_GitHub/miRPlan-nf/data/Additional_info/03-Metadata/amhy_m_PRJEB38055.tsv, genome:https://ftp.ncbi.nlm.nih.gov/genomes/all/GCA/000/753/965/GCA_000753965.2_IBAB_Ahyp_2.0/GCA_000753965.2_IBAB_Ahyp_2.0_genomic.fna.gz, single_end:true, group_id:[]], ERR4078850, [id:ERR4078851, species:Amaranthus hypochondriacus, species_id:null, project:PRJEB38055, metadata:/home/antonio/Escritorio/Repositorios_GitHub/miRPlan-nf/data/Additional_info/03-Metadata/amhy_m_PRJEB38055.tsv, genome:https://ftp.ncbi.nlm.nih.gov/genomes/all/GCA/000/753/965/GCA_000753965.2_IBAB_Ahyp_2.0/GCA_000753965.2_IBAB_Ahyp_2.0_genomic.fna.gz, single_end:true, group_id:[]], ERR4078851, [id:ERR4078852, species:Amaranthus hypochondriacus, species_id:null, project:PRJEB38055, metadata:/home/antonio/Escritorio/Repositorios_GitHub/miRPlan-nf/data/Additional_info/03-Metadata/amhy_m_PRJEB38055.tsv, genome:https://ftp.ncbi.nlm.nih.gov/genomes/all/GCA/000/753/965/GCA_000753965.2_IBAB_Ahyp_2.0/GCA_000753965.2_IBAB_Ahyp_2.0_genomic.fna.gz, single_end:true, group_id:[]], ERR4078852, [id:ERR4078853, species:Amaranthus hypochondriacus, species_id:null, project:PRJEB38055, metadata:/home/antonio/Escritorio/Repositorios_GitHub/miRPlan-nf/data/Additional_info/03-Metadata/amhy_m_PRJEB38055.tsv, genome:https://ftp.ncbi.nlm.nih.gov/genomes/all/GCA/000/753/965/GCA_000753965.2_IBAB_Ahyp_2.0/GCA_000753965.2_IBAB_Ahyp_2.0_genomic.fna.gz, single_end:true, group_id:[]], ERR4078853, [id:ERR4078854, species:Amaranthus hypochondriacus, species_id:null, project:PRJEB38055, metadata:/home/antonio/Escritorio/Repositorios_GitHub/miRPlan-nf/data/Additional_info/03-Metadata/amhy_m_PRJEB38055.tsv, genome:https://ftp.ncbi.nlm.nih.gov/genomes/all/GCA/000/753/965/GCA_000753965.2_IBAB_Ahyp_2.0/GCA_000753965.2_IBAB_Ahyp_2.0_genomic.fna.gz, single_end:true, group_id:[]], ERR4078854, [id:ERR4078855, species:Amaranthus hypochondriacus, species_id:null, project:PRJEB38055, metadata:/home/antonio/Escritorio/Repositorios_GitHub/miRPlan-nf/data/Additional_info/03-Metadata/amhy_m_PRJEB38055.tsv, genome:https://ftp.ncbi.nlm.nih.gov/genomes/all/GCA/000/753/965/GCA_000753965.2_IBAB_Ahyp_2.0/GCA_000753965.2_IBAB_Ahyp_2.0_genomic.fna.gz, single_end:true, group_id:[]], ERR4078855, [id:ERR4078856, species:Amaranthus hypochondriacus, species_id:null, project:PRJEB38055, metadata:/home/antonio/Escritorio/Repositorios_GitHub/miRPlan-nf/data/Additional_info/03-Metadata/amhy_m_PRJEB38055.tsv, genome:https://ftp.ncbi.nlm.nih.gov/genomes/all/GCA/000/753/965/GCA_000753965.2_IBAB_Ahyp_2.0/GCA_000753965.2_IBAB_Ahyp_2.0_genomic.fna.gz, single_end:true, group_id:[]], ERR4078856, [id:ERR4078857, species:Amaranthus hypochondriacus, species_id:null, project:PRJEB38055, metadata:/home/antonio/Escritorio/Repositorios_GitHub/miRPlan-nf/data/Additional_info/03-Metadata/amhy_m_PRJEB38055.tsv, genome:https://ftp.ncbi.nlm.nih.gov/genomes/all/GCA/000/753/965/GCA_000753965.2_IBAB_Ahyp_2.0/GCA_000753965.2_IBAB_Ahyp_2.0_genomic.fna.gz, single_end:true, group_id:[]], ERR4078857, [id:ERR4078858, species:Amaranthus hypochondriacus, species_id:null, project:PRJEB38055, metadata:/home/antonio/Escritorio/Repositorios_GitHub/miRPlan-nf/data/Additional_info/03-Metadata/amhy_m_PRJEB38055.tsv, genome:https://ftp.ncbi.nlm.nih.gov/genomes/all/GCA/000/753/965/GCA_000753965.2_IBAB_Ahyp_2.0/GCA_000753965.2_IBAB_Ahyp_2.0_genomic.fna.gz, single_end:true, group_id:[]], ERR4078858] 
  4f9d4b0d22865056c37fb6d9c2a04a67 [java.lang.String] $ 
  16fe7483905cce7a85670e43e4678877 [java.lang.Boolean] true 

feb.-18 12:44:45.006 [Actor Thread 22] INFO  nextflow.processor.TaskProcessor - [21/168537] Cached process > MAIN_MIRPLAN:MIRPLAN:FILTERING_DB:BOWTIE_BUILD (Filtering database)
feb.-18 12:44:45.008 [Actor Thread 14] INFO  nextflow.processor.TaskProcessor - [90/1f0cf3] Cached process > MAIN_MIRPLAN:MIRPLAN:FASTQ_DOWNLOAD_PREFETCH_FASTERQDUMP_SRATOOLS:CUSTOM_SRATOOLSNCBISETTINGS (ncbi-settings)
feb.-18 12:44:45.026 [Actor Thread 22] DEBUG nextflow.util.ThreadPoolBuilder - Creating thread pool 'PublishDir' minSize=10; maxSize=72; workQueue=LinkedBlockingQueue[10000]; allowCoreThreadTimeout=false
feb.-18 12:44:45.092 [Actor Thread 7] INFO  nextflow.processor.TaskProcessor - [MAIN_MIRPLAN:MIRPLAN:FASTQ_DOWNLOAD_PREFETCH_FASTERQDUMP_SRATOOLS:SRATOOLS_PREFETCH (12)] cache hash: ffe40162b47019c8fe027ae7edbaa0be; mode: STANDARD; entries: 
  2ad8cea781a4a45e1ba87179f2662474 [java.util.UUID] ba89cd85-143a-443f-a9d1-dcf2039040f9 
  50c2ce995fa8b5e88c697fe3b02882d4 [java.lang.String] MAIN_MIRPLAN:MIRPLAN:FASTQ_DOWNLOAD_PREFETCH_FASTERQDUMP_SRATOOLS:SRATOOLS_PREFETCH 
  5d20796a6c4661effde497c6c639cfa7 [java.lang.String] #!/usr/bin/env bash

set -u

retry_with_backoff() {
    local max_attempts=${1}
    local delay=${2}
    local max_time=${3}
    local attempt=1
    local output=
    local status=

    # Remove the first three arguments to this function in order to access
    # the 'real' command with `${@}`.
    shift 3

    while [ ${attempt} -le ${max_attempts} ]; do
        output=$("${@}")
        status=${?}

        if [ ${status} -eq 0 ]; then
            break
        fi

        if [ ${attempt} -lt ${max_attempts} ]; then
            echo "Failed attempt ${attempt} of ${max_attempts}. Retrying in ${delay} s." >&2
            sleep ${delay}
        elif [ ${attempt} -eq ${max_attempts} ]; then
            echo "Failed after ${attempt} attempts." >&2
            return ${status}
        fi

        attempt=$(( ${attempt} + 1 ))
        delay=$(( ${delay} * 2 ))
        if [ ${delay} -ge ${max_time} ]; then
            delay=${max_time}
        fi
    done

    echo "${output}"
}

export NCBI_SETTINGS="$PWD/!{ncbi_settings}"

retry_with_backoff !{args2} \
    prefetch \
    !{args} \
    !{id}

# check file integrity using vdb-validate or (when archive contains no checksums) md5sum
vdb-validate !{id} > vdb-validate_result.txt 2>&1 || exit 1
if grep -q "checksums missing" vdb-validate_result.txt; then
    VALID_MD5SUMS=$(curl --silent --fail --location --retry 3 --retry-delay 60 'https://locate.ncbi.nlm.nih.gov/sdl/2/retrieve?filetype=run&acc=!{id}')
    LOCAL_MD5SUMS=$(md5sum !{id}/* | cut -f1 -d' ')
    if ! grep -q -F -f <(echo "$LOCAL_MD5SUMS") <(echo "$VALID_MD5SUMS"); then
        echo "MD5 sum check failed" 1>&2
        exit 1
    fi
fi

cat <<-END_VERSIONS > versions.yml
"!{task.process}":
    sratools: $(prefetch --version 2>&1 | grep -Eo '[0-9.]+')
    curl: $(curl --version | head -n 1 | sed 's/^curl //; s/ .*$//')
END_VERSIONS
 
  22a9e5e0e97f0475e310f04c56b1393a [java.lang.String] meta 
  f5dba42c4eac946018ea1df4f22f93a5 [java.util.LinkedHashMap] [id:ERR4078852, species:Amaranthus hypochondriacus, species_id:null, project:PRJEB38055, metadata:/home/antonio/Escritorio/Repositorios_GitHub/miRPlan-nf/data/Additional_info/03-Metadata/amhy_m_PRJEB38055.tsv, genome:https://ftp.ncbi.nlm.nih.gov/genomes/all/GCA/000/753/965/GCA_000753965.2_IBAB_Ahyp_2.0/GCA_000753965.2_IBAB_Ahyp_2.0_genomic.fna.gz, single_end:true, group_id:[]] 
  36df7b513010081be128d47477f0754a [java.lang.String] id 
  45b08be74a9549ea8a3deb1bc14f44a0 [java.lang.String] ERR4078852 
  67f48942945ea1621b4cdc554dccbbdc [java.lang.String] ncbi_settings 
  429eacaf9724663f61c49870037f16b3 [nextflow.util.ArrayBag] [FileHolder(sourceObj:/home/antonio/Escritorio/Repositorios_GitHub/miRPlan-nf/work/90/1f0cf3525773d6a8961dfc1ec62ed3/user-settings.mkfg, storePath:/home/antonio/Escritorio/Repositorios_GitHub/miRPlan-nf/work/90/1f0cf3525773d6a8961dfc1ec62ed3/user-settings.mkfg, stageName:user-settings.mkfg)] 
  bdd44eb374c9ffcad91555d01da9c386 [java.lang.String] certificate 
  d618a97df21bbd4bb61c79cdeca965b4 [nextflow.util.ArrayBag] [] 
  4f9d4b0d22865056c37fb6d9c2a04a67 [java.lang.String] $ 
  16fe7483905cce7a85670e43e4678877 [java.lang.Boolean] true 

feb.-18 12:44:45.092 [Actor Thread 16] INFO  nextflow.processor.TaskProcessor - [MAIN_MIRPLAN:MIRPLAN:FASTQ_DOWNLOAD_PREFETCH_FASTERQDUMP_SRATOOLS:SRATOOLS_PREFETCH (4)] cache hash: e98c617fe012ed39632c64b6bbf8c525; mode: STANDARD; entries: 
  2ad8cea781a4a45e1ba87179f2662474 [java.util.UUID] ba89cd85-143a-443f-a9d1-dcf2039040f9 
  50c2ce995fa8b5e88c697fe3b02882d4 [java.lang.String] MAIN_MIRPLAN:MIRPLAN:FASTQ_DOWNLOAD_PREFETCH_FASTERQDUMP_SRATOOLS:SRATOOLS_PREFETCH 
  5d20796a6c4661effde497c6c639cfa7 [java.lang.String] #!/usr/bin/env bash

set -u

retry_with_backoff() {
    local max_attempts=${1}
    local delay=${2}
    local max_time=${3}
    local attempt=1
    local output=
    local status=

    # Remove the first three arguments to this function in order to access
    # the 'real' command with `${@}`.
    shift 3

    while [ ${attempt} -le ${max_attempts} ]; do
        output=$("${@}")
        status=${?}

        if [ ${status} -eq 0 ]; then
            break
        fi

        if [ ${attempt} -lt ${max_attempts} ]; then
            echo "Failed attempt ${attempt} of ${max_attempts}. Retrying in ${delay} s." >&2
            sleep ${delay}
        elif [ ${attempt} -eq ${max_attempts} ]; then
            echo "Failed after ${attempt} attempts." >&2
            return ${status}
        fi

        attempt=$(( ${attempt} + 1 ))
        delay=$(( ${delay} * 2 ))
        if [ ${delay} -ge ${max_time} ]; then
            delay=${max_time}
        fi
    done

    echo "${output}"
}

export NCBI_SETTINGS="$PWD/!{ncbi_settings}"

retry_with_backoff !{args2} \
    prefetch \
    !{args} \
    !{id}

# check file integrity using vdb-validate or (when archive contains no checksums) md5sum
vdb-validate !{id} > vdb-validate_result.txt 2>&1 || exit 1
if grep -q "checksums missing" vdb-validate_result.txt; then
    VALID_MD5SUMS=$(curl --silent --fail --location --retry 3 --retry-delay 60 'https://locate.ncbi.nlm.nih.gov/sdl/2/retrieve?filetype=run&acc=!{id}')
    LOCAL_MD5SUMS=$(md5sum !{id}/* | cut -f1 -d' ')
    if ! grep -q -F -f <(echo "$LOCAL_MD5SUMS") <(echo "$VALID_MD5SUMS"); then
        echo "MD5 sum check failed" 1>&2
        exit 1
    fi
fi

cat <<-END_VERSIONS > versions.yml
"!{task.process}":
    sratools: $(prefetch --version 2>&1 | grep -Eo '[0-9.]+')
    curl: $(curl --version | head -n 1 | sed 's/^curl //; s/ .*$//')
END_VERSIONS
 
  22a9e5e0e97f0475e310f04c56b1393a [java.lang.String] meta 
  e637324f0e3d244f09509e706d526066 [java.util.LinkedHashMap] [id:SRR14182747, species:Glycine max, species_id:null, project:PRJNA720229, metadata:/home/antonio/Escritorio/Repositorios_GitHub/miRPlan-nf/data/Additional_info/03-Metadata/glma_m_PRJNA720229.tsv, genome:https://ftp.ncbi.nlm.nih.gov/genomes/all/GCF/000/004/515/GCF_000004515.6_Glycine_max_v4.0/GCF_000004515.6_Glycine_max_v4.0_genomic.fna.gz, single_end:true, group_id:[]] 
  36df7b513010081be128d47477f0754a [java.lang.String] id 
  de556b28e0b500ac04d0dbf06c5165ab [java.lang.String] SRR14182747 
  67f48942945ea1621b4cdc554dccbbdc [java.lang.String] ncbi_settings 
  429eacaf9724663f61c49870037f16b3 [nextflow.util.ArrayBag] [FileHolder(sourceObj:/home/antonio/Escritorio/Repositorios_GitHub/miRPlan-nf/work/90/1f0cf3525773d6a8961dfc1ec62ed3/user-settings.mkfg, storePath:/home/antonio/Escritorio/Repositorios_GitHub/miRPlan-nf/work/90/1f0cf3525773d6a8961dfc1ec62ed3/user-settings.mkfg, stageName:user-settings.mkfg)] 
  bdd44eb374c9ffcad91555d01da9c386 [java.lang.String] certificate 
  d618a97df21bbd4bb61c79cdeca965b4 [nextflow.util.ArrayBag] [] 
  4f9d4b0d22865056c37fb6d9c2a04a67 [java.lang.String] $ 
  16fe7483905cce7a85670e43e4678877 [java.lang.Boolean] true 

feb.-18 12:44:45.092 [Actor Thread 9] INFO  nextflow.processor.TaskProcessor - [MAIN_MIRPLAN:MIRPLAN:FASTQ_DOWNLOAD_PREFETCH_FASTERQDUMP_SRATOOLS:SRATOOLS_PREFETCH (10)] cache hash: 3099db3eb3d5c4dc9bebffa2ff254437; mode: STANDARD; entries: 
  2ad8cea781a4a45e1ba87179f2662474 [java.util.UUID] ba89cd85-143a-443f-a9d1-dcf2039040f9 
  50c2ce995fa8b5e88c697fe3b02882d4 [java.lang.String] MAIN_MIRPLAN:MIRPLAN:FASTQ_DOWNLOAD_PREFETCH_FASTERQDUMP_SRATOOLS:SRATOOLS_PREFETCH 
  5d20796a6c4661effde497c6c639cfa7 [java.lang.String] #!/usr/bin/env bash

set -u

retry_with_backoff() {
    local max_attempts=${1}
    local delay=${2}
    local max_time=${3}
    local attempt=1
    local output=
    local status=

    # Remove the first three arguments to this function in order to access
    # the 'real' command with `${@}`.
    shift 3

    while [ ${attempt} -le ${max_attempts} ]; do
        output=$("${@}")
        status=${?}

        if [ ${status} -eq 0 ]; then
            break
        fi

        if [ ${attempt} -lt ${max_attempts} ]; then
            echo "Failed attempt ${attempt} of ${max_attempts}. Retrying in ${delay} s." >&2
            sleep ${delay}
        elif [ ${attempt} -eq ${max_attempts} ]; then
            echo "Failed after ${attempt} attempts." >&2
            return ${status}
        fi

        attempt=$(( ${attempt} + 1 ))
        delay=$(( ${delay} * 2 ))
        if [ ${delay} -ge ${max_time} ]; then
            delay=${max_time}
        fi
    done

    echo "${output}"
}

export NCBI_SETTINGS="$PWD/!{ncbi_settings}"

retry_with_backoff !{args2} \
    prefetch \
    !{args} \
    !{id}

# check file integrity using vdb-validate or (when archive contains no checksums) md5sum
vdb-validate !{id} > vdb-validate_result.txt 2>&1 || exit 1
if grep -q "checksums missing" vdb-validate_result.txt; then
    VALID_MD5SUMS=$(curl --silent --fail --location --retry 3 --retry-delay 60 'https://locate.ncbi.nlm.nih.gov/sdl/2/retrieve?filetype=run&acc=!{id}')
    LOCAL_MD5SUMS=$(md5sum !{id}/* | cut -f1 -d' ')
    if ! grep -q -F -f <(echo "$LOCAL_MD5SUMS") <(echo "$VALID_MD5SUMS"); then
        echo "MD5 sum check failed" 1>&2
        exit 1
    fi
fi

cat <<-END_VERSIONS > versions.yml
"!{task.process}":
    sratools: $(prefetch --version 2>&1 | grep -Eo '[0-9.]+')
    curl: $(curl --version | head -n 1 | sed 's/^curl //; s/ .*$//')
END_VERSIONS
 
  22a9e5e0e97f0475e310f04c56b1393a [java.lang.String] meta 
  973b5250887a93a0e558f1b7129bf149 [java.util.LinkedHashMap] [id:ERR4078850, species:Amaranthus hypochondriacus, species_id:null, project:PRJEB38055, metadata:/home/antonio/Escritorio/Repositorios_GitHub/miRPlan-nf/data/Additional_info/03-Metadata/amhy_m_PRJEB38055.tsv, genome:https://ftp.ncbi.nlm.nih.gov/genomes/all/GCA/000/753/965/GCA_000753965.2_IBAB_Ahyp_2.0/GCA_000753965.2_IBAB_Ahyp_2.0_genomic.fna.gz, single_end:true, group_id:[]] 
  36df7b513010081be128d47477f0754a [java.lang.String] id 
  b093887b75c2df156e539b73260201f8 [java.lang.String] ERR4078850 
  67f48942945ea1621b4cdc554dccbbdc [java.lang.String] ncbi_settings 
  429eacaf9724663f61c49870037f16b3 [nextflow.util.ArrayBag] [FileHolder(sourceObj:/home/antonio/Escritorio/Repositorios_GitHub/miRPlan-nf/work/90/1f0cf3525773d6a8961dfc1ec62ed3/user-settings.mkfg, storePath:/home/antonio/Escritorio/Repositorios_GitHub/miRPlan-nf/work/90/1f0cf3525773d6a8961dfc1ec62ed3/user-settings.mkfg, stageName:user-settings.mkfg)] 
  bdd44eb374c9ffcad91555d01da9c386 [java.lang.String] certificate 
  d618a97df21bbd4bb61c79cdeca965b4 [nextflow.util.ArrayBag] [] 
  4f9d4b0d22865056c37fb6d9c2a04a67 [java.lang.String] $ 
  16fe7483905cce7a85670e43e4678877 [java.lang.Boolean] true 

feb.-18 12:44:45.092 [Actor Thread 23] INFO  nextflow.processor.TaskProcessor - [MAIN_MIRPLAN:MIRPLAN:FASTQ_DOWNLOAD_PREFETCH_FASTERQDUMP_SRATOOLS:SRATOOLS_PREFETCH (5)] cache hash: 31774afda731f1786e5f71634351ab0b; mode: STANDARD; entries: 
  2ad8cea781a4a45e1ba87179f2662474 [java.util.UUID] ba89cd85-143a-443f-a9d1-dcf2039040f9 
  50c2ce995fa8b5e88c697fe3b02882d4 [java.lang.String] MAIN_MIRPLAN:MIRPLAN:FASTQ_DOWNLOAD_PREFETCH_FASTERQDUMP_SRATOOLS:SRATOOLS_PREFETCH 
  5d20796a6c4661effde497c6c639cfa7 [java.lang.String] #!/usr/bin/env bash

set -u

retry_with_backoff() {
    local max_attempts=${1}
    local delay=${2}
    local max_time=${3}
    local attempt=1
    local output=
    local status=

    # Remove the first three arguments to this function in order to access
    # the 'real' command with `${@}`.
    shift 3

    while [ ${attempt} -le ${max_attempts} ]; do
        output=$("${@}")
        status=${?}

        if [ ${status} -eq 0 ]; then
            break
        fi

        if [ ${attempt} -lt ${max_attempts} ]; then
            echo "Failed attempt ${attempt} of ${max_attempts}. Retrying in ${delay} s." >&2
            sleep ${delay}
        elif [ ${attempt} -eq ${max_attempts} ]; then
            echo "Failed after ${attempt} attempts." >&2
            return ${status}
        fi

        attempt=$(( ${attempt} + 1 ))
        delay=$(( ${delay} * 2 ))
        if [ ${delay} -ge ${max_time} ]; then
            delay=${max_time}
        fi
    done

    echo "${output}"
}

export NCBI_SETTINGS="$PWD/!{ncbi_settings}"

retry_with_backoff !{args2} \
    prefetch \
    !{args} \
    !{id}

# check file integrity using vdb-validate or (when archive contains no checksums) md5sum
vdb-validate !{id} > vdb-validate_result.txt 2>&1 || exit 1
if grep -q "checksums missing" vdb-validate_result.txt; then
    VALID_MD5SUMS=$(curl --silent --fail --location --retry 3 --retry-delay 60 'https://locate.ncbi.nlm.nih.gov/sdl/2/retrieve?filetype=run&acc=!{id}')
    LOCAL_MD5SUMS=$(md5sum !{id}/* | cut -f1 -d' ')
    if ! grep -q -F -f <(echo "$LOCAL_MD5SUMS") <(echo "$VALID_MD5SUMS"); then
        echo "MD5 sum check failed" 1>&2
        exit 1
    fi
fi

cat <<-END_VERSIONS > versions.yml
"!{task.process}":
    sratools: $(prefetch --version 2>&1 | grep -Eo '[0-9.]+')
    curl: $(curl --version | head -n 1 | sed 's/^curl //; s/ .*$//')
END_VERSIONS
 
  22a9e5e0e97f0475e310f04c56b1393a [java.lang.String] meta 
  fd2909bcf6653f77230baa2c2875eb89 [java.util.LinkedHashMap] [id:SRR14182749, species:Glycine max, species_id:null, project:PRJNA720229, metadata:/home/antonio/Escritorio/Repositorios_GitHub/miRPlan-nf/data/Additional_info/03-Metadata/glma_m_PRJNA720229.tsv, genome:https://ftp.ncbi.nlm.nih.gov/genomes/all/GCF/000/004/515/GCF_000004515.6_Glycine_max_v4.0/GCF_000004515.6_Glycine_max_v4.0_genomic.fna.gz, single_end:true, group_id:[]] 
  36df7b513010081be128d47477f0754a [java.lang.String] id 
  e94a6b9d308dbe2226c0345559f04a33 [java.lang.String] SRR14182749 
  67f48942945ea1621b4cdc554dccbbdc [java.lang.String] ncbi_settings 
  429eacaf9724663f61c49870037f16b3 [nextflow.util.ArrayBag] [FileHolder(sourceObj:/home/antonio/Escritorio/Repositorios_GitHub/miRPlan-nf/work/90/1f0cf3525773d6a8961dfc1ec62ed3/user-settings.mkfg, storePath:/home/antonio/Escritorio/Repositorios_GitHub/miRPlan-nf/work/90/1f0cf3525773d6a8961dfc1ec62ed3/user-settings.mkfg, stageName:user-settings.mkfg)] 
  bdd44eb374c9ffcad91555d01da9c386 [java.lang.String] certificate 
  d618a97df21bbd4bb61c79cdeca965b4 [nextflow.util.ArrayBag] [] 
  4f9d4b0d22865056c37fb6d9c2a04a67 [java.lang.String] $ 
  16fe7483905cce7a85670e43e4678877 [java.lang.Boolean] true 

feb.-18 12:44:45.092 [Actor Thread 8] INFO  nextflow.processor.TaskProcessor - [MAIN_MIRPLAN:MIRPLAN:FASTQ_DOWNLOAD_PREFETCH_FASTERQDUMP_SRATOOLS:SRATOOLS_PREFETCH (11)] cache hash: dd1c9e2190cd2852cd4bbaafa4b3dbc4; mode: STANDARD; entries: 
  2ad8cea781a4a45e1ba87179f2662474 [java.util.UUID] ba89cd85-143a-443f-a9d1-dcf2039040f9 
  50c2ce995fa8b5e88c697fe3b02882d4 [java.lang.String] MAIN_MIRPLAN:MIRPLAN:FASTQ_DOWNLOAD_PREFETCH_FASTERQDUMP_SRATOOLS:SRATOOLS_PREFETCH 
  5d20796a6c4661effde497c6c639cfa7 [java.lang.String] #!/usr/bin/env bash

set -u

retry_with_backoff() {
    local max_attempts=${1}
    local delay=${2}
    local max_time=${3}
    local attempt=1
    local output=
    local status=

    # Remove the first three arguments to this function in order to access
    # the 'real' command with `${@}`.
    shift 3

    while [ ${attempt} -le ${max_attempts} ]; do
        output=$("${@}")
        status=${?}

        if [ ${status} -eq 0 ]; then
            break
        fi

        if [ ${attempt} -lt ${max_attempts} ]; then
            echo "Failed attempt ${attempt} of ${max_attempts}. Retrying in ${delay} s." >&2
            sleep ${delay}
        elif [ ${attempt} -eq ${max_attempts} ]; then
            echo "Failed after ${attempt} attempts." >&2
            return ${status}
        fi

        attempt=$(( ${attempt} + 1 ))
        delay=$(( ${delay} * 2 ))
        if [ ${delay} -ge ${max_time} ]; then
            delay=${max_time}
        fi
    done

    echo "${output}"
}

export NCBI_SETTINGS="$PWD/!{ncbi_settings}"

retry_with_backoff !{args2} \
    prefetch \
    !{args} \
    !{id}

# check file integrity using vdb-validate or (when archive contains no checksums) md5sum
vdb-validate !{id} > vdb-validate_result.txt 2>&1 || exit 1
if grep -q "checksums missing" vdb-validate_result.txt; then
    VALID_MD5SUMS=$(curl --silent --fail --location --retry 3 --retry-delay 60 'https://locate.ncbi.nlm.nih.gov/sdl/2/retrieve?filetype=run&acc=!{id}')
    LOCAL_MD5SUMS=$(md5sum !{id}/* | cut -f1 -d' ')
    if ! grep -q -F -f <(echo "$LOCAL_MD5SUMS") <(echo "$VALID_MD5SUMS"); then
        echo "MD5 sum check failed" 1>&2
        exit 1
    fi
fi

cat <<-END_VERSIONS > versions.yml
"!{task.process}":
    sratools: $(prefetch --version 2>&1 | grep -Eo '[0-9.]+')
    curl: $(curl --version | head -n 1 | sed 's/^curl //; s/ .*$//')
END_VERSIONS
 
  22a9e5e0e97f0475e310f04c56b1393a [java.lang.String] meta 
  2d074108fb7dc836ee939be4e0bc064c [java.util.LinkedHashMap] [id:ERR4078851, species:Amaranthus hypochondriacus, species_id:null, project:PRJEB38055, metadata:/home/antonio/Escritorio/Repositorios_GitHub/miRPlan-nf/data/Additional_info/03-Metadata/amhy_m_PRJEB38055.tsv, genome:https://ftp.ncbi.nlm.nih.gov/genomes/all/GCA/000/753/965/GCA_000753965.2_IBAB_Ahyp_2.0/GCA_000753965.2_IBAB_Ahyp_2.0_genomic.fna.gz, single_end:true, group_id:[]] 
  36df7b513010081be128d47477f0754a [java.lang.String] id 
  f12b9301c8b58f53777b241c5ca4de3c [java.lang.String] ERR4078851 
  67f48942945ea1621b4cdc554dccbbdc [java.lang.String] ncbi_settings 
  429eacaf9724663f61c49870037f16b3 [nextflow.util.ArrayBag] [FileHolder(sourceObj:/home/antonio/Escritorio/Repositorios_GitHub/miRPlan-nf/work/90/1f0cf3525773d6a8961dfc1ec62ed3/user-settings.mkfg, storePath:/home/antonio/Escritorio/Repositorios_GitHub/miRPlan-nf/work/90/1f0cf3525773d6a8961dfc1ec62ed3/user-settings.mkfg, stageName:user-settings.mkfg)] 
  bdd44eb374c9ffcad91555d01da9c386 [java.lang.String] certificate 
  d618a97df21bbd4bb61c79cdeca965b4 [nextflow.util.ArrayBag] [] 
  4f9d4b0d22865056c37fb6d9c2a04a67 [java.lang.String] $ 
  16fe7483905cce7a85670e43e4678877 [java.lang.Boolean] true 

feb.-18 12:44:45.092 [Actor Thread 3] INFO  nextflow.processor.TaskProcessor - [MAIN_MIRPLAN:MIRPLAN:FASTQ_DOWNLOAD_PREFETCH_FASTERQDUMP_SRATOOLS:SRATOOLS_PREFETCH (17)] cache hash: 88b01a76177f06a236d54aff78c94d3e; mode: STANDARD; entries: 
  2ad8cea781a4a45e1ba87179f2662474 [java.util.UUID] ba89cd85-143a-443f-a9d1-dcf2039040f9 
  50c2ce995fa8b5e88c697fe3b02882d4 [java.lang.String] MAIN_MIRPLAN:MIRPLAN:FASTQ_DOWNLOAD_PREFETCH_FASTERQDUMP_SRATOOLS:SRATOOLS_PREFETCH 
  5d20796a6c4661effde497c6c639cfa7 [java.lang.String] #!/usr/bin/env bash

set -u

retry_with_backoff() {
    local max_attempts=${1}
    local delay=${2}
    local max_time=${3}
    local attempt=1
    local output=
    local status=

    # Remove the first three arguments to this function in order to access
    # the 'real' command with `${@}`.
    shift 3

    while [ ${attempt} -le ${max_attempts} ]; do
        output=$("${@}")
        status=${?}

        if [ ${status} -eq 0 ]; then
            break
        fi

        if [ ${attempt} -lt ${max_attempts} ]; then
            echo "Failed attempt ${attempt} of ${max_attempts}. Retrying in ${delay} s." >&2
            sleep ${delay}
        elif [ ${attempt} -eq ${max_attempts} ]; then
            echo "Failed after ${attempt} attempts." >&2
            return ${status}
        fi

        attempt=$(( ${attempt} + 1 ))
        delay=$(( ${delay} * 2 ))
        if [ ${delay} -ge ${max_time} ]; then
            delay=${max_time}
        fi
    done

    echo "${output}"
}

export NCBI_SETTINGS="$PWD/!{ncbi_settings}"

retry_with_backoff !{args2} \
    prefetch \
    !{args} \
    !{id}

# check file integrity using vdb-validate or (when archive contains no checksums) md5sum
vdb-validate !{id} > vdb-validate_result.txt 2>&1 || exit 1
if grep -q "checksums missing" vdb-validate_result.txt; then
    VALID_MD5SUMS=$(curl --silent --fail --location --retry 3 --retry-delay 60 'https://locate.ncbi.nlm.nih.gov/sdl/2/retrieve?filetype=run&acc=!{id}')
    LOCAL_MD5SUMS=$(md5sum !{id}/* | cut -f1 -d' ')
    if ! grep -q -F -f <(echo "$LOCAL_MD5SUMS") <(echo "$VALID_MD5SUMS"); then
        echo "MD5 sum check failed" 1>&2
        exit 1
    fi
fi

cat <<-END_VERSIONS > versions.yml
"!{task.process}":
    sratools: $(prefetch --version 2>&1 | grep -Eo '[0-9.]+')
    curl: $(curl --version | head -n 1 | sed 's/^curl //; s/ .*$//')
END_VERSIONS
 
  22a9e5e0e97f0475e310f04c56b1393a [java.lang.String] meta 
  c087165f704ec8b6b5ce1c95c8ab2f7c [java.util.LinkedHashMap] [id:ERR4078857, species:Amaranthus hypochondriacus, species_id:null, project:PRJEB38055, metadata:/home/antonio/Escritorio/Repositorios_GitHub/miRPlan-nf/data/Additional_info/03-Metadata/amhy_m_PRJEB38055.tsv, genome:https://ftp.ncbi.nlm.nih.gov/genomes/all/GCA/000/753/965/GCA_000753965.2_IBAB_Ahyp_2.0/GCA_000753965.2_IBAB_Ahyp_2.0_genomic.fna.gz, single_end:true, group_id:[]] 
  36df7b513010081be128d47477f0754a [java.lang.String] id 
  29a41f7014377224f4bf96ffc9191ad8 [java.lang.String] ERR4078857 
  67f48942945ea1621b4cdc554dccbbdc [java.lang.String] ncbi_settings 
  429eacaf9724663f61c49870037f16b3 [nextflow.util.ArrayBag] [FileHolder(sourceObj:/home/antonio/Escritorio/Repositorios_GitHub/miRPlan-nf/work/90/1f0cf3525773d6a8961dfc1ec62ed3/user-settings.mkfg, storePath:/home/antonio/Escritorio/Repositorios_GitHub/miRPlan-nf/work/90/1f0cf3525773d6a8961dfc1ec62ed3/user-settings.mkfg, stageName:user-settings.mkfg)] 
  bdd44eb374c9ffcad91555d01da9c386 [java.lang.String] certificate 
  d618a97df21bbd4bb61c79cdeca965b4 [nextflow.util.ArrayBag] [] 
  4f9d4b0d22865056c37fb6d9c2a04a67 [java.lang.String] $ 
  16fe7483905cce7a85670e43e4678877 [java.lang.Boolean] true 

feb.-18 12:44:45.092 [Actor Thread 4] INFO  nextflow.processor.TaskProcessor - [MAIN_MIRPLAN:MIRPLAN:FASTQ_DOWNLOAD_PREFETCH_FASTERQDUMP_SRATOOLS:SRATOOLS_PREFETCH (16)] cache hash: 5680fa9cf0a236921bb19f481fac74d2; mode: STANDARD; entries: 
  2ad8cea781a4a45e1ba87179f2662474 [java.util.UUID] ba89cd85-143a-443f-a9d1-dcf2039040f9 
  50c2ce995fa8b5e88c697fe3b02882d4 [java.lang.String] MAIN_MIRPLAN:MIRPLAN:FASTQ_DOWNLOAD_PREFETCH_FASTERQDUMP_SRATOOLS:SRATOOLS_PREFETCH 
  5d20796a6c4661effde497c6c639cfa7 [java.lang.String] #!/usr/bin/env bash

set -u

retry_with_backoff() {
    local max_attempts=${1}
    local delay=${2}
    local max_time=${3}
    local attempt=1
    local output=
    local status=

    # Remove the first three arguments to this function in order to access
    # the 'real' command with `${@}`.
    shift 3

    while [ ${attempt} -le ${max_attempts} ]; do
        output=$("${@}")
        status=${?}

        if [ ${status} -eq 0 ]; then
            break
        fi

        if [ ${attempt} -lt ${max_attempts} ]; then
            echo "Failed attempt ${attempt} of ${max_attempts}. Retrying in ${delay} s." >&2
            sleep ${delay}
        elif [ ${attempt} -eq ${max_attempts} ]; then
            echo "Failed after ${attempt} attempts." >&2
            return ${status}
        fi

        attempt=$(( ${attempt} + 1 ))
        delay=$(( ${delay} * 2 ))
        if [ ${delay} -ge ${max_time} ]; then
            delay=${max_time}
        fi
    done

    echo "${output}"
}

export NCBI_SETTINGS="$PWD/!{ncbi_settings}"

retry_with_backoff !{args2} \
    prefetch \
    !{args} \
    !{id}

# check file integrity using vdb-validate or (when archive contains no checksums) md5sum
vdb-validate !{id} > vdb-validate_result.txt 2>&1 || exit 1
if grep -q "checksums missing" vdb-validate_result.txt; then
    VALID_MD5SUMS=$(curl --silent --fail --location --retry 3 --retry-delay 60 'https://locate.ncbi.nlm.nih.gov/sdl/2/retrieve?filetype=run&acc=!{id}')
    LOCAL_MD5SUMS=$(md5sum !{id}/* | cut -f1 -d' ')
    if ! grep -q -F -f <(echo "$LOCAL_MD5SUMS") <(echo "$VALID_MD5SUMS"); then
        echo "MD5 sum check failed" 1>&2
        exit 1
    fi
fi

cat <<-END_VERSIONS > versions.yml
"!{task.process}":
    sratools: $(prefetch --version 2>&1 | grep -Eo '[0-9.]+')
    curl: $(curl --version | head -n 1 | sed 's/^curl //; s/ .*$//')
END_VERSIONS
 
  22a9e5e0e97f0475e310f04c56b1393a [java.lang.String] meta 
  79078031bd4416ea59290dba47421cff [java.util.LinkedHashMap] [id:ERR4078856, species:Amaranthus hypochondriacus, species_id:null, project:PRJEB38055, metadata:/home/antonio/Escritorio/Repositorios_GitHub/miRPlan-nf/data/Additional_info/03-Metadata/amhy_m_PRJEB38055.tsv, genome:https://ftp.ncbi.nlm.nih.gov/genomes/all/GCA/000/753/965/GCA_000753965.2_IBAB_Ahyp_2.0/GCA_000753965.2_IBAB_Ahyp_2.0_genomic.fna.gz, single_end:true, group_id:[]] 
  36df7b513010081be128d47477f0754a [java.lang.String] id 
  c4ca1e8511929b8e6b8a47c4433ebc8b [java.lang.String] ERR4078856 
  67f48942945ea1621b4cdc554dccbbdc [java.lang.String] ncbi_settings 
  429eacaf9724663f61c49870037f16b3 [nextflow.util.ArrayBag] [FileHolder(sourceObj:/home/antonio/Escritorio/Repositorios_GitHub/miRPlan-nf/work/90/1f0cf3525773d6a8961dfc1ec62ed3/user-settings.mkfg, storePath:/home/antonio/Escritorio/Repositorios_GitHub/miRPlan-nf/work/90/1f0cf3525773d6a8961dfc1ec62ed3/user-settings.mkfg, stageName:user-settings.mkfg)] 
  bdd44eb374c9ffcad91555d01da9c386 [java.lang.String] certificate 
  d618a97df21bbd4bb61c79cdeca965b4 [nextflow.util.ArrayBag] [] 
  4f9d4b0d22865056c37fb6d9c2a04a67 [java.lang.String] $ 
  16fe7483905cce7a85670e43e4678877 [java.lang.Boolean] true 

feb.-18 12:44:45.092 [Actor Thread 24] INFO  nextflow.processor.TaskProcessor - [MAIN_MIRPLAN:MIRPLAN:FASTQ_DOWNLOAD_PREFETCH_FASTERQDUMP_SRATOOLS:SRATOOLS_PREFETCH (2)] cache hash: fa465ffcc57bcd2a8419b4bf68a433a8; mode: STANDARD; entries: 
  2ad8cea781a4a45e1ba87179f2662474 [java.util.UUID] ba89cd85-143a-443f-a9d1-dcf2039040f9 
  50c2ce995fa8b5e88c697fe3b02882d4 [java.lang.String] MAIN_MIRPLAN:MIRPLAN:FASTQ_DOWNLOAD_PREFETCH_FASTERQDUMP_SRATOOLS:SRATOOLS_PREFETCH 
  5d20796a6c4661effde497c6c639cfa7 [java.lang.String] #!/usr/bin/env bash

set -u

retry_with_backoff() {
    local max_attempts=${1}
    local delay=${2}
    local max_time=${3}
    local attempt=1
    local output=
    local status=

    # Remove the first three arguments to this function in order to access
    # the 'real' command with `${@}`.
    shift 3

    while [ ${attempt} -le ${max_attempts} ]; do
        output=$("${@}")
        status=${?}

        if [ ${status} -eq 0 ]; then
            break
        fi

        if [ ${attempt} -lt ${max_attempts} ]; then
            echo "Failed attempt ${attempt} of ${max_attempts}. Retrying in ${delay} s." >&2
            sleep ${delay}
        elif [ ${attempt} -eq ${max_attempts} ]; then
            echo "Failed after ${attempt} attempts." >&2
            return ${status}
        fi

        attempt=$(( ${attempt} + 1 ))
        delay=$(( ${delay} * 2 ))
        if [ ${delay} -ge ${max_time} ]; then
            delay=${max_time}
        fi
    done

    echo "${output}"
}

export NCBI_SETTINGS="$PWD/!{ncbi_settings}"

retry_with_backoff !{args2} \
    prefetch \
    !{args} \
    !{id}

# check file integrity using vdb-validate or (when archive contains no checksums) md5sum
vdb-validate !{id} > vdb-validate_result.txt 2>&1 || exit 1
if grep -q "checksums missing" vdb-validate_result.txt; then
    VALID_MD5SUMS=$(curl --silent --fail --location --retry 3 --retry-delay 60 'https://locate.ncbi.nlm.nih.gov/sdl/2/retrieve?filetype=run&acc=!{id}')
    LOCAL_MD5SUMS=$(md5sum !{id}/* | cut -f1 -d' ')
    if ! grep -q -F -f <(echo "$LOCAL_MD5SUMS") <(echo "$VALID_MD5SUMS"); then
        echo "MD5 sum check failed" 1>&2
        exit 1
    fi
fi

cat <<-END_VERSIONS > versions.yml
"!{task.process}":
    sratools: $(prefetch --version 2>&1 | grep -Eo '[0-9.]+')
    curl: $(curl --version | head -n 1 | sed 's/^curl //; s/ .*$//')
END_VERSIONS
 
  22a9e5e0e97f0475e310f04c56b1393a [java.lang.String] meta 
  98aa17f632daedacca815ca8f1f12a2e [java.util.LinkedHashMap] [id:SRR14182735, species:Glycine max, species_id:null, project:PRJNA720229, metadata:/home/antonio/Escritorio/Repositorios_GitHub/miRPlan-nf/data/Additional_info/03-Metadata/glma_m_PRJNA720229.tsv, genome:https://ftp.ncbi.nlm.nih.gov/genomes/all/GCF/000/004/515/GCF_000004515.6_Glycine_max_v4.0/GCF_000004515.6_Glycine_max_v4.0_genomic.fna.gz, single_end:true, group_id:[]] 
  36df7b513010081be128d47477f0754a [java.lang.String] id 
  88f66340a3f632523f83bdee96f36438 [java.lang.String] SRR14182735 
  67f48942945ea1621b4cdc554dccbbdc [java.lang.String] ncbi_settings 
  429eacaf9724663f61c49870037f16b3 [nextflow.util.ArrayBag] [FileHolder(sourceObj:/home/antonio/Escritorio/Repositorios_GitHub/miRPlan-nf/work/90/1f0cf3525773d6a8961dfc1ec62ed3/user-settings.mkfg, storePath:/home/antonio/Escritorio/Repositorios_GitHub/miRPlan-nf/work/90/1f0cf3525773d6a8961dfc1ec62ed3/user-settings.mkfg, stageName:user-settings.mkfg)] 
  bdd44eb374c9ffcad91555d01da9c386 [java.lang.String] certificate 
  d618a97df21bbd4bb61c79cdeca965b4 [nextflow.util.ArrayBag] [] 
  4f9d4b0d22865056c37fb6d9c2a04a67 [java.lang.String] $ 
  16fe7483905cce7a85670e43e4678877 [java.lang.Boolean] true 

feb.-18 12:44:45.092 [Actor Thread 13] INFO  nextflow.processor.TaskProcessor - [MAIN_MIRPLAN:MIRPLAN:FASTQ_DOWNLOAD_PREFETCH_FASTERQDUMP_SRATOOLS:SRATOOLS_PREFETCH (1)] cache hash: d3a2785b3fe937f82a9a0290e0a27f81; mode: STANDARD; entries: 
  2ad8cea781a4a45e1ba87179f2662474 [java.util.UUID] ba89cd85-143a-443f-a9d1-dcf2039040f9 
  50c2ce995fa8b5e88c697fe3b02882d4 [java.lang.String] MAIN_MIRPLAN:MIRPLAN:FASTQ_DOWNLOAD_PREFETCH_FASTERQDUMP_SRATOOLS:SRATOOLS_PREFETCH 
  5d20796a6c4661effde497c6c639cfa7 [java.lang.String] #!/usr/bin/env bash

set -u

retry_with_backoff() {
    local max_attempts=${1}
    local delay=${2}
    local max_time=${3}
    local attempt=1
    local output=
    local status=

    # Remove the first three arguments to this function in order to access
    # the 'real' command with `${@}`.
    shift 3

    while [ ${attempt} -le ${max_attempts} ]; do
        output=$("${@}")
        status=${?}

        if [ ${status} -eq 0 ]; then
            break
        fi

        if [ ${attempt} -lt ${max_attempts} ]; then
            echo "Failed attempt ${attempt} of ${max_attempts}. Retrying in ${delay} s." >&2
            sleep ${delay}
        elif [ ${attempt} -eq ${max_attempts} ]; then
            echo "Failed after ${attempt} attempts." >&2
            return ${status}
        fi

        attempt=$(( ${attempt} + 1 ))
        delay=$(( ${delay} * 2 ))
        if [ ${delay} -ge ${max_time} ]; then
            delay=${max_time}
        fi
    done

    echo "${output}"
}

export NCBI_SETTINGS="$PWD/!{ncbi_settings}"

retry_with_backoff !{args2} \
    prefetch \
    !{args} \
    !{id}

# check file integrity using vdb-validate or (when archive contains no checksums) md5sum
vdb-validate !{id} > vdb-validate_result.txt 2>&1 || exit 1
if grep -q "checksums missing" vdb-validate_result.txt; then
    VALID_MD5SUMS=$(curl --silent --fail --location --retry 3 --retry-delay 60 'https://locate.ncbi.nlm.nih.gov/sdl/2/retrieve?filetype=run&acc=!{id}')
    LOCAL_MD5SUMS=$(md5sum !{id}/* | cut -f1 -d' ')
    if ! grep -q -F -f <(echo "$LOCAL_MD5SUMS") <(echo "$VALID_MD5SUMS"); then
        echo "MD5 sum check failed" 1>&2
        exit 1
    fi
fi

cat <<-END_VERSIONS > versions.yml
"!{task.process}":
    sratools: $(prefetch --version 2>&1 | grep -Eo '[0-9.]+')
    curl: $(curl --version | head -n 1 | sed 's/^curl //; s/ .*$//')
END_VERSIONS
 
  22a9e5e0e97f0475e310f04c56b1393a [java.lang.String] meta 
  662e8a4dee5e5f76b6ebbb33f10860ec [java.util.LinkedHashMap] [id:SRR14182734, species:Glycine max, species_id:null, project:PRJNA720229, metadata:/home/antonio/Escritorio/Repositorios_GitHub/miRPlan-nf/data/Additional_info/03-Metadata/glma_m_PRJNA720229.tsv, genome:https://ftp.ncbi.nlm.nih.gov/genomes/all/GCF/000/004/515/GCF_000004515.6_Glycine_max_v4.0/GCF_000004515.6_Glycine_max_v4.0_genomic.fna.gz, single_end:true, group_id:[]] 
  36df7b513010081be128d47477f0754a [java.lang.String] id 
  a18c9c33ff552efc4203b940b1f55cbe [java.lang.String] SRR14182734 
  67f48942945ea1621b4cdc554dccbbdc [java.lang.String] ncbi_settings 
  429eacaf9724663f61c49870037f16b3 [nextflow.util.ArrayBag] [FileHolder(sourceObj:/home/antonio/Escritorio/Repositorios_GitHub/miRPlan-nf/work/90/1f0cf3525773d6a8961dfc1ec62ed3/user-settings.mkfg, storePath:/home/antonio/Escritorio/Repositorios_GitHub/miRPlan-nf/work/90/1f0cf3525773d6a8961dfc1ec62ed3/user-settings.mkfg, stageName:user-settings.mkfg)] 
  bdd44eb374c9ffcad91555d01da9c386 [java.lang.String] certificate 
  d618a97df21bbd4bb61c79cdeca965b4 [nextflow.util.ArrayBag] [] 
  4f9d4b0d22865056c37fb6d9c2a04a67 [java.lang.String] $ 
  16fe7483905cce7a85670e43e4678877 [java.lang.Boolean] true 

feb.-18 12:44:45.093 [Actor Thread 6] INFO  nextflow.processor.TaskProcessor - [MAIN_MIRPLAN:MIRPLAN:FASTQ_DOWNLOAD_PREFETCH_FASTERQDUMP_SRATOOLS:SRATOOLS_PREFETCH (14)] cache hash: fa4c0b7d48e4cbc91acabd519c085b94; mode: STANDARD; entries: 
  2ad8cea781a4a45e1ba87179f2662474 [java.util.UUID] ba89cd85-143a-443f-a9d1-dcf2039040f9 
  50c2ce995fa8b5e88c697fe3b02882d4 [java.lang.String] MAIN_MIRPLAN:MIRPLAN:FASTQ_DOWNLOAD_PREFETCH_FASTERQDUMP_SRATOOLS:SRATOOLS_PREFETCH 
  5d20796a6c4661effde497c6c639cfa7 [java.lang.String] #!/usr/bin/env bash

set -u

retry_with_backoff() {
    local max_attempts=${1}
    local delay=${2}
    local max_time=${3}
    local attempt=1
    local output=
    local status=

    # Remove the first three arguments to this function in order to access
    # the 'real' command with `${@}`.
    shift 3

    while [ ${attempt} -le ${max_attempts} ]; do
        output=$("${@}")
        status=${?}

        if [ ${status} -eq 0 ]; then
            break
        fi

        if [ ${attempt} -lt ${max_attempts} ]; then
            echo "Failed attempt ${attempt} of ${max_attempts}. Retrying in ${delay} s." >&2
            sleep ${delay}
        elif [ ${attempt} -eq ${max_attempts} ]; then
            echo "Failed after ${attempt} attempts." >&2
            return ${status}
        fi

        attempt=$(( ${attempt} + 1 ))
        delay=$(( ${delay} * 2 ))
        if [ ${delay} -ge ${max_time} ]; then
            delay=${max_time}
        fi
    done

    echo "${output}"
}

export NCBI_SETTINGS="$PWD/!{ncbi_settings}"

retry_with_backoff !{args2} \
    prefetch \
    !{args} \
    !{id}

# check file integrity using vdb-validate or (when archive contains no checksums) md5sum
vdb-validate !{id} > vdb-validate_result.txt 2>&1 || exit 1
if grep -q "checksums missing" vdb-validate_result.txt; then
    VALID_MD5SUMS=$(curl --silent --fail --location --retry 3 --retry-delay 60 'https://locate.ncbi.nlm.nih.gov/sdl/2/retrieve?filetype=run&acc=!{id}')
    LOCAL_MD5SUMS=$(md5sum !{id}/* | cut -f1 -d' ')
    if ! grep -q -F -f <(echo "$LOCAL_MD5SUMS") <(echo "$VALID_MD5SUMS"); then
        echo "MD5 sum check failed" 1>&2
        exit 1
    fi
fi

cat <<-END_VERSIONS > versions.yml
"!{task.process}":
    sratools: $(prefetch --version 2>&1 | grep -Eo '[0-9.]+')
    curl: $(curl --version | head -n 1 | sed 's/^curl //; s/ .*$//')
END_VERSIONS
 
  22a9e5e0e97f0475e310f04c56b1393a [java.lang.String] meta 
  e47beb886a953fa143c7ac7a5f86a382 [java.util.LinkedHashMap] [id:ERR4078854, species:Amaranthus hypochondriacus, species_id:null, project:PRJEB38055, metadata:/home/antonio/Escritorio/Repositorios_GitHub/miRPlan-nf/data/Additional_info/03-Metadata/amhy_m_PRJEB38055.tsv, genome:https://ftp.ncbi.nlm.nih.gov/genomes/all/GCA/000/753/965/GCA_000753965.2_IBAB_Ahyp_2.0/GCA_000753965.2_IBAB_Ahyp_2.0_genomic.fna.gz, single_end:true, group_id:[]] 
  36df7b513010081be128d47477f0754a [java.lang.String] id 
  c8f8f3d051868ceab68dd5ec79ab5f90 [java.lang.String] ERR4078854 
  67f48942945ea1621b4cdc554dccbbdc [java.lang.String] ncbi_settings 
  429eacaf9724663f61c49870037f16b3 [nextflow.util.ArrayBag] [FileHolder(sourceObj:/home/antonio/Escritorio/Repositorios_GitHub/miRPlan-nf/work/90/1f0cf3525773d6a8961dfc1ec62ed3/user-settings.mkfg, storePath:/home/antonio/Escritorio/Repositorios_GitHub/miRPlan-nf/work/90/1f0cf3525773d6a8961dfc1ec62ed3/user-settings.mkfg, stageName:user-settings.mkfg)] 
  bdd44eb374c9ffcad91555d01da9c386 [java.lang.String] certificate 
  d618a97df21bbd4bb61c79cdeca965b4 [nextflow.util.ArrayBag] [] 
  4f9d4b0d22865056c37fb6d9c2a04a67 [java.lang.String] $ 
  16fe7483905cce7a85670e43e4678877 [java.lang.Boolean] true 

feb.-18 12:44:45.093 [Actor Thread 5] INFO  nextflow.processor.TaskProcessor - [MAIN_MIRPLAN:MIRPLAN:FASTQ_DOWNLOAD_PREFETCH_FASTERQDUMP_SRATOOLS:SRATOOLS_PREFETCH (15)] cache hash: cd7377d192aa9cce0aaddd0339474e78; mode: STANDARD; entries: 
  2ad8cea781a4a45e1ba87179f2662474 [java.util.UUID] ba89cd85-143a-443f-a9d1-dcf2039040f9 
  50c2ce995fa8b5e88c697fe3b02882d4 [java.lang.String] MAIN_MIRPLAN:MIRPLAN:FASTQ_DOWNLOAD_PREFETCH_FASTERQDUMP_SRATOOLS:SRATOOLS_PREFETCH 
  5d20796a6c4661effde497c6c639cfa7 [java.lang.String] #!/usr/bin/env bash

set -u

retry_with_backoff() {
    local max_attempts=${1}
    local delay=${2}
    local max_time=${3}
    local attempt=1
    local output=
    local status=

    # Remove the first three arguments to this function in order to access
    # the 'real' command with `${@}`.
    shift 3

    while [ ${attempt} -le ${max_attempts} ]; do
        output=$("${@}")
        status=${?}

        if [ ${status} -eq 0 ]; then
            break
        fi

        if [ ${attempt} -lt ${max_attempts} ]; then
            echo "Failed attempt ${attempt} of ${max_attempts}. Retrying in ${delay} s." >&2
            sleep ${delay}
        elif [ ${attempt} -eq ${max_attempts} ]; then
            echo "Failed after ${attempt} attempts." >&2
            return ${status}
        fi

        attempt=$(( ${attempt} + 1 ))
        delay=$(( ${delay} * 2 ))
        if [ ${delay} -ge ${max_time} ]; then
            delay=${max_time}
        fi
    done

    echo "${output}"
}

export NCBI_SETTINGS="$PWD/!{ncbi_settings}"

retry_with_backoff !{args2} \
    prefetch \
    !{args} \
    !{id}

# check file integrity using vdb-validate or (when archive contains no checksums) md5sum
vdb-validate !{id} > vdb-validate_result.txt 2>&1 || exit 1
if grep -q "checksums missing" vdb-validate_result.txt; then
    VALID_MD5SUMS=$(curl --silent --fail --location --retry 3 --retry-delay 60 'https://locate.ncbi.nlm.nih.gov/sdl/2/retrieve?filetype=run&acc=!{id}')
    LOCAL_MD5SUMS=$(md5sum !{id}/* | cut -f1 -d' ')
    if ! grep -q -F -f <(echo "$LOCAL_MD5SUMS") <(echo "$VALID_MD5SUMS"); then
        echo "MD5 sum check failed" 1>&2
        exit 1
    fi
fi

cat <<-END_VERSIONS > versions.yml
"!{task.process}":
    sratools: $(prefetch --version 2>&1 | grep -Eo '[0-9.]+')
    curl: $(curl --version | head -n 1 | sed 's/^curl //; s/ .*$//')
END_VERSIONS
 
  22a9e5e0e97f0475e310f04c56b1393a [java.lang.String] meta 
  ba7eb505105579ab2a784a4607309297 [java.util.LinkedHashMap] [id:ERR4078855, species:Amaranthus hypochondriacus, species_id:null, project:PRJEB38055, metadata:/home/antonio/Escritorio/Repositorios_GitHub/miRPlan-nf/data/Additional_info/03-Metadata/amhy_m_PRJEB38055.tsv, genome:https://ftp.ncbi.nlm.nih.gov/genomes/all/GCA/000/753/965/GCA_000753965.2_IBAB_Ahyp_2.0/GCA_000753965.2_IBAB_Ahyp_2.0_genomic.fna.gz, single_end:true, group_id:[]] 
  36df7b513010081be128d47477f0754a [java.lang.String] id 
  0aac1af042a1c1f709c23ab7c01634f8 [java.lang.String] ERR4078855 
  67f48942945ea1621b4cdc554dccbbdc [java.lang.String] ncbi_settings 
  429eacaf9724663f61c49870037f16b3 [nextflow.util.ArrayBag] [FileHolder(sourceObj:/home/antonio/Escritorio/Repositorios_GitHub/miRPlan-nf/work/90/1f0cf3525773d6a8961dfc1ec62ed3/user-settings.mkfg, storePath:/home/antonio/Escritorio/Repositorios_GitHub/miRPlan-nf/work/90/1f0cf3525773d6a8961dfc1ec62ed3/user-settings.mkfg, stageName:user-settings.mkfg)] 
  bdd44eb374c9ffcad91555d01da9c386 [java.lang.String] certificate 
  d618a97df21bbd4bb61c79cdeca965b4 [nextflow.util.ArrayBag] [] 
  4f9d4b0d22865056c37fb6d9c2a04a67 [java.lang.String] $ 
  16fe7483905cce7a85670e43e4678877 [java.lang.Boolean] true 

feb.-18 12:44:45.093 [Actor Thread 2] INFO  nextflow.processor.TaskProcessor - [MAIN_MIRPLAN:MIRPLAN:FASTQ_DOWNLOAD_PREFETCH_FASTERQDUMP_SRATOOLS:SRATOOLS_PREFETCH (18)] cache hash: b48497909a28d055f964c2fe340a3b6e; mode: STANDARD; entries: 
  2ad8cea781a4a45e1ba87179f2662474 [java.util.UUID] ba89cd85-143a-443f-a9d1-dcf2039040f9 
  50c2ce995fa8b5e88c697fe3b02882d4 [java.lang.String] MAIN_MIRPLAN:MIRPLAN:FASTQ_DOWNLOAD_PREFETCH_FASTERQDUMP_SRATOOLS:SRATOOLS_PREFETCH 
  5d20796a6c4661effde497c6c639cfa7 [java.lang.String] #!/usr/bin/env bash

set -u

retry_with_backoff() {
    local max_attempts=${1}
    local delay=${2}
    local max_time=${3}
    local attempt=1
    local output=
    local status=

    # Remove the first three arguments to this function in order to access
    # the 'real' command with `${@}`.
    shift 3

    while [ ${attempt} -le ${max_attempts} ]; do
        output=$("${@}")
        status=${?}

        if [ ${status} -eq 0 ]; then
            break
        fi

        if [ ${attempt} -lt ${max_attempts} ]; then
            echo "Failed attempt ${attempt} of ${max_attempts}. Retrying in ${delay} s." >&2
            sleep ${delay}
        elif [ ${attempt} -eq ${max_attempts} ]; then
            echo "Failed after ${attempt} attempts." >&2
            return ${status}
        fi

        attempt=$(( ${attempt} + 1 ))
        delay=$(( ${delay} * 2 ))
        if [ ${delay} -ge ${max_time} ]; then
            delay=${max_time}
        fi
    done

    echo "${output}"
}

export NCBI_SETTINGS="$PWD/!{ncbi_settings}"

retry_with_backoff !{args2} \
    prefetch \
    !{args} \
    !{id}

# check file integrity using vdb-validate or (when archive contains no checksums) md5sum
vdb-validate !{id} > vdb-validate_result.txt 2>&1 || exit 1
if grep -q "checksums missing" vdb-validate_result.txt; then
    VALID_MD5SUMS=$(curl --silent --fail --location --retry 3 --retry-delay 60 'https://locate.ncbi.nlm.nih.gov/sdl/2/retrieve?filetype=run&acc=!{id}')
    LOCAL_MD5SUMS=$(md5sum !{id}/* | cut -f1 -d' ')
    if ! grep -q -F -f <(echo "$LOCAL_MD5SUMS") <(echo "$VALID_MD5SUMS"); then
        echo "MD5 sum check failed" 1>&2
        exit 1
    fi
fi

cat <<-END_VERSIONS > versions.yml
"!{task.process}":
    sratools: $(prefetch --version 2>&1 | grep -Eo '[0-9.]+')
    curl: $(curl --version | head -n 1 | sed 's/^curl //; s/ .*$//')
END_VERSIONS
 
  22a9e5e0e97f0475e310f04c56b1393a [java.lang.String] meta 
  118bc50b49cbc2d9a035eb1e4b541fa0 [java.util.LinkedHashMap] [id:ERR4078858, species:Amaranthus hypochondriacus, species_id:null, project:PRJEB38055, metadata:/home/antonio/Escritorio/Repositorios_GitHub/miRPlan-nf/data/Additional_info/03-Metadata/amhy_m_PRJEB38055.tsv, genome:https://ftp.ncbi.nlm.nih.gov/genomes/all/GCA/000/753/965/GCA_000753965.2_IBAB_Ahyp_2.0/GCA_000753965.2_IBAB_Ahyp_2.0_genomic.fna.gz, single_end:true, group_id:[]] 
  36df7b513010081be128d47477f0754a [java.lang.String] id 
  0f5918628521ebe5a3da7e2ec39b8355 [java.lang.String] ERR4078858 
  67f48942945ea1621b4cdc554dccbbdc [java.lang.String] ncbi_settings 
  429eacaf9724663f61c49870037f16b3 [nextflow.util.ArrayBag] [FileHolder(sourceObj:/home/antonio/Escritorio/Repositorios_GitHub/miRPlan-nf/work/90/1f0cf3525773d6a8961dfc1ec62ed3/user-settings.mkfg, storePath:/home/antonio/Escritorio/Repositorios_GitHub/miRPlan-nf/work/90/1f0cf3525773d6a8961dfc1ec62ed3/user-settings.mkfg, stageName:user-settings.mkfg)] 
  bdd44eb374c9ffcad91555d01da9c386 [java.lang.String] certificate 
  d618a97df21bbd4bb61c79cdeca965b4 [nextflow.util.ArrayBag] [] 
  4f9d4b0d22865056c37fb6d9c2a04a67 [java.lang.String] $ 
  16fe7483905cce7a85670e43e4678877 [java.lang.Boolean] true 

feb.-18 12:44:45.093 [Actor Thread 14] INFO  nextflow.processor.TaskProcessor - [MAIN_MIRPLAN:MIRPLAN:FASTQ_DOWNLOAD_PREFETCH_FASTERQDUMP_SRATOOLS:SRATOOLS_PREFETCH (9)] cache hash: 26497d06c380c25867ef685261e4019e; mode: STANDARD; entries: 
  2ad8cea781a4a45e1ba87179f2662474 [java.util.UUID] ba89cd85-143a-443f-a9d1-dcf2039040f9 
  50c2ce995fa8b5e88c697fe3b02882d4 [java.lang.String] MAIN_MIRPLAN:MIRPLAN:FASTQ_DOWNLOAD_PREFETCH_FASTERQDUMP_SRATOOLS:SRATOOLS_PREFETCH 
  5d20796a6c4661effde497c6c639cfa7 [java.lang.String] #!/usr/bin/env bash

set -u

retry_with_backoff() {
    local max_attempts=${1}
    local delay=${2}
    local max_time=${3}
    local attempt=1
    local output=
    local status=

    # Remove the first three arguments to this function in order to access
    # the 'real' command with `${@}`.
    shift 3

    while [ ${attempt} -le ${max_attempts} ]; do
        output=$("${@}")
        status=${?}

        if [ ${status} -eq 0 ]; then
            break
        fi

        if [ ${attempt} -lt ${max_attempts} ]; then
            echo "Failed attempt ${attempt} of ${max_attempts}. Retrying in ${delay} s." >&2
            sleep ${delay}
        elif [ ${attempt} -eq ${max_attempts} ]; then
            echo "Failed after ${attempt} attempts." >&2
            return ${status}
        fi

        attempt=$(( ${attempt} + 1 ))
        delay=$(( ${delay} * 2 ))
        if [ ${delay} -ge ${max_time} ]; then
            delay=${max_time}
        fi
    done

    echo "${output}"
}

export NCBI_SETTINGS="$PWD/!{ncbi_settings}"

retry_with_backoff !{args2} \
    prefetch \
    !{args} \
    !{id}

# check file integrity using vdb-validate or (when archive contains no checksums) md5sum
vdb-validate !{id} > vdb-validate_result.txt 2>&1 || exit 1
if grep -q "checksums missing" vdb-validate_result.txt; then
    VALID_MD5SUMS=$(curl --silent --fail --location --retry 3 --retry-delay 60 'https://locate.ncbi.nlm.nih.gov/sdl/2/retrieve?filetype=run&acc=!{id}')
    LOCAL_MD5SUMS=$(md5sum !{id}/* | cut -f1 -d' ')
    if ! grep -q -F -f <(echo "$LOCAL_MD5SUMS") <(echo "$VALID_MD5SUMS"); then
        echo "MD5 sum check failed" 1>&2
        exit 1
    fi
fi

cat <<-END_VERSIONS > versions.yml
"!{task.process}":
    sratools: $(prefetch --version 2>&1 | grep -Eo '[0-9.]+')
    curl: $(curl --version | head -n 1 | sed 's/^curl //; s/ .*$//')
END_VERSIONS
 
  22a9e5e0e97f0475e310f04c56b1393a [java.lang.String] meta 
  8475eb5290600a6b955eed76c872feaf [java.util.LinkedHashMap] [id:ERR4078849, species:Amaranthus hypochondriacus, species_id:null, project:PRJEB38055, metadata:/home/antonio/Escritorio/Repositorios_GitHub/miRPlan-nf/data/Additional_info/03-Metadata/amhy_m_PRJEB38055.tsv, genome:https://ftp.ncbi.nlm.nih.gov/genomes/all/GCA/000/753/965/GCA_000753965.2_IBAB_Ahyp_2.0/GCA_000753965.2_IBAB_Ahyp_2.0_genomic.fna.gz, single_end:true, group_id:[]] 
  36df7b513010081be128d47477f0754a [java.lang.String] id 
  13e6fe4000f61fb4984f5e1e001ba5e2 [java.lang.String] ERR4078849 
  67f48942945ea1621b4cdc554dccbbdc [java.lang.String] ncbi_settings 
  429eacaf9724663f61c49870037f16b3 [nextflow.util.ArrayBag] [FileHolder(sourceObj:/home/antonio/Escritorio/Repositorios_GitHub/miRPlan-nf/work/90/1f0cf3525773d6a8961dfc1ec62ed3/user-settings.mkfg, storePath:/home/antonio/Escritorio/Repositorios_GitHub/miRPlan-nf/work/90/1f0cf3525773d6a8961dfc1ec62ed3/user-settings.mkfg, stageName:user-settings.mkfg)] 
  bdd44eb374c9ffcad91555d01da9c386 [java.lang.String] certificate 
  d618a97df21bbd4bb61c79cdeca965b4 [nextflow.util.ArrayBag] [] 
  4f9d4b0d22865056c37fb6d9c2a04a67 [java.lang.String] $ 
  16fe7483905cce7a85670e43e4678877 [java.lang.Boolean] true 

feb.-18 12:44:45.093 [Actor Thread 17] INFO  nextflow.processor.TaskProcessor - [MAIN_MIRPLAN:MIRPLAN:FASTQ_DOWNLOAD_PREFETCH_FASTERQDUMP_SRATOOLS:SRATOOLS_PREFETCH (6)] cache hash: 9372588cebd5699b41c27dd12f95a4db; mode: STANDARD; entries: 
  2ad8cea781a4a45e1ba87179f2662474 [java.util.UUID] ba89cd85-143a-443f-a9d1-dcf2039040f9 
  50c2ce995fa8b5e88c697fe3b02882d4 [java.lang.String] MAIN_MIRPLAN:MIRPLAN:FASTQ_DOWNLOAD_PREFETCH_FASTERQDUMP_SRATOOLS:SRATOOLS_PREFETCH 
  5d20796a6c4661effde497c6c639cfa7 [java.lang.String] #!/usr/bin/env bash

set -u

retry_with_backoff() {
    local max_attempts=${1}
    local delay=${2}
    local max_time=${3}
    local attempt=1
    local output=
    local status=

    # Remove the first three arguments to this function in order to access
    # the 'real' command with `${@}`.
    shift 3

    while [ ${attempt} -le ${max_attempts} ]; do
        output=$("${@}")
        status=${?}

        if [ ${status} -eq 0 ]; then
            break
        fi

        if [ ${attempt} -lt ${max_attempts} ]; then
            echo "Failed attempt ${attempt} of ${max_attempts}. Retrying in ${delay} s." >&2
            sleep ${delay}
        elif [ ${attempt} -eq ${max_attempts} ]; then
            echo "Failed after ${attempt} attempts." >&2
            return ${status}
        fi

        attempt=$(( ${attempt} + 1 ))
        delay=$(( ${delay} * 2 ))
        if [ ${delay} -ge ${max_time} ]; then
            delay=${max_time}
        fi
    done

    echo "${output}"
}

export NCBI_SETTINGS="$PWD/!{ncbi_settings}"

retry_with_backoff !{args2} \
    prefetch \
    !{args} \
    !{id}

# check file integrity using vdb-validate or (when archive contains no checksums) md5sum
vdb-validate !{id} > vdb-validate_result.txt 2>&1 || exit 1
if grep -q "checksums missing" vdb-validate_result.txt; then
    VALID_MD5SUMS=$(curl --silent --fail --location --retry 3 --retry-delay 60 'https://locate.ncbi.nlm.nih.gov/sdl/2/retrieve?filetype=run&acc=!{id}')
    LOCAL_MD5SUMS=$(md5sum !{id}/* | cut -f1 -d' ')
    if ! grep -q -F -f <(echo "$LOCAL_MD5SUMS") <(echo "$VALID_MD5SUMS"); then
        echo "MD5 sum check failed" 1>&2
        exit 1
    fi
fi

cat <<-END_VERSIONS > versions.yml
"!{task.process}":
    sratools: $(prefetch --version 2>&1 | grep -Eo '[0-9.]+')
    curl: $(curl --version | head -n 1 | sed 's/^curl //; s/ .*$//')
END_VERSIONS
 
  22a9e5e0e97f0475e310f04c56b1393a [java.lang.String] meta 
  fbe557e71c951fbac01180b0b4d57f19 [java.util.LinkedHashMap] [id:SRR14182750, species:Glycine max, species_id:null, project:PRJNA720229, metadata:/home/antonio/Escritorio/Repositorios_GitHub/miRPlan-nf/data/Additional_info/03-Metadata/glma_m_PRJNA720229.tsv, genome:https://ftp.ncbi.nlm.nih.gov/genomes/all/GCF/000/004/515/GCF_000004515.6_Glycine_max_v4.0/GCF_000004515.6_Glycine_max_v4.0_genomic.fna.gz, single_end:true, group_id:[]] 
  36df7b513010081be128d47477f0754a [java.lang.String] id 
  301ef96c2490635920ed68d7cb59406b [java.lang.String] SRR14182750 
  67f48942945ea1621b4cdc554dccbbdc [java.lang.String] ncbi_settings 
  429eacaf9724663f61c49870037f16b3 [nextflow.util.ArrayBag] [FileHolder(sourceObj:/home/antonio/Escritorio/Repositorios_GitHub/miRPlan-nf/work/90/1f0cf3525773d6a8961dfc1ec62ed3/user-settings.mkfg, storePath:/home/antonio/Escritorio/Repositorios_GitHub/miRPlan-nf/work/90/1f0cf3525773d6a8961dfc1ec62ed3/user-settings.mkfg, stageName:user-settings.mkfg)] 
  bdd44eb374c9ffcad91555d01da9c386 [java.lang.String] certificate 
  d618a97df21bbd4bb61c79cdeca965b4 [nextflow.util.ArrayBag] [] 
  4f9d4b0d22865056c37fb6d9c2a04a67 [java.lang.String] $ 
  16fe7483905cce7a85670e43e4678877 [java.lang.Boolean] true 

feb.-18 12:44:45.093 [Actor Thread 12] INFO  nextflow.processor.TaskProcessor - [MAIN_MIRPLAN:MIRPLAN:FASTQ_DOWNLOAD_PREFETCH_FASTERQDUMP_SRATOOLS:SRATOOLS_PREFETCH (7)] cache hash: 92c34d1f69c6a8c28d159a7736b639e0; mode: STANDARD; entries: 
  2ad8cea781a4a45e1ba87179f2662474 [java.util.UUID] ba89cd85-143a-443f-a9d1-dcf2039040f9 
  50c2ce995fa8b5e88c697fe3b02882d4 [java.lang.String] MAIN_MIRPLAN:MIRPLAN:FASTQ_DOWNLOAD_PREFETCH_FASTERQDUMP_SRATOOLS:SRATOOLS_PREFETCH 
  5d20796a6c4661effde497c6c639cfa7 [java.lang.String] #!/usr/bin/env bash

set -u

retry_with_backoff() {
    local max_attempts=${1}
    local delay=${2}
    local max_time=${3}
    local attempt=1
    local output=
    local status=

    # Remove the first three arguments to this function in order to access
    # the 'real' command with `${@}`.
    shift 3

    while [ ${attempt} -le ${max_attempts} ]; do
        output=$("${@}")
        status=${?}

        if [ ${status} -eq 0 ]; then
            break
        fi

        if [ ${attempt} -lt ${max_attempts} ]; then
            echo "Failed attempt ${attempt} of ${max_attempts}. Retrying in ${delay} s." >&2
            sleep ${delay}
        elif [ ${attempt} -eq ${max_attempts} ]; then
            echo "Failed after ${attempt} attempts." >&2
            return ${status}
        fi

        attempt=$(( ${attempt} + 1 ))
        delay=$(( ${delay} * 2 ))
        if [ ${delay} -ge ${max_time} ]; then
            delay=${max_time}
        fi
    done

    echo "${output}"
}

export NCBI_SETTINGS="$PWD/!{ncbi_settings}"

retry_with_backoff !{args2} \
    prefetch \
    !{args} \
    !{id}

# check file integrity using vdb-validate or (when archive contains no checksums) md5sum
vdb-validate !{id} > vdb-validate_result.txt 2>&1 || exit 1
if grep -q "checksums missing" vdb-validate_result.txt; then
    VALID_MD5SUMS=$(curl --silent --fail --location --retry 3 --retry-delay 60 'https://locate.ncbi.nlm.nih.gov/sdl/2/retrieve?filetype=run&acc=!{id}')
    LOCAL_MD5SUMS=$(md5sum !{id}/* | cut -f1 -d' ')
    if ! grep -q -F -f <(echo "$LOCAL_MD5SUMS") <(echo "$VALID_MD5SUMS"); then
        echo "MD5 sum check failed" 1>&2
        exit 1
    fi
fi

cat <<-END_VERSIONS > versions.yml
"!{task.process}":
    sratools: $(prefetch --version 2>&1 | grep -Eo '[0-9.]+')
    curl: $(curl --version | head -n 1 | sed 's/^curl //; s/ .*$//')
END_VERSIONS
 
  22a9e5e0e97f0475e310f04c56b1393a [java.lang.String] meta 
  9403b4db377f87352495104efdd27983 [java.util.LinkedHashMap] [id:ERR4078847, species:Amaranthus hypochondriacus, species_id:null, project:PRJEB38055, metadata:/home/antonio/Escritorio/Repositorios_GitHub/miRPlan-nf/data/Additional_info/03-Metadata/amhy_m_PRJEB38055.tsv, genome:https://ftp.ncbi.nlm.nih.gov/genomes/all/GCA/000/753/965/GCA_000753965.2_IBAB_Ahyp_2.0/GCA_000753965.2_IBAB_Ahyp_2.0_genomic.fna.gz, single_end:true, group_id:[]] 
  36df7b513010081be128d47477f0754a [java.lang.String] id 
  f6dcae4decfc8a7bad1fb964f92eef7a [java.lang.String] ERR4078847 
  67f48942945ea1621b4cdc554dccbbdc [java.lang.String] ncbi_settings 
  429eacaf9724663f61c49870037f16b3 [nextflow.util.ArrayBag] [FileHolder(sourceObj:/home/antonio/Escritorio/Repositorios_GitHub/miRPlan-nf/work/90/1f0cf3525773d6a8961dfc1ec62ed3/user-settings.mkfg, storePath:/home/antonio/Escritorio/Repositorios_GitHub/miRPlan-nf/work/90/1f0cf3525773d6a8961dfc1ec62ed3/user-settings.mkfg, stageName:user-settings.mkfg)] 
  bdd44eb374c9ffcad91555d01da9c386 [java.lang.String] certificate 
  d618a97df21bbd4bb61c79cdeca965b4 [nextflow.util.ArrayBag] [] 
  4f9d4b0d22865056c37fb6d9c2a04a67 [java.lang.String] $ 
  16fe7483905cce7a85670e43e4678877 [java.lang.Boolean] true 

feb.-18 12:44:45.093 [Actor Thread 25] INFO  nextflow.processor.TaskProcessor - [MAIN_MIRPLAN:MIRPLAN:FASTQ_DOWNLOAD_PREFETCH_FASTERQDUMP_SRATOOLS:SRATOOLS_PREFETCH (3)] cache hash: c915d3ee0fac0773b4c55a3bb6e3447d; mode: STANDARD; entries: 
  2ad8cea781a4a45e1ba87179f2662474 [java.util.UUID] ba89cd85-143a-443f-a9d1-dcf2039040f9 
  50c2ce995fa8b5e88c697fe3b02882d4 [java.lang.String] MAIN_MIRPLAN:MIRPLAN:FASTQ_DOWNLOAD_PREFETCH_FASTERQDUMP_SRATOOLS:SRATOOLS_PREFETCH 
  5d20796a6c4661effde497c6c639cfa7 [java.lang.String] #!/usr/bin/env bash

set -u

retry_with_backoff() {
    local max_attempts=${1}
    local delay=${2}
    local max_time=${3}
    local attempt=1
    local output=
    local status=

    # Remove the first three arguments to this function in order to access
    # the 'real' command with `${@}`.
    shift 3

    while [ ${attempt} -le ${max_attempts} ]; do
        output=$("${@}")
        status=${?}

        if [ ${status} -eq 0 ]; then
            break
        fi

        if [ ${attempt} -lt ${max_attempts} ]; then
            echo "Failed attempt ${attempt} of ${max_attempts}. Retrying in ${delay} s." >&2
            sleep ${delay}
        elif [ ${attempt} -eq ${max_attempts} ]; then
            echo "Failed after ${attempt} attempts." >&2
            return ${status}
        fi

        attempt=$(( ${attempt} + 1 ))
        delay=$(( ${delay} * 2 ))
        if [ ${delay} -ge ${max_time} ]; then
            delay=${max_time}
        fi
    done

    echo "${output}"
}

export NCBI_SETTINGS="$PWD/!{ncbi_settings}"

retry_with_backoff !{args2} \
    prefetch \
    !{args} \
    !{id}

# check file integrity using vdb-validate or (when archive contains no checksums) md5sum
vdb-validate !{id} > vdb-validate_result.txt 2>&1 || exit 1
if grep -q "checksums missing" vdb-validate_result.txt; then
    VALID_MD5SUMS=$(curl --silent --fail --location --retry 3 --retry-delay 60 'https://locate.ncbi.nlm.nih.gov/sdl/2/retrieve?filetype=run&acc=!{id}')
    LOCAL_MD5SUMS=$(md5sum !{id}/* | cut -f1 -d' ')
    if ! grep -q -F -f <(echo "$LOCAL_MD5SUMS") <(echo "$VALID_MD5SUMS"); then
        echo "MD5 sum check failed" 1>&2
        exit 1
    fi
fi

cat <<-END_VERSIONS > versions.yml
"!{task.process}":
    sratools: $(prefetch --version 2>&1 | grep -Eo '[0-9.]+')
    curl: $(curl --version | head -n 1 | sed 's/^curl //; s/ .*$//')
END_VERSIONS
 
  22a9e5e0e97f0475e310f04c56b1393a [java.lang.String] meta 
  1f88acb9dececf002bcef3c9d04a5c96 [java.util.LinkedHashMap] [id:SRR14182736, species:Glycine max, species_id:null, project:PRJNA720229, metadata:/home/antonio/Escritorio/Repositorios_GitHub/miRPlan-nf/data/Additional_info/03-Metadata/glma_m_PRJNA720229.tsv, genome:https://ftp.ncbi.nlm.nih.gov/genomes/all/GCF/000/004/515/GCF_000004515.6_Glycine_max_v4.0/GCF_000004515.6_Glycine_max_v4.0_genomic.fna.gz, single_end:true, group_id:[]] 
  36df7b513010081be128d47477f0754a [java.lang.String] id 
  288b349c1f4cf6bf701abc9f33e08f93 [java.lang.String] SRR14182736 
  67f48942945ea1621b4cdc554dccbbdc [java.lang.String] ncbi_settings 
  429eacaf9724663f61c49870037f16b3 [nextflow.util.ArrayBag] [FileHolder(sourceObj:/home/antonio/Escritorio/Repositorios_GitHub/miRPlan-nf/work/90/1f0cf3525773d6a8961dfc1ec62ed3/user-settings.mkfg, storePath:/home/antonio/Escritorio/Repositorios_GitHub/miRPlan-nf/work/90/1f0cf3525773d6a8961dfc1ec62ed3/user-settings.mkfg, stageName:user-settings.mkfg)] 
  bdd44eb374c9ffcad91555d01da9c386 [java.lang.String] certificate 
  d618a97df21bbd4bb61c79cdeca965b4 [nextflow.util.ArrayBag] [] 
  4f9d4b0d22865056c37fb6d9c2a04a67 [java.lang.String] $ 
  16fe7483905cce7a85670e43e4678877 [java.lang.Boolean] true 

feb.-18 12:44:45.093 [Actor Thread 11] INFO  nextflow.processor.TaskProcessor - [MAIN_MIRPLAN:MIRPLAN:FASTQ_DOWNLOAD_PREFETCH_FASTERQDUMP_SRATOOLS:SRATOOLS_PREFETCH (8)] cache hash: d61137688e82669d9a101c0429aacd00; mode: STANDARD; entries: 
  2ad8cea781a4a45e1ba87179f2662474 [java.util.UUID] ba89cd85-143a-443f-a9d1-dcf2039040f9 
  50c2ce995fa8b5e88c697fe3b02882d4 [java.lang.String] MAIN_MIRPLAN:MIRPLAN:FASTQ_DOWNLOAD_PREFETCH_FASTERQDUMP_SRATOOLS:SRATOOLS_PREFETCH 
  5d20796a6c4661effde497c6c639cfa7 [java.lang.String] #!/usr/bin/env bash

set -u

retry_with_backoff() {
    local max_attempts=${1}
    local delay=${2}
    local max_time=${3}
    local attempt=1
    local output=
    local status=

    # Remove the first three arguments to this function in order to access
    # the 'real' command with `${@}`.
    shift 3

    while [ ${attempt} -le ${max_attempts} ]; do
        output=$("${@}")
        status=${?}

        if [ ${status} -eq 0 ]; then
            break
        fi

        if [ ${attempt} -lt ${max_attempts} ]; then
            echo "Failed attempt ${attempt} of ${max_attempts}. Retrying in ${delay} s." >&2
            sleep ${delay}
        elif [ ${attempt} -eq ${max_attempts} ]; then
            echo "Failed after ${attempt} attempts." >&2
            return ${status}
        fi

        attempt=$(( ${attempt} + 1 ))
        delay=$(( ${delay} * 2 ))
        if [ ${delay} -ge ${max_time} ]; then
            delay=${max_time}
        fi
    done

    echo "${output}"
}

export NCBI_SETTINGS="$PWD/!{ncbi_settings}"

retry_with_backoff !{args2} \
    prefetch \
    !{args} \
    !{id}

# check file integrity using vdb-validate or (when archive contains no checksums) md5sum
vdb-validate !{id} > vdb-validate_result.txt 2>&1 || exit 1
if grep -q "checksums missing" vdb-validate_result.txt; then
    VALID_MD5SUMS=$(curl --silent --fail --location --retry 3 --retry-delay 60 'https://locate.ncbi.nlm.nih.gov/sdl/2/retrieve?filetype=run&acc=!{id}')
    LOCAL_MD5SUMS=$(md5sum !{id}/* | cut -f1 -d' ')
    if ! grep -q -F -f <(echo "$LOCAL_MD5SUMS") <(echo "$VALID_MD5SUMS"); then
        echo "MD5 sum check failed" 1>&2
        exit 1
    fi
fi

cat <<-END_VERSIONS > versions.yml
"!{task.process}":
    sratools: $(prefetch --version 2>&1 | grep -Eo '[0-9.]+')
    curl: $(curl --version | head -n 1 | sed 's/^curl //; s/ .*$//')
END_VERSIONS
 
  22a9e5e0e97f0475e310f04c56b1393a [java.lang.String] meta 
  56cffca6fe3041d4dc0431349951f49b [java.util.LinkedHashMap] [id:ERR4078848, species:Amaranthus hypochondriacus, species_id:null, project:PRJEB38055, metadata:/home/antonio/Escritorio/Repositorios_GitHub/miRPlan-nf/data/Additional_info/03-Metadata/amhy_m_PRJEB38055.tsv, genome:https://ftp.ncbi.nlm.nih.gov/genomes/all/GCA/000/753/965/GCA_000753965.2_IBAB_Ahyp_2.0/GCA_000753965.2_IBAB_Ahyp_2.0_genomic.fna.gz, single_end:true, group_id:[]] 
  36df7b513010081be128d47477f0754a [java.lang.String] id 
  b3c196ce37a80f97b7a9fe5ea3637be6 [java.lang.String] ERR4078848 
  67f48942945ea1621b4cdc554dccbbdc [java.lang.String] ncbi_settings 
  429eacaf9724663f61c49870037f16b3 [nextflow.util.ArrayBag] [FileHolder(sourceObj:/home/antonio/Escritorio/Repositorios_GitHub/miRPlan-nf/work/90/1f0cf3525773d6a8961dfc1ec62ed3/user-settings.mkfg, storePath:/home/antonio/Escritorio/Repositorios_GitHub/miRPlan-nf/work/90/1f0cf3525773d6a8961dfc1ec62ed3/user-settings.mkfg, stageName:user-settings.mkfg)] 
  bdd44eb374c9ffcad91555d01da9c386 [java.lang.String] certificate 
  d618a97df21bbd4bb61c79cdeca965b4 [nextflow.util.ArrayBag] [] 
  4f9d4b0d22865056c37fb6d9c2a04a67 [java.lang.String] $ 
  16fe7483905cce7a85670e43e4678877 [java.lang.Boolean] true 

feb.-18 12:44:45.093 [Actor Thread 20] INFO  nextflow.processor.TaskProcessor - [MAIN_MIRPLAN:MIRPLAN:FASTQ_DOWNLOAD_PREFETCH_FASTERQDUMP_SRATOOLS:SRATOOLS_PREFETCH (13)] cache hash: 3a8eb766ce2c3dfffbb387e617ebdea7; mode: STANDARD; entries: 
  2ad8cea781a4a45e1ba87179f2662474 [java.util.UUID] ba89cd85-143a-443f-a9d1-dcf2039040f9 
  50c2ce995fa8b5e88c697fe3b02882d4 [java.lang.String] MAIN_MIRPLAN:MIRPLAN:FASTQ_DOWNLOAD_PREFETCH_FASTERQDUMP_SRATOOLS:SRATOOLS_PREFETCH 
  5d20796a6c4661effde497c6c639cfa7 [java.lang.String] #!/usr/bin/env bash

set -u

retry_with_backoff() {
    local max_attempts=${1}
    local delay=${2}
    local max_time=${3}
    local attempt=1
    local output=
    local status=

    # Remove the first three arguments to this function in order to access
    # the 'real' command with `${@}`.
    shift 3

    while [ ${attempt} -le ${max_attempts} ]; do
        output=$("${@}")
        status=${?}

        if [ ${status} -eq 0 ]; then
            break
        fi

        if [ ${attempt} -lt ${max_attempts} ]; then
            echo "Failed attempt ${attempt} of ${max_attempts}. Retrying in ${delay} s." >&2
            sleep ${delay}
        elif [ ${attempt} -eq ${max_attempts} ]; then
            echo "Failed after ${attempt} attempts." >&2
            return ${status}
        fi

        attempt=$(( ${attempt} + 1 ))
        delay=$(( ${delay} * 2 ))
        if [ ${delay} -ge ${max_time} ]; then
            delay=${max_time}
        fi
    done

    echo "${output}"
}

export NCBI_SETTINGS="$PWD/!{ncbi_settings}"

retry_with_backoff !{args2} \
    prefetch \
    !{args} \
    !{id}

# check file integrity using vdb-validate or (when archive contains no checksums) md5sum
vdb-validate !{id} > vdb-validate_result.txt 2>&1 || exit 1
if grep -q "checksums missing" vdb-validate_result.txt; then
    VALID_MD5SUMS=$(curl --silent --fail --location --retry 3 --retry-delay 60 'https://locate.ncbi.nlm.nih.gov/sdl/2/retrieve?filetype=run&acc=!{id}')
    LOCAL_MD5SUMS=$(md5sum !{id}/* | cut -f1 -d' ')
    if ! grep -q -F -f <(echo "$LOCAL_MD5SUMS") <(echo "$VALID_MD5SUMS"); then
        echo "MD5 sum check failed" 1>&2
        exit 1
    fi
fi

cat <<-END_VERSIONS > versions.yml
"!{task.process}":
    sratools: $(prefetch --version 2>&1 | grep -Eo '[0-9.]+')
    curl: $(curl --version | head -n 1 | sed 's/^curl //; s/ .*$//')
END_VERSIONS
 
  22a9e5e0e97f0475e310f04c56b1393a [java.lang.String] meta 
  9adb0d9b70649233e1a77e3a3a8e5131 [java.util.LinkedHashMap] [id:ERR4078853, species:Amaranthus hypochondriacus, species_id:null, project:PRJEB38055, metadata:/home/antonio/Escritorio/Repositorios_GitHub/miRPlan-nf/data/Additional_info/03-Metadata/amhy_m_PRJEB38055.tsv, genome:https://ftp.ncbi.nlm.nih.gov/genomes/all/GCA/000/753/965/GCA_000753965.2_IBAB_Ahyp_2.0/GCA_000753965.2_IBAB_Ahyp_2.0_genomic.fna.gz, single_end:true, group_id:[]] 
  36df7b513010081be128d47477f0754a [java.lang.String] id 
  1a26aa39f5946287dbdc521edce5776e [java.lang.String] ERR4078853 
  67f48942945ea1621b4cdc554dccbbdc [java.lang.String] ncbi_settings 
  429eacaf9724663f61c49870037f16b3 [nextflow.util.ArrayBag] [FileHolder(sourceObj:/home/antonio/Escritorio/Repositorios_GitHub/miRPlan-nf/work/90/1f0cf3525773d6a8961dfc1ec62ed3/user-settings.mkfg, storePath:/home/antonio/Escritorio/Repositorios_GitHub/miRPlan-nf/work/90/1f0cf3525773d6a8961dfc1ec62ed3/user-settings.mkfg, stageName:user-settings.mkfg)] 
  bdd44eb374c9ffcad91555d01da9c386 [java.lang.String] certificate 
  d618a97df21bbd4bb61c79cdeca965b4 [nextflow.util.ArrayBag] [] 
  4f9d4b0d22865056c37fb6d9c2a04a67 [java.lang.String] $ 
  16fe7483905cce7a85670e43e4678877 [java.lang.Boolean] true 

feb.-18 12:44:45.169 [Actor Thread 25] INFO  nextflow.processor.TaskProcessor - [c6/d88499] Cached process > MAIN_MIRPLAN:MIRPLAN:FASTQ_DOWNLOAD_PREFETCH_FASTERQDUMP_SRATOOLS:SRATOOLS_PREFETCH (SRR14182736)
feb.-18 12:44:45.169 [Actor Thread 11] INFO  nextflow.processor.TaskProcessor - [9e/dd3c89] Cached process > MAIN_MIRPLAN:MIRPLAN:FASTQ_DOWNLOAD_PREFETCH_FASTERQDUMP_SRATOOLS:SRATOOLS_PREFETCH (ERR4078848)
feb.-18 12:44:45.169 [Actor Thread 7] INFO  nextflow.processor.TaskProcessor - [cb/8c1fe5] Cached process > MAIN_MIRPLAN:MIRPLAN:FASTQ_DOWNLOAD_PREFETCH_FASTERQDUMP_SRATOOLS:SRATOOLS_PREFETCH (ERR4078852)
feb.-18 12:44:45.174 [Actor Thread 10] INFO  nextflow.processor.TaskProcessor - [MAIN_MIRPLAN:MIRPLAN:FASTQ_DOWNLOAD_PREFETCH_FASTERQDUMP_SRATOOLS:SRATOOLS_FASTERQDUMP (2)] cache hash: 86d9032e4b0c0162bb17ed13fd0d6315; mode: STANDARD; entries: 
  2ad8cea781a4a45e1ba87179f2662474 [java.util.UUID] ba89cd85-143a-443f-a9d1-dcf2039040f9 
  c8a9f3faa45fb97de15b0beea23bf727 [java.lang.String] MAIN_MIRPLAN:MIRPLAN:FASTQ_DOWNLOAD_PREFETCH_FASTERQDUMP_SRATOOLS:SRATOOLS_FASTERQDUMP 
  8f540896c8c0ee2001cf1c6f161ca663 [java.lang.String]     def args = task.ext.args ?: ''
    def args2 = task.ext.args2 ?: ''
    def prefix = task.ext.prefix ?: "${meta.id}"
    def outfile = "${prefix}.fastq"
    def exclude_third = meta.single_end ? '' : "mv $outfile $prefix || echo 'No third file'"
    def key_file = ''
    if (certificate.toString().endsWith('.jwt')) {
        key_file += " --perm ${certificate}"
    } else if (certificate.toString().endsWith('.ngc')) {
        key_file += " --ngc ${certificate}"
    }
    """
    export NCBI_SETTINGS="\$PWD/${ncbi_settings}"

    fasterq-dump \\
        $args \\
        --threads $task.cpus \\
        --outfile $outfile \\
        ${key_file} \\
        ${sra}

    $exclude_third

    pigz \\
        $args2 \\
        --no-name \\
        --processes $task.cpus \\
        *.fastq

    cat <<-END_VERSIONS > versions.yml
    "${task.process}":
        sratools: \$(fasterq-dump --version 2>&1 | grep -Eo '[0-9.]+')
        pigz: \$( pigz --version 2>&1 | sed 's/pigz //g' )
    END_VERSIONS
    """
 
  22a9e5e0e97f0475e310f04c56b1393a [java.lang.String] meta 
  f5dba42c4eac946018ea1df4f22f93a5 [java.util.LinkedHashMap] [id:ERR4078852, species:Amaranthus hypochondriacus, species_id:null, project:PRJEB38055, metadata:/home/antonio/Escritorio/Repositorios_GitHub/miRPlan-nf/data/Additional_info/03-Metadata/amhy_m_PRJEB38055.tsv, genome:https://ftp.ncbi.nlm.nih.gov/genomes/all/GCA/000/753/965/GCA_000753965.2_IBAB_Ahyp_2.0/GCA_000753965.2_IBAB_Ahyp_2.0_genomic.fna.gz, single_end:true, group_id:[]] 
  82603cd2aa7d5725d2ea24f6871e784c [java.lang.String] sra 
  1ec1a98abb34c9ea16e11ea6fca29e8d [nextflow.util.ArrayBag] [FileHolder(sourceObj:/home/antonio/Escritorio/Repositorios_GitHub/miRPlan-nf/work/cb/8c1fe53b24443f7c51317b72471479/ERR4078852, storePath:/home/antonio/Escritorio/Repositorios_GitHub/miRPlan-nf/work/cb/8c1fe53b24443f7c51317b72471479/ERR4078852, stageName:ERR4078852)] 
  67f48942945ea1621b4cdc554dccbbdc [java.lang.String] ncbi_settings 
  429eacaf9724663f61c49870037f16b3 [nextflow.util.ArrayBag] [FileHolder(sourceObj:/home/antonio/Escritorio/Repositorios_GitHub/miRPlan-nf/work/90/1f0cf3525773d6a8961dfc1ec62ed3/user-settings.mkfg, storePath:/home/antonio/Escritorio/Repositorios_GitHub/miRPlan-nf/work/90/1f0cf3525773d6a8961dfc1ec62ed3/user-settings.mkfg, stageName:user-settings.mkfg)] 
  bdd44eb374c9ffcad91555d01da9c386 [java.lang.String] certificate 
  d618a97df21bbd4bb61c79cdeca965b4 [nextflow.util.ArrayBag] [] 
  4f9d4b0d22865056c37fb6d9c2a04a67 [java.lang.String] $ 
  16fe7483905cce7a85670e43e4678877 [java.lang.Boolean] true 
  cdf3f0c9ef75e43a4cd834857215b509 [java.util.HashMap$EntrySet] [task.ext.args=null, task.ext.args2=null, task.ext.prefix=null] 

feb.-18 12:44:45.175 [Actor Thread 25] INFO  nextflow.processor.TaskProcessor - [MAIN_MIRPLAN:MIRPLAN:FASTQ_DOWNLOAD_PREFETCH_FASTERQDUMP_SRATOOLS:SRATOOLS_FASTERQDUMP (1)] cache hash: 382a9de495808a760141a7ce1a13f1d1; mode: STANDARD; entries: 
  2ad8cea781a4a45e1ba87179f2662474 [java.util.UUID] ba89cd85-143a-443f-a9d1-dcf2039040f9 
  c8a9f3faa45fb97de15b0beea23bf727 [java.lang.String] MAIN_MIRPLAN:MIRPLAN:FASTQ_DOWNLOAD_PREFETCH_FASTERQDUMP_SRATOOLS:SRATOOLS_FASTERQDUMP 
  8f540896c8c0ee2001cf1c6f161ca663 [java.lang.String]     def args = task.ext.args ?: ''
    def args2 = task.ext.args2 ?: ''
    def prefix = task.ext.prefix ?: "${meta.id}"
    def outfile = "${prefix}.fastq"
    def exclude_third = meta.single_end ? '' : "mv $outfile $prefix || echo 'No third file'"
    def key_file = ''
    if (certificate.toString().endsWith('.jwt')) {
        key_file += " --perm ${certificate}"
    } else if (certificate.toString().endsWith('.ngc')) {
        key_file += " --ngc ${certificate}"
    }
    """
    export NCBI_SETTINGS="\$PWD/${ncbi_settings}"

    fasterq-dump \\
        $args \\
        --threads $task.cpus \\
        --outfile $outfile \\
        ${key_file} \\
        ${sra}

    $exclude_third

    pigz \\
        $args2 \\
        --no-name \\
        --processes $task.cpus \\
        *.fastq

    cat <<-END_VERSIONS > versions.yml
    "${task.process}":
        sratools: \$(fasterq-dump --version 2>&1 | grep -Eo '[0-9.]+')
        pigz: \$( pigz --version 2>&1 | sed 's/pigz //g' )
    END_VERSIONS
    """
 
  22a9e5e0e97f0475e310f04c56b1393a [java.lang.String] meta 
  1f88acb9dececf002bcef3c9d04a5c96 [java.util.LinkedHashMap] [id:SRR14182736, species:Glycine max, species_id:null, project:PRJNA720229, metadata:/home/antonio/Escritorio/Repositorios_GitHub/miRPlan-nf/data/Additional_info/03-Metadata/glma_m_PRJNA720229.tsv, genome:https://ftp.ncbi.nlm.nih.gov/genomes/all/GCF/000/004/515/GCF_000004515.6_Glycine_max_v4.0/GCF_000004515.6_Glycine_max_v4.0_genomic.fna.gz, single_end:true, group_id:[]] 
  82603cd2aa7d5725d2ea24f6871e784c [java.lang.String] sra 
  35e3ee31478565690ae768b892229184 [nextflow.util.ArrayBag] [FileHolder(sourceObj:/home/antonio/Escritorio/Repositorios_GitHub/miRPlan-nf/work/c6/d88499c93c26c91b6a5f6ca7579a83/SRR14182736, storePath:/home/antonio/Escritorio/Repositorios_GitHub/miRPlan-nf/work/c6/d88499c93c26c91b6a5f6ca7579a83/SRR14182736, stageName:SRR14182736)] 
  67f48942945ea1621b4cdc554dccbbdc [java.lang.String] ncbi_settings 
  429eacaf9724663f61c49870037f16b3 [nextflow.util.ArrayBag] [FileHolder(sourceObj:/home/antonio/Escritorio/Repositorios_GitHub/miRPlan-nf/work/90/1f0cf3525773d6a8961dfc1ec62ed3/user-settings.mkfg, storePath:/home/antonio/Escritorio/Repositorios_GitHub/miRPlan-nf/work/90/1f0cf3525773d6a8961dfc1ec62ed3/user-settings.mkfg, stageName:user-settings.mkfg)] 
  bdd44eb374c9ffcad91555d01da9c386 [java.lang.String] certificate 
  d618a97df21bbd4bb61c79cdeca965b4 [nextflow.util.ArrayBag] [] 
  4f9d4b0d22865056c37fb6d9c2a04a67 [java.lang.String] $ 
  16fe7483905cce7a85670e43e4678877 [java.lang.Boolean] true 
  cdf3f0c9ef75e43a4cd834857215b509 [java.util.HashMap$EntrySet] [task.ext.args=null, task.ext.args2=null, task.ext.prefix=null] 

feb.-18 12:44:45.175 [Actor Thread 11] INFO  nextflow.processor.TaskProcessor - [MAIN_MIRPLAN:MIRPLAN:FASTQ_DOWNLOAD_PREFETCH_FASTERQDUMP_SRATOOLS:SRATOOLS_FASTERQDUMP (3)] cache hash: 47ef5828d84fd4567c54d064c97c2bab; mode: STANDARD; entries: 
  2ad8cea781a4a45e1ba87179f2662474 [java.util.UUID] ba89cd85-143a-443f-a9d1-dcf2039040f9 
  c8a9f3faa45fb97de15b0beea23bf727 [java.lang.String] MAIN_MIRPLAN:MIRPLAN:FASTQ_DOWNLOAD_PREFETCH_FASTERQDUMP_SRATOOLS:SRATOOLS_FASTERQDUMP 
  8f540896c8c0ee2001cf1c6f161ca663 [java.lang.String]     def args = task.ext.args ?: ''
    def args2 = task.ext.args2 ?: ''
    def prefix = task.ext.prefix ?: "${meta.id}"
    def outfile = "${prefix}.fastq"
    def exclude_third = meta.single_end ? '' : "mv $outfile $prefix || echo 'No third file'"
    def key_file = ''
    if (certificate.toString().endsWith('.jwt')) {
        key_file += " --perm ${certificate}"
    } else if (certificate.toString().endsWith('.ngc')) {
        key_file += " --ngc ${certificate}"
    }
    """
    export NCBI_SETTINGS="\$PWD/${ncbi_settings}"

    fasterq-dump \\
        $args \\
        --threads $task.cpus \\
        --outfile $outfile \\
        ${key_file} \\
        ${sra}

    $exclude_third

    pigz \\
        $args2 \\
        --no-name \\
        --processes $task.cpus \\
        *.fastq

    cat <<-END_VERSIONS > versions.yml
    "${task.process}":
        sratools: \$(fasterq-dump --version 2>&1 | grep -Eo '[0-9.]+')
        pigz: \$( pigz --version 2>&1 | sed 's/pigz //g' )
    END_VERSIONS
    """
 
  22a9e5e0e97f0475e310f04c56b1393a [java.lang.String] meta 
  56cffca6fe3041d4dc0431349951f49b [java.util.LinkedHashMap] [id:ERR4078848, species:Amaranthus hypochondriacus, species_id:null, project:PRJEB38055, metadata:/home/antonio/Escritorio/Repositorios_GitHub/miRPlan-nf/data/Additional_info/03-Metadata/amhy_m_PRJEB38055.tsv, genome:https://ftp.ncbi.nlm.nih.gov/genomes/all/GCA/000/753/965/GCA_000753965.2_IBAB_Ahyp_2.0/GCA_000753965.2_IBAB_Ahyp_2.0_genomic.fna.gz, single_end:true, group_id:[]] 
  82603cd2aa7d5725d2ea24f6871e784c [java.lang.String] sra 
  b990bf35989ca81867633f5421352282 [nextflow.util.ArrayBag] [FileHolder(sourceObj:/home/antonio/Escritorio/Repositorios_GitHub/miRPlan-nf/work/9e/dd3c89a37f2c9dd4663056e8f03444/ERR4078848, storePath:/home/antonio/Escritorio/Repositorios_GitHub/miRPlan-nf/work/9e/dd3c89a37f2c9dd4663056e8f03444/ERR4078848, stageName:ERR4078848)] 
  67f48942945ea1621b4cdc554dccbbdc [java.lang.String] ncbi_settings 
  429eacaf9724663f61c49870037f16b3 [nextflow.util.ArrayBag] [FileHolder(sourceObj:/home/antonio/Escritorio/Repositorios_GitHub/miRPlan-nf/work/90/1f0cf3525773d6a8961dfc1ec62ed3/user-settings.mkfg, storePath:/home/antonio/Escritorio/Repositorios_GitHub/miRPlan-nf/work/90/1f0cf3525773d6a8961dfc1ec62ed3/user-settings.mkfg, stageName:user-settings.mkfg)] 
  bdd44eb374c9ffcad91555d01da9c386 [java.lang.String] certificate 
  d618a97df21bbd4bb61c79cdeca965b4 [nextflow.util.ArrayBag] [] 
  4f9d4b0d22865056c37fb6d9c2a04a67 [java.lang.String] $ 
  16fe7483905cce7a85670e43e4678877 [java.lang.Boolean] true 
  cdf3f0c9ef75e43a4cd834857215b509 [java.util.HashMap$EntrySet] [task.ext.args=null, task.ext.args2=null, task.ext.prefix=null] 

feb.-18 12:44:45.176 [Actor Thread 2] INFO  nextflow.processor.TaskProcessor - [3d/11c78f] Cached process > MAIN_MIRPLAN:MIRPLAN:FASTQ_DOWNLOAD_PREFETCH_FASTERQDUMP_SRATOOLS:SRATOOLS_PREFETCH (ERR4078858)
feb.-18 12:44:45.179 [Actor Thread 7] INFO  nextflow.processor.TaskProcessor - [MAIN_MIRPLAN:MIRPLAN:FASTQ_DOWNLOAD_PREFETCH_FASTERQDUMP_SRATOOLS:SRATOOLS_FASTERQDUMP (4)] cache hash: edc2c83a829e23ad70a14d841a3ae276; mode: STANDARD; entries: 
  2ad8cea781a4a45e1ba87179f2662474 [java.util.UUID] ba89cd85-143a-443f-a9d1-dcf2039040f9 
  c8a9f3faa45fb97de15b0beea23bf727 [java.lang.String] MAIN_MIRPLAN:MIRPLAN:FASTQ_DOWNLOAD_PREFETCH_FASTERQDUMP_SRATOOLS:SRATOOLS_FASTERQDUMP 
  8f540896c8c0ee2001cf1c6f161ca663 [java.lang.String]     def args = task.ext.args ?: ''
    def args2 = task.ext.args2 ?: ''
    def prefix = task.ext.prefix ?: "${meta.id}"
    def outfile = "${prefix}.fastq"
    def exclude_third = meta.single_end ? '' : "mv $outfile $prefix || echo 'No third file'"
    def key_file = ''
    if (certificate.toString().endsWith('.jwt')) {
        key_file += " --perm ${certificate}"
    } else if (certificate.toString().endsWith('.ngc')) {
        key_file += " --ngc ${certificate}"
    }
    """
    export NCBI_SETTINGS="\$PWD/${ncbi_settings}"

    fasterq-dump \\
        $args \\
        --threads $task.cpus \\
        --outfile $outfile \\
        ${key_file} \\
        ${sra}

    $exclude_third

    pigz \\
        $args2 \\
        --no-name \\
        --processes $task.cpus \\
        *.fastq

    cat <<-END_VERSIONS > versions.yml
    "${task.process}":
        sratools: \$(fasterq-dump --version 2>&1 | grep -Eo '[0-9.]+')
        pigz: \$( pigz --version 2>&1 | sed 's/pigz //g' )
    END_VERSIONS
    """
 
  22a9e5e0e97f0475e310f04c56b1393a [java.lang.String] meta 
  118bc50b49cbc2d9a035eb1e4b541fa0 [java.util.LinkedHashMap] [id:ERR4078858, species:Amaranthus hypochondriacus, species_id:null, project:PRJEB38055, metadata:/home/antonio/Escritorio/Repositorios_GitHub/miRPlan-nf/data/Additional_info/03-Metadata/amhy_m_PRJEB38055.tsv, genome:https://ftp.ncbi.nlm.nih.gov/genomes/all/GCA/000/753/965/GCA_000753965.2_IBAB_Ahyp_2.0/GCA_000753965.2_IBAB_Ahyp_2.0_genomic.fna.gz, single_end:true, group_id:[]] 
  82603cd2aa7d5725d2ea24f6871e784c [java.lang.String] sra 
  515e73fc6a01bfc75954df79aded3a29 [nextflow.util.ArrayBag] [FileHolder(sourceObj:/home/antonio/Escritorio/Repositorios_GitHub/miRPlan-nf/work/3d/11c78fd3f922be690229fb7f9eb01a/ERR4078858, storePath:/home/antonio/Escritorio/Repositorios_GitHub/miRPlan-nf/work/3d/11c78fd3f922be690229fb7f9eb01a/ERR4078858, stageName:ERR4078858)] 
  67f48942945ea1621b4cdc554dccbbdc [java.lang.String] ncbi_settings 
  429eacaf9724663f61c49870037f16b3 [nextflow.util.ArrayBag] [FileHolder(sourceObj:/home/antonio/Escritorio/Repositorios_GitHub/miRPlan-nf/work/90/1f0cf3525773d6a8961dfc1ec62ed3/user-settings.mkfg, storePath:/home/antonio/Escritorio/Repositorios_GitHub/miRPlan-nf/work/90/1f0cf3525773d6a8961dfc1ec62ed3/user-settings.mkfg, stageName:user-settings.mkfg)] 
  bdd44eb374c9ffcad91555d01da9c386 [java.lang.String] certificate 
  d618a97df21bbd4bb61c79cdeca965b4 [nextflow.util.ArrayBag] [] 
  4f9d4b0d22865056c37fb6d9c2a04a67 [java.lang.String] $ 
  16fe7483905cce7a85670e43e4678877 [java.lang.Boolean] true 
  cdf3f0c9ef75e43a4cd834857215b509 [java.util.HashMap$EntrySet] [task.ext.args=null, task.ext.args2=null, task.ext.prefix=null] 

feb.-18 12:44:45.196 [Actor Thread 14] INFO  nextflow.processor.TaskProcessor - [0e/322cef] Cached process > MAIN_MIRPLAN:MIRPLAN:FASTQ_DOWNLOAD_PREFETCH_FASTERQDUMP_SRATOOLS:SRATOOLS_PREFETCH (ERR4078849)
feb.-18 12:44:45.196 [Actor Thread 24] INFO  nextflow.processor.TaskProcessor - [b4/5c3137] Cached process > MAIN_MIRPLAN:MIRPLAN:FASTQ_DOWNLOAD_PREFETCH_FASTERQDUMP_SRATOOLS:SRATOOLS_PREFETCH (SRR14182735)
feb.-18 12:44:45.200 [Actor Thread 2] INFO  nextflow.processor.TaskProcessor - [MAIN_MIRPLAN:MIRPLAN:FASTQ_DOWNLOAD_PREFETCH_FASTERQDUMP_SRATOOLS:SRATOOLS_FASTERQDUMP (6)] cache hash: 38c17d5450e584ab814d9dbe54e05e75; mode: STANDARD; entries: 
  2ad8cea781a4a45e1ba87179f2662474 [java.util.UUID] ba89cd85-143a-443f-a9d1-dcf2039040f9 
  c8a9f3faa45fb97de15b0beea23bf727 [java.lang.String] MAIN_MIRPLAN:MIRPLAN:FASTQ_DOWNLOAD_PREFETCH_FASTERQDUMP_SRATOOLS:SRATOOLS_FASTERQDUMP 
  8f540896c8c0ee2001cf1c6f161ca663 [java.lang.String]     def args = task.ext.args ?: ''
    def args2 = task.ext.args2 ?: ''
    def prefix = task.ext.prefix ?: "${meta.id}"
    def outfile = "${prefix}.fastq"
    def exclude_third = meta.single_end ? '' : "mv $outfile $prefix || echo 'No third file'"
    def key_file = ''
    if (certificate.toString().endsWith('.jwt')) {
        key_file += " --perm ${certificate}"
    } else if (certificate.toString().endsWith('.ngc')) {
        key_file += " --ngc ${certificate}"
    }
    """
    export NCBI_SETTINGS="\$PWD/${ncbi_settings}"

    fasterq-dump \\
        $args \\
        --threads $task.cpus \\
        --outfile $outfile \\
        ${key_file} \\
        ${sra}

    $exclude_third

    pigz \\
        $args2 \\
        --no-name \\
        --processes $task.cpus \\
        *.fastq

    cat <<-END_VERSIONS > versions.yml
    "${task.process}":
        sratools: \$(fasterq-dump --version 2>&1 | grep -Eo '[0-9.]+')
        pigz: \$( pigz --version 2>&1 | sed 's/pigz //g' )
    END_VERSIONS
    """
 
  22a9e5e0e97f0475e310f04c56b1393a [java.lang.String] meta 
  98aa17f632daedacca815ca8f1f12a2e [java.util.LinkedHashMap] [id:SRR14182735, species:Glycine max, species_id:null, project:PRJNA720229, metadata:/home/antonio/Escritorio/Repositorios_GitHub/miRPlan-nf/data/Additional_info/03-Metadata/glma_m_PRJNA720229.tsv, genome:https://ftp.ncbi.nlm.nih.gov/genomes/all/GCF/000/004/515/GCF_000004515.6_Glycine_max_v4.0/GCF_000004515.6_Glycine_max_v4.0_genomic.fna.gz, single_end:true, group_id:[]] 
  82603cd2aa7d5725d2ea24f6871e784c [java.lang.String] sra 
  5c20fda151c000f3248e8054b8ce6470 [nextflow.util.ArrayBag] [FileHolder(sourceObj:/home/antonio/Escritorio/Repositorios_GitHub/miRPlan-nf/work/b4/5c3137a5f28fa598fad57587539864/SRR14182735, storePath:/home/antonio/Escritorio/Repositorios_GitHub/miRPlan-nf/work/b4/5c3137a5f28fa598fad57587539864/SRR14182735, stageName:SRR14182735)] 
  67f48942945ea1621b4cdc554dccbbdc [java.lang.String] ncbi_settings 
  429eacaf9724663f61c49870037f16b3 [nextflow.util.ArrayBag] [FileHolder(sourceObj:/home/antonio/Escritorio/Repositorios_GitHub/miRPlan-nf/work/90/1f0cf3525773d6a8961dfc1ec62ed3/user-settings.mkfg, storePath:/home/antonio/Escritorio/Repositorios_GitHub/miRPlan-nf/work/90/1f0cf3525773d6a8961dfc1ec62ed3/user-settings.mkfg, stageName:user-settings.mkfg)] 
  bdd44eb374c9ffcad91555d01da9c386 [java.lang.String] certificate 
  d618a97df21bbd4bb61c79cdeca965b4 [nextflow.util.ArrayBag] [] 
  4f9d4b0d22865056c37fb6d9c2a04a67 [java.lang.String] $ 
  16fe7483905cce7a85670e43e4678877 [java.lang.Boolean] true 
  cdf3f0c9ef75e43a4cd834857215b509 [java.util.HashMap$EntrySet] [task.ext.args=null, task.ext.args2=null, task.ext.prefix=null] 

feb.-18 12:44:45.201 [Actor Thread 14] INFO  nextflow.processor.TaskProcessor - [MAIN_MIRPLAN:MIRPLAN:FASTQ_DOWNLOAD_PREFETCH_FASTERQDUMP_SRATOOLS:SRATOOLS_FASTERQDUMP (5)] cache hash: ffa6203afb9d02d5799096473b3b6a33; mode: STANDARD; entries: 
  2ad8cea781a4a45e1ba87179f2662474 [java.util.UUID] ba89cd85-143a-443f-a9d1-dcf2039040f9 
  c8a9f3faa45fb97de15b0beea23bf727 [java.lang.String] MAIN_MIRPLAN:MIRPLAN:FASTQ_DOWNLOAD_PREFETCH_FASTERQDUMP_SRATOOLS:SRATOOLS_FASTERQDUMP 
  8f540896c8c0ee2001cf1c6f161ca663 [java.lang.String]     def args = task.ext.args ?: ''
    def args2 = task.ext.args2 ?: ''
    def prefix = task.ext.prefix ?: "${meta.id}"
    def outfile = "${prefix}.fastq"
    def exclude_third = meta.single_end ? '' : "mv $outfile $prefix || echo 'No third file'"
    def key_file = ''
    if (certificate.toString().endsWith('.jwt')) {
        key_file += " --perm ${certificate}"
    } else if (certificate.toString().endsWith('.ngc')) {
        key_file += " --ngc ${certificate}"
    }
    """
    export NCBI_SETTINGS="\$PWD/${ncbi_settings}"

    fasterq-dump \\
        $args \\
        --threads $task.cpus \\
        --outfile $outfile \\
        ${key_file} \\
        ${sra}

    $exclude_third

    pigz \\
        $args2 \\
        --no-name \\
        --processes $task.cpus \\
        *.fastq

    cat <<-END_VERSIONS > versions.yml
    "${task.process}":
        sratools: \$(fasterq-dump --version 2>&1 | grep -Eo '[0-9.]+')
        pigz: \$( pigz --version 2>&1 | sed 's/pigz //g' )
    END_VERSIONS
    """
 
  22a9e5e0e97f0475e310f04c56b1393a [java.lang.String] meta 
  8475eb5290600a6b955eed76c872feaf [java.util.LinkedHashMap] [id:ERR4078849, species:Amaranthus hypochondriacus, species_id:null, project:PRJEB38055, metadata:/home/antonio/Escritorio/Repositorios_GitHub/miRPlan-nf/data/Additional_info/03-Metadata/amhy_m_PRJEB38055.tsv, genome:https://ftp.ncbi.nlm.nih.gov/genomes/all/GCA/000/753/965/GCA_000753965.2_IBAB_Ahyp_2.0/GCA_000753965.2_IBAB_Ahyp_2.0_genomic.fna.gz, single_end:true, group_id:[]] 
  82603cd2aa7d5725d2ea24f6871e784c [java.lang.String] sra 
  0165d6b1c2440db0165d38ee10c29eae [nextflow.util.ArrayBag] [FileHolder(sourceObj:/home/antonio/Escritorio/Repositorios_GitHub/miRPlan-nf/work/0e/322cefc82ea6fc187da7a8637ce85e/ERR4078849, storePath:/home/antonio/Escritorio/Repositorios_GitHub/miRPlan-nf/work/0e/322cefc82ea6fc187da7a8637ce85e/ERR4078849, stageName:ERR4078849)] 
  67f48942945ea1621b4cdc554dccbbdc [java.lang.String] ncbi_settings 
  429eacaf9724663f61c49870037f16b3 [nextflow.util.ArrayBag] [FileHolder(sourceObj:/home/antonio/Escritorio/Repositorios_GitHub/miRPlan-nf/work/90/1f0cf3525773d6a8961dfc1ec62ed3/user-settings.mkfg, storePath:/home/antonio/Escritorio/Repositorios_GitHub/miRPlan-nf/work/90/1f0cf3525773d6a8961dfc1ec62ed3/user-settings.mkfg, stageName:user-settings.mkfg)] 
  bdd44eb374c9ffcad91555d01da9c386 [java.lang.String] certificate 
  d618a97df21bbd4bb61c79cdeca965b4 [nextflow.util.ArrayBag] [] 
  4f9d4b0d22865056c37fb6d9c2a04a67 [java.lang.String] $ 
  16fe7483905cce7a85670e43e4678877 [java.lang.Boolean] true 
  cdf3f0c9ef75e43a4cd834857215b509 [java.util.HashMap$EntrySet] [task.ext.args=null, task.ext.args2=null, task.ext.prefix=null] 

feb.-18 12:44:45.204 [Actor Thread 3] INFO  nextflow.processor.TaskProcessor - [82/57bc59] Cached process > MAIN_MIRPLAN:MIRPLAN:FASTQ_DOWNLOAD_PREFETCH_FASTERQDUMP_SRATOOLS:SRATOOLS_PREFETCH (ERR4078857)
feb.-18 12:44:45.204 [Actor Thread 13] INFO  nextflow.processor.TaskProcessor - [01/b268f0] Cached process > MAIN_MIRPLAN:MIRPLAN:FASTQ_DOWNLOAD_PREFETCH_FASTERQDUMP_SRATOOLS:SRATOOLS_PREFETCH (SRR14182734)
feb.-18 12:44:45.204 [Actor Thread 17] INFO  nextflow.processor.TaskProcessor - [64/f1778e] Cached process > MAIN_MIRPLAN:MIRPLAN:FASTQ_DOWNLOAD_PREFETCH_FASTERQDUMP_SRATOOLS:SRATOOLS_PREFETCH (SRR14182750)
feb.-18 12:44:45.205 [Actor Thread 9] INFO  nextflow.processor.TaskProcessor - [41/5920b0] Cached process > MAIN_MIRPLAN:MIRPLAN:FASTQ_DOWNLOAD_PREFETCH_FASTERQDUMP_SRATOOLS:SRATOOLS_PREFETCH (ERR4078850)
feb.-18 12:44:45.207 [Actor Thread 24] INFO  nextflow.processor.TaskProcessor - [MAIN_MIRPLAN:MIRPLAN:FASTQ_DOWNLOAD_PREFETCH_FASTERQDUMP_SRATOOLS:SRATOOLS_FASTERQDUMP (8)] cache hash: ce8761ec3cd53aba04542308072b0523; mode: STANDARD; entries: 
  2ad8cea781a4a45e1ba87179f2662474 [java.util.UUID] ba89cd85-143a-443f-a9d1-dcf2039040f9 
  c8a9f3faa45fb97de15b0beea23bf727 [java.lang.String] MAIN_MIRPLAN:MIRPLAN:FASTQ_DOWNLOAD_PREFETCH_FASTERQDUMP_SRATOOLS:SRATOOLS_FASTERQDUMP 
  8f540896c8c0ee2001cf1c6f161ca663 [java.lang.String]     def args = task.ext.args ?: ''
    def args2 = task.ext.args2 ?: ''
    def prefix = task.ext.prefix ?: "${meta.id}"
    def outfile = "${prefix}.fastq"
    def exclude_third = meta.single_end ? '' : "mv $outfile $prefix || echo 'No third file'"
    def key_file = ''
    if (certificate.toString().endsWith('.jwt')) {
        key_file += " --perm ${certificate}"
    } else if (certificate.toString().endsWith('.ngc')) {
        key_file += " --ngc ${certificate}"
    }
    """
    export NCBI_SETTINGS="\$PWD/${ncbi_settings}"

    fasterq-dump \\
        $args \\
        --threads $task.cpus \\
        --outfile $outfile \\
        ${key_file} \\
        ${sra}

    $exclude_third

    pigz \\
        $args2 \\
        --no-name \\
        --processes $task.cpus \\
        *.fastq

    cat <<-END_VERSIONS > versions.yml
    "${task.process}":
        sratools: \$(fasterq-dump --version 2>&1 | grep -Eo '[0-9.]+')
        pigz: \$( pigz --version 2>&1 | sed 's/pigz //g' )
    END_VERSIONS
    """
 
  22a9e5e0e97f0475e310f04c56b1393a [java.lang.String] meta 
  662e8a4dee5e5f76b6ebbb33f10860ec [java.util.LinkedHashMap] [id:SRR14182734, species:Glycine max, species_id:null, project:PRJNA720229, metadata:/home/antonio/Escritorio/Repositorios_GitHub/miRPlan-nf/data/Additional_info/03-Metadata/glma_m_PRJNA720229.tsv, genome:https://ftp.ncbi.nlm.nih.gov/genomes/all/GCF/000/004/515/GCF_000004515.6_Glycine_max_v4.0/GCF_000004515.6_Glycine_max_v4.0_genomic.fna.gz, single_end:true, group_id:[]] 
  82603cd2aa7d5725d2ea24f6871e784c [java.lang.String] sra 
  ad32b73c8fa3e98a5c9d3c716b06cf4e [nextflow.util.ArrayBag] [FileHolder(sourceObj:/home/antonio/Escritorio/Repositorios_GitHub/miRPlan-nf/work/01/b268f0245ac5b23f7432f5946f6930/SRR14182734, storePath:/home/antonio/Escritorio/Repositorios_GitHub/miRPlan-nf/work/01/b268f0245ac5b23f7432f5946f6930/SRR14182734, stageName:SRR14182734)] 
  67f48942945ea1621b4cdc554dccbbdc [java.lang.String] ncbi_settings 
  429eacaf9724663f61c49870037f16b3 [nextflow.util.ArrayBag] [FileHolder(sourceObj:/home/antonio/Escritorio/Repositorios_GitHub/miRPlan-nf/work/90/1f0cf3525773d6a8961dfc1ec62ed3/user-settings.mkfg, storePath:/home/antonio/Escritorio/Repositorios_GitHub/miRPlan-nf/work/90/1f0cf3525773d6a8961dfc1ec62ed3/user-settings.mkfg, stageName:user-settings.mkfg)] 
  bdd44eb374c9ffcad91555d01da9c386 [java.lang.String] certificate 
  d618a97df21bbd4bb61c79cdeca965b4 [nextflow.util.ArrayBag] [] 
  4f9d4b0d22865056c37fb6d9c2a04a67 [java.lang.String] $ 
  16fe7483905cce7a85670e43e4678877 [java.lang.Boolean] true 
  cdf3f0c9ef75e43a4cd834857215b509 [java.util.HashMap$EntrySet] [task.ext.args=null, task.ext.args2=null, task.ext.prefix=null] 

feb.-18 12:44:45.208 [Actor Thread 13] INFO  nextflow.processor.TaskProcessor - [MAIN_MIRPLAN:MIRPLAN:FASTQ_DOWNLOAD_PREFETCH_FASTERQDUMP_SRATOOLS:SRATOOLS_FASTERQDUMP (7)] cache hash: 5ed52193ed9c506d1a8201b9563beb76; mode: STANDARD; entries: 
  2ad8cea781a4a45e1ba87179f2662474 [java.util.UUID] ba89cd85-143a-443f-a9d1-dcf2039040f9 
  c8a9f3faa45fb97de15b0beea23bf727 [java.lang.String] MAIN_MIRPLAN:MIRPLAN:FASTQ_DOWNLOAD_PREFETCH_FASTERQDUMP_SRATOOLS:SRATOOLS_FASTERQDUMP 
  8f540896c8c0ee2001cf1c6f161ca663 [java.lang.String]     def args = task.ext.args ?: ''
    def args2 = task.ext.args2 ?: ''
    def prefix = task.ext.prefix ?: "${meta.id}"
    def outfile = "${prefix}.fastq"
    def exclude_third = meta.single_end ? '' : "mv $outfile $prefix || echo 'No third file'"
    def key_file = ''
    if (certificate.toString().endsWith('.jwt')) {
        key_file += " --perm ${certificate}"
    } else if (certificate.toString().endsWith('.ngc')) {
        key_file += " --ngc ${certificate}"
    }
    """
    export NCBI_SETTINGS="\$PWD/${ncbi_settings}"

    fasterq-dump \\
        $args \\
        --threads $task.cpus \\
        --outfile $outfile \\
        ${key_file} \\
        ${sra}

    $exclude_third

    pigz \\
        $args2 \\
        --no-name \\
        --processes $task.cpus \\
        *.fastq

    cat <<-END_VERSIONS > versions.yml
    "${task.process}":
        sratools: \$(fasterq-dump --version 2>&1 | grep -Eo '[0-9.]+')
        pigz: \$( pigz --version 2>&1 | sed 's/pigz //g' )
    END_VERSIONS
    """
 
  22a9e5e0e97f0475e310f04c56b1393a [java.lang.String] meta 
  c087165f704ec8b6b5ce1c95c8ab2f7c [java.util.LinkedHashMap] [id:ERR4078857, species:Amaranthus hypochondriacus, species_id:null, project:PRJEB38055, metadata:/home/antonio/Escritorio/Repositorios_GitHub/miRPlan-nf/data/Additional_info/03-Metadata/amhy_m_PRJEB38055.tsv, genome:https://ftp.ncbi.nlm.nih.gov/genomes/all/GCA/000/753/965/GCA_000753965.2_IBAB_Ahyp_2.0/GCA_000753965.2_IBAB_Ahyp_2.0_genomic.fna.gz, single_end:true, group_id:[]] 
  82603cd2aa7d5725d2ea24f6871e784c [java.lang.String] sra 
  6dbc46bcf6be9132e86ba11174ab84f2 [nextflow.util.ArrayBag] [FileHolder(sourceObj:/home/antonio/Escritorio/Repositorios_GitHub/miRPlan-nf/work/82/57bc591f2dae023889b26f5701e181/ERR4078857, storePath:/home/antonio/Escritorio/Repositorios_GitHub/miRPlan-nf/work/82/57bc591f2dae023889b26f5701e181/ERR4078857, stageName:ERR4078857)] 
  67f48942945ea1621b4cdc554dccbbdc [java.lang.String] ncbi_settings 
  429eacaf9724663f61c49870037f16b3 [nextflow.util.ArrayBag] [FileHolder(sourceObj:/home/antonio/Escritorio/Repositorios_GitHub/miRPlan-nf/work/90/1f0cf3525773d6a8961dfc1ec62ed3/user-settings.mkfg, storePath:/home/antonio/Escritorio/Repositorios_GitHub/miRPlan-nf/work/90/1f0cf3525773d6a8961dfc1ec62ed3/user-settings.mkfg, stageName:user-settings.mkfg)] 
  bdd44eb374c9ffcad91555d01da9c386 [java.lang.String] certificate 
  d618a97df21bbd4bb61c79cdeca965b4 [nextflow.util.ArrayBag] [] 
  4f9d4b0d22865056c37fb6d9c2a04a67 [java.lang.String] $ 
  16fe7483905cce7a85670e43e4678877 [java.lang.Boolean] true 
  cdf3f0c9ef75e43a4cd834857215b509 [java.util.HashMap$EntrySet] [task.ext.args=null, task.ext.args2=null, task.ext.prefix=null] 

feb.-18 12:44:45.208 [Actor Thread 21] INFO  nextflow.processor.TaskProcessor - [MAIN_MIRPLAN:MIRPLAN:FASTQ_DOWNLOAD_PREFETCH_FASTERQDUMP_SRATOOLS:SRATOOLS_FASTERQDUMP (9)] cache hash: acada6c067ce7d6e317f286e3c4ca917; mode: STANDARD; entries: 
  2ad8cea781a4a45e1ba87179f2662474 [java.util.UUID] ba89cd85-143a-443f-a9d1-dcf2039040f9 
  c8a9f3faa45fb97de15b0beea23bf727 [java.lang.String] MAIN_MIRPLAN:MIRPLAN:FASTQ_DOWNLOAD_PREFETCH_FASTERQDUMP_SRATOOLS:SRATOOLS_FASTERQDUMP 
  8f540896c8c0ee2001cf1c6f161ca663 [java.lang.String]     def args = task.ext.args ?: ''
    def args2 = task.ext.args2 ?: ''
    def prefix = task.ext.prefix ?: "${meta.id}"
    def outfile = "${prefix}.fastq"
    def exclude_third = meta.single_end ? '' : "mv $outfile $prefix || echo 'No third file'"
    def key_file = ''
    if (certificate.toString().endsWith('.jwt')) {
        key_file += " --perm ${certificate}"
    } else if (certificate.toString().endsWith('.ngc')) {
        key_file += " --ngc ${certificate}"
    }
    """
    export NCBI_SETTINGS="\$PWD/${ncbi_settings}"

    fasterq-dump \\
        $args \\
        --threads $task.cpus \\
        --outfile $outfile \\
        ${key_file} \\
        ${sra}

    $exclude_third

    pigz \\
        $args2 \\
        --no-name \\
        --processes $task.cpus \\
        *.fastq

    cat <<-END_VERSIONS > versions.yml
    "${task.process}":
        sratools: \$(fasterq-dump --version 2>&1 | grep -Eo '[0-9.]+')
        pigz: \$( pigz --version 2>&1 | sed 's/pigz //g' )
    END_VERSIONS
    """
 
  22a9e5e0e97f0475e310f04c56b1393a [java.lang.String] meta 
  fbe557e71c951fbac01180b0b4d57f19 [java.util.LinkedHashMap] [id:SRR14182750, species:Glycine max, species_id:null, project:PRJNA720229, metadata:/home/antonio/Escritorio/Repositorios_GitHub/miRPlan-nf/data/Additional_info/03-Metadata/glma_m_PRJNA720229.tsv, genome:https://ftp.ncbi.nlm.nih.gov/genomes/all/GCF/000/004/515/GCF_000004515.6_Glycine_max_v4.0/GCF_000004515.6_Glycine_max_v4.0_genomic.fna.gz, single_end:true, group_id:[]] 
  82603cd2aa7d5725d2ea24f6871e784c [java.lang.String] sra 
  18e25df5e704e361e1ed385fd772b1fa [nextflow.util.ArrayBag] [FileHolder(sourceObj:/home/antonio/Escritorio/Repositorios_GitHub/miRPlan-nf/work/64/f1778e281b01363cd6ee734eb0994a/SRR14182750, storePath:/home/antonio/Escritorio/Repositorios_GitHub/miRPlan-nf/work/64/f1778e281b01363cd6ee734eb0994a/SRR14182750, stageName:SRR14182750)] 
  67f48942945ea1621b4cdc554dccbbdc [java.lang.String] ncbi_settings 
  429eacaf9724663f61c49870037f16b3 [nextflow.util.ArrayBag] [FileHolder(sourceObj:/home/antonio/Escritorio/Repositorios_GitHub/miRPlan-nf/work/90/1f0cf3525773d6a8961dfc1ec62ed3/user-settings.mkfg, storePath:/home/antonio/Escritorio/Repositorios_GitHub/miRPlan-nf/work/90/1f0cf3525773d6a8961dfc1ec62ed3/user-settings.mkfg, stageName:user-settings.mkfg)] 
  bdd44eb374c9ffcad91555d01da9c386 [java.lang.String] certificate 
  d618a97df21bbd4bb61c79cdeca965b4 [nextflow.util.ArrayBag] [] 
  4f9d4b0d22865056c37fb6d9c2a04a67 [java.lang.String] $ 
  16fe7483905cce7a85670e43e4678877 [java.lang.Boolean] true 
  cdf3f0c9ef75e43a4cd834857215b509 [java.util.HashMap$EntrySet] [task.ext.args=null, task.ext.args2=null, task.ext.prefix=null] 

feb.-18 12:44:45.210 [Actor Thread 19] INFO  nextflow.processor.TaskProcessor - [MAIN_MIRPLAN:MIRPLAN:FASTQ_DOWNLOAD_PREFETCH_FASTERQDUMP_SRATOOLS:SRATOOLS_FASTERQDUMP (10)] cache hash: 487badff24b5a75fa4347ea05d0e1ab9; mode: STANDARD; entries: 
  2ad8cea781a4a45e1ba87179f2662474 [java.util.UUID] ba89cd85-143a-443f-a9d1-dcf2039040f9 
  c8a9f3faa45fb97de15b0beea23bf727 [java.lang.String] MAIN_MIRPLAN:MIRPLAN:FASTQ_DOWNLOAD_PREFETCH_FASTERQDUMP_SRATOOLS:SRATOOLS_FASTERQDUMP 
  8f540896c8c0ee2001cf1c6f161ca663 [java.lang.String]     def args = task.ext.args ?: ''
    def args2 = task.ext.args2 ?: ''
    def prefix = task.ext.prefix ?: "${meta.id}"
    def outfile = "${prefix}.fastq"
    def exclude_third = meta.single_end ? '' : "mv $outfile $prefix || echo 'No third file'"
    def key_file = ''
    if (certificate.toString().endsWith('.jwt')) {
        key_file += " --perm ${certificate}"
    } else if (certificate.toString().endsWith('.ngc')) {
        key_file += " --ngc ${certificate}"
    }
    """
    export NCBI_SETTINGS="\$PWD/${ncbi_settings}"

    fasterq-dump \\
        $args \\
        --threads $task.cpus \\
        --outfile $outfile \\
        ${key_file} \\
        ${sra}

    $exclude_third

    pigz \\
        $args2 \\
        --no-name \\
        --processes $task.cpus \\
        *.fastq

    cat <<-END_VERSIONS > versions.yml
    "${task.process}":
        sratools: \$(fasterq-dump --version 2>&1 | grep -Eo '[0-9.]+')
        pigz: \$( pigz --version 2>&1 | sed 's/pigz //g' )
    END_VERSIONS
    """
 
  22a9e5e0e97f0475e310f04c56b1393a [java.lang.String] meta 
  973b5250887a93a0e558f1b7129bf149 [java.util.LinkedHashMap] [id:ERR4078850, species:Amaranthus hypochondriacus, species_id:null, project:PRJEB38055, metadata:/home/antonio/Escritorio/Repositorios_GitHub/miRPlan-nf/data/Additional_info/03-Metadata/amhy_m_PRJEB38055.tsv, genome:https://ftp.ncbi.nlm.nih.gov/genomes/all/GCA/000/753/965/GCA_000753965.2_IBAB_Ahyp_2.0/GCA_000753965.2_IBAB_Ahyp_2.0_genomic.fna.gz, single_end:true, group_id:[]] 
  82603cd2aa7d5725d2ea24f6871e784c [java.lang.String] sra 
  fc82ee55b7f42e9af9fe3cb8fd80c674 [nextflow.util.ArrayBag] [FileHolder(sourceObj:/home/antonio/Escritorio/Repositorios_GitHub/miRPlan-nf/work/41/5920b052db6bec1d06dc75810df321/ERR4078850, storePath:/home/antonio/Escritorio/Repositorios_GitHub/miRPlan-nf/work/41/5920b052db6bec1d06dc75810df321/ERR4078850, stageName:ERR4078850)] 
  67f48942945ea1621b4cdc554dccbbdc [java.lang.String] ncbi_settings 
  429eacaf9724663f61c49870037f16b3 [nextflow.util.ArrayBag] [FileHolder(sourceObj:/home/antonio/Escritorio/Repositorios_GitHub/miRPlan-nf/work/90/1f0cf3525773d6a8961dfc1ec62ed3/user-settings.mkfg, storePath:/home/antonio/Escritorio/Repositorios_GitHub/miRPlan-nf/work/90/1f0cf3525773d6a8961dfc1ec62ed3/user-settings.mkfg, stageName:user-settings.mkfg)] 
  bdd44eb374c9ffcad91555d01da9c386 [java.lang.String] certificate 
  d618a97df21bbd4bb61c79cdeca965b4 [nextflow.util.ArrayBag] [] 
  4f9d4b0d22865056c37fb6d9c2a04a67 [java.lang.String] $ 
  16fe7483905cce7a85670e43e4678877 [java.lang.Boolean] true 
  cdf3f0c9ef75e43a4cd834857215b509 [java.util.HashMap$EntrySet] [task.ext.args=null, task.ext.args2=null, task.ext.prefix=null] 

feb.-18 12:44:45.221 [Actor Thread 7] INFO  nextflow.processor.TaskProcessor - [54/6264a8] Cached process > MAIN_MIRPLAN:MIRPLAN:FASTQ_DOWNLOAD_PREFETCH_FASTERQDUMP_SRATOOLS:SRATOOLS_FASTERQDUMP (ERR4078858)
feb.-18 12:44:45.221 [Actor Thread 14] INFO  nextflow.processor.TaskProcessor - [24/1e5422] Cached process > MAIN_MIRPLAN:MIRPLAN:FASTQ_DOWNLOAD_PREFETCH_FASTERQDUMP_SRATOOLS:SRATOOLS_FASTERQDUMP (ERR4078849)
feb.-18 12:44:45.222 [Actor Thread 21] INFO  nextflow.processor.TaskProcessor - [2e/2397e9] Cached process > MAIN_MIRPLAN:MIRPLAN:FASTQ_DOWNLOAD_PREFETCH_FASTERQDUMP_SRATOOLS:SRATOOLS_FASTERQDUMP (SRR14182750)
feb.-18 12:44:45.227 [Actor Thread 14] INFO  nextflow.processor.TaskProcessor - [MAIN_MIRPLAN:MIRPLAN:FASTP (2)] cache hash: 2bebf27ccface570755f607032620335; mode: STANDARD; entries: 
  2ad8cea781a4a45e1ba87179f2662474 [java.util.UUID] ba89cd85-143a-443f-a9d1-dcf2039040f9 
  104e0b69705a0615a0fa12746b3d1013 [java.lang.String] MAIN_MIRPLAN:MIRPLAN:FASTP 
  5b15d3ed89c527d60357dfedb5bef80f [java.lang.String]     def args = task.ext.args ?: ''
    def prefix = task.ext.prefix ?: "${meta.id}"
    def adapter_list = adapter_fasta ? "--adapter_fasta ${adapter_fasta}" : ""
    def fail_fastq = save_trimmed_fail && meta.single_end ? "--failed_out ${prefix}.fail.fastq.gz" : save_trimmed_fail && !meta.single_end ? "--failed_out ${prefix}.paired.fail.fastq.gz --unpaired1 ${prefix}_1.fail.fastq.gz --unpaired2 ${prefix}_2.fail.fastq.gz" : ''
    def out_fq1 = discard_trimmed_pass ?: ( meta.single_end ? "--out1 ${prefix}.fastp.fastq.gz" : "--out1 ${prefix}_1.fastp.fastq.gz" )
    def out_fq2 = discard_trimmed_pass ?: "--out2 ${prefix}_2.fastp.fastq.gz"
    if ( task.ext.args?.contains('--interleaved_in') ) {
        """
        [ ! -f  ${prefix}.fastq.gz ] && ln -sf $reads ${prefix}.fastq.gz

        fastp \\
            --stdout \\
            --in1 ${prefix}.fastq.gz \\
            --thread $task.cpus \\
            --json ${prefix}.fastp.json \\
            --html ${prefix}.fastp.html \\
            $adapter_list \\
            $fail_fastq \\
            $args \\
            2> >(tee ${prefix}.fastp.log >&2) \\
        | gzip -c > ${prefix}.fastp.fastq.gz

        cat <<-END_VERSIONS > versions.yml
        "${task.process}":
            fastp: \$(fastp --version 2>&1 | sed -e "s/fastp //g")
        END_VERSIONS
        """
    } else if (meta.single_end) {
        """
        [ ! -f  ${prefix}.fastq.gz ] && ln -sf $reads ${prefix}.fastq.gz

        fastp \\
            --in1 ${prefix}.fastq.gz \\
            $out_fq1 \\
            --thread $task.cpus \\
            --json ${prefix}.fastp.json \\
            --html ${prefix}.fastp.html \\
            $adapter_list \\
            $fail_fastq \\
            $args \\
            2> >(tee ${prefix}.fastp.log >&2)

        cat <<-END_VERSIONS > versions.yml
        "${task.process}":
            fastp: \$(fastp --version 2>&1 | sed -e "s/fastp //g")
        END_VERSIONS
        """
    } else {
        def merge_fastq = save_merged ? "-m --merged_out ${prefix}.merged.fastq.gz" : ''
        """
        [ ! -f  ${prefix}_1.fastq.gz ] && ln -sf ${reads[0]} ${prefix}_1.fastq.gz
        [ ! -f  ${prefix}_2.fastq.gz ] && ln -sf ${reads[1]} ${prefix}_2.fastq.gz
        fastp \\
            --in1 ${prefix}_1.fastq.gz \\
            --in2 ${prefix}_2.fastq.gz \\
            $out_fq1 \\
            $out_fq2 \\
            --json ${prefix}.fastp.json \\
            --html ${prefix}.fastp.html \\
            $adapter_list \\
            $fail_fastq \\
            $merge_fastq \\
            --thread $task.cpus \\
            --detect_adapter_for_pe \\
            $args \\
            2> >(tee ${prefix}.fastp.log >&2)

        cat <<-END_VERSIONS > versions.yml
        "${task.process}":
            fastp: \$(fastp --version 2>&1 | sed -e "s/fastp //g")
        END_VERSIONS
        """
    }
 
  22a9e5e0e97f0475e310f04c56b1393a [java.lang.String] meta 
  8475eb5290600a6b955eed76c872feaf [java.util.LinkedHashMap] [id:ERR4078849, species:Amaranthus hypochondriacus, species_id:null, project:PRJEB38055, metadata:/home/antonio/Escritorio/Repositorios_GitHub/miRPlan-nf/data/Additional_info/03-Metadata/amhy_m_PRJEB38055.tsv, genome:https://ftp.ncbi.nlm.nih.gov/genomes/all/GCA/000/753/965/GCA_000753965.2_IBAB_Ahyp_2.0/GCA_000753965.2_IBAB_Ahyp_2.0_genomic.fna.gz, single_end:true, group_id:[]] 
  553096c532e666fb42214fdf0520fe4a [java.lang.String] reads 
  29f54164d78e689edfdab025a0ba3ff6 [nextflow.util.ArrayBag] [FileHolder(sourceObj:/home/antonio/Escritorio/Repositorios_GitHub/miRPlan-nf/work/24/1e5422baf4e28b7bff6ed69dd1824c/ERR4078849.fastq.gz, storePath:/home/antonio/Escritorio/Repositorios_GitHub/miRPlan-nf/work/24/1e5422baf4e28b7bff6ed69dd1824c/ERR4078849.fastq.gz, stageName:ERR4078849.fastq.gz)] 
  81bd4426dd807ebce449111e4f064ea8 [java.lang.String] adapter_fasta 
  a11e2b3f7b6287491e5a5180862fbd54 [nextflow.util.ArrayBag] [FileHolder(sourceObj:/home/antonio/Escritorio/Repositorios_GitHub/miRPlan-nf/assets/illumina_adapters.fa, storePath:/home/antonio/Escritorio/Repositorios_GitHub/miRPlan-nf/assets/illumina_adapters.fa, stageName:illumina_adapters.fa)] 
  5d3e4d03ff6c63b64d1f472f0dd98eb6 [java.lang.String] discard_trimmed_pass 
  b55cff6ee5ab10468335f878aa2d6251 [java.lang.Boolean] false 
  b8fe9c5d8866384a61f2173561699f0b [java.lang.String] save_trimmed_fail 
  b55cff6ee5ab10468335f878aa2d6251 [java.lang.Boolean] false 
  11172150877c9773a66ab6be8a9de1c9 [java.lang.String] save_merged 
  b55cff6ee5ab10468335f878aa2d6251 [java.lang.Boolean] false 
  4f9d4b0d22865056c37fb6d9c2a04a67 [java.lang.String] $ 
  16fe7483905cce7a85670e43e4678877 [java.lang.Boolean] true 
  db1503409cedc49f906e35a0d53cef7b [java.util.HashMap$EntrySet] [task.ext.args=--cut_right --cut_right_window_size 4 --cut_right_mean_quality 20 --cut_front --cut_front_window_size 1 --cut_front_mean_quality 3 --length_required 20 --trim_poly_x --poly_x_min_len 10 --length_limit 25 --n_base_limit 0, task.ext.prefix=null] 

feb.-18 12:44:45.228 [Actor Thread 1] INFO  nextflow.processor.TaskProcessor - [MAIN_MIRPLAN:MIRPLAN:FASTP (1)] cache hash: 242381b6254efff49c98b256e1432182; mode: STANDARD; entries: 
  2ad8cea781a4a45e1ba87179f2662474 [java.util.UUID] ba89cd85-143a-443f-a9d1-dcf2039040f9 
  104e0b69705a0615a0fa12746b3d1013 [java.lang.String] MAIN_MIRPLAN:MIRPLAN:FASTP 
  5b15d3ed89c527d60357dfedb5bef80f [java.lang.String]     def args = task.ext.args ?: ''
    def prefix = task.ext.prefix ?: "${meta.id}"
    def adapter_list = adapter_fasta ? "--adapter_fasta ${adapter_fasta}" : ""
    def fail_fastq = save_trimmed_fail && meta.single_end ? "--failed_out ${prefix}.fail.fastq.gz" : save_trimmed_fail && !meta.single_end ? "--failed_out ${prefix}.paired.fail.fastq.gz --unpaired1 ${prefix}_1.fail.fastq.gz --unpaired2 ${prefix}_2.fail.fastq.gz" : ''
    def out_fq1 = discard_trimmed_pass ?: ( meta.single_end ? "--out1 ${prefix}.fastp.fastq.gz" : "--out1 ${prefix}_1.fastp.fastq.gz" )
    def out_fq2 = discard_trimmed_pass ?: "--out2 ${prefix}_2.fastp.fastq.gz"
    if ( task.ext.args?.contains('--interleaved_in') ) {
        """
        [ ! -f  ${prefix}.fastq.gz ] && ln -sf $reads ${prefix}.fastq.gz

        fastp \\
            --stdout \\
            --in1 ${prefix}.fastq.gz \\
            --thread $task.cpus \\
            --json ${prefix}.fastp.json \\
            --html ${prefix}.fastp.html \\
            $adapter_list \\
            $fail_fastq \\
            $args \\
            2> >(tee ${prefix}.fastp.log >&2) \\
        | gzip -c > ${prefix}.fastp.fastq.gz

        cat <<-END_VERSIONS > versions.yml
        "${task.process}":
            fastp: \$(fastp --version 2>&1 | sed -e "s/fastp //g")
        END_VERSIONS
        """
    } else if (meta.single_end) {
        """
        [ ! -f  ${prefix}.fastq.gz ] && ln -sf $reads ${prefix}.fastq.gz

        fastp \\
            --in1 ${prefix}.fastq.gz \\
            $out_fq1 \\
            --thread $task.cpus \\
            --json ${prefix}.fastp.json \\
            --html ${prefix}.fastp.html \\
            $adapter_list \\
            $fail_fastq \\
            $args \\
            2> >(tee ${prefix}.fastp.log >&2)

        cat <<-END_VERSIONS > versions.yml
        "${task.process}":
            fastp: \$(fastp --version 2>&1 | sed -e "s/fastp //g")
        END_VERSIONS
        """
    } else {
        def merge_fastq = save_merged ? "-m --merged_out ${prefix}.merged.fastq.gz" : ''
        """
        [ ! -f  ${prefix}_1.fastq.gz ] && ln -sf ${reads[0]} ${prefix}_1.fastq.gz
        [ ! -f  ${prefix}_2.fastq.gz ] && ln -sf ${reads[1]} ${prefix}_2.fastq.gz
        fastp \\
            --in1 ${prefix}_1.fastq.gz \\
            --in2 ${prefix}_2.fastq.gz \\
            $out_fq1 \\
            $out_fq2 \\
            --json ${prefix}.fastp.json \\
            --html ${prefix}.fastp.html \\
            $adapter_list \\
            $fail_fastq \\
            $merge_fastq \\
            --thread $task.cpus \\
            --detect_adapter_for_pe \\
            $args \\
            2> >(tee ${prefix}.fastp.log >&2)

        cat <<-END_VERSIONS > versions.yml
        "${task.process}":
            fastp: \$(fastp --version 2>&1 | sed -e "s/fastp //g")
        END_VERSIONS
        """
    }
 
  22a9e5e0e97f0475e310f04c56b1393a [java.lang.String] meta 
  118bc50b49cbc2d9a035eb1e4b541fa0 [java.util.LinkedHashMap] [id:ERR4078858, species:Amaranthus hypochondriacus, species_id:null, project:PRJEB38055, metadata:/home/antonio/Escritorio/Repositorios_GitHub/miRPlan-nf/data/Additional_info/03-Metadata/amhy_m_PRJEB38055.tsv, genome:https://ftp.ncbi.nlm.nih.gov/genomes/all/GCA/000/753/965/GCA_000753965.2_IBAB_Ahyp_2.0/GCA_000753965.2_IBAB_Ahyp_2.0_genomic.fna.gz, single_end:true, group_id:[]] 
  553096c532e666fb42214fdf0520fe4a [java.lang.String] reads 
  0c535cf3de2d9479b0137aef0cfda21e [nextflow.util.ArrayBag] [FileHolder(sourceObj:/home/antonio/Escritorio/Repositorios_GitHub/miRPlan-nf/work/54/6264a837720345183dc3c45aeac285/ERR4078858.fastq.gz, storePath:/home/antonio/Escritorio/Repositorios_GitHub/miRPlan-nf/work/54/6264a837720345183dc3c45aeac285/ERR4078858.fastq.gz, stageName:ERR4078858.fastq.gz)] 
  81bd4426dd807ebce449111e4f064ea8 [java.lang.String] adapter_fasta 
  a11e2b3f7b6287491e5a5180862fbd54 [nextflow.util.ArrayBag] [FileHolder(sourceObj:/home/antonio/Escritorio/Repositorios_GitHub/miRPlan-nf/assets/illumina_adapters.fa, storePath:/home/antonio/Escritorio/Repositorios_GitHub/miRPlan-nf/assets/illumina_adapters.fa, stageName:illumina_adapters.fa)] 
  5d3e4d03ff6c63b64d1f472f0dd98eb6 [java.lang.String] discard_trimmed_pass 
  b55cff6ee5ab10468335f878aa2d6251 [java.lang.Boolean] false 
  b8fe9c5d8866384a61f2173561699f0b [java.lang.String] save_trimmed_fail 
  b55cff6ee5ab10468335f878aa2d6251 [java.lang.Boolean] false 
  11172150877c9773a66ab6be8a9de1c9 [java.lang.String] save_merged 
  b55cff6ee5ab10468335f878aa2d6251 [java.lang.Boolean] false 
  4f9d4b0d22865056c37fb6d9c2a04a67 [java.lang.String] $ 
  16fe7483905cce7a85670e43e4678877 [java.lang.Boolean] true 
  db1503409cedc49f906e35a0d53cef7b [java.util.HashMap$EntrySet] [task.ext.args=--cut_right --cut_right_window_size 4 --cut_right_mean_quality 20 --cut_front --cut_front_window_size 1 --cut_front_mean_quality 3 --length_required 20 --trim_poly_x --poly_x_min_len 10 --length_limit 25 --n_base_limit 0, task.ext.prefix=null] 

feb.-18 12:44:45.228 [Actor Thread 18] INFO  nextflow.processor.TaskProcessor - [MAIN_MIRPLAN:MIRPLAN:FASTP (3)] cache hash: 7c994904344286f58c395e658d188387; mode: STANDARD; entries: 
  2ad8cea781a4a45e1ba87179f2662474 [java.util.UUID] ba89cd85-143a-443f-a9d1-dcf2039040f9 
  104e0b69705a0615a0fa12746b3d1013 [java.lang.String] MAIN_MIRPLAN:MIRPLAN:FASTP 
  5b15d3ed89c527d60357dfedb5bef80f [java.lang.String]     def args = task.ext.args ?: ''
    def prefix = task.ext.prefix ?: "${meta.id}"
    def adapter_list = adapter_fasta ? "--adapter_fasta ${adapter_fasta}" : ""
    def fail_fastq = save_trimmed_fail && meta.single_end ? "--failed_out ${prefix}.fail.fastq.gz" : save_trimmed_fail && !meta.single_end ? "--failed_out ${prefix}.paired.fail.fastq.gz --unpaired1 ${prefix}_1.fail.fastq.gz --unpaired2 ${prefix}_2.fail.fastq.gz" : ''
    def out_fq1 = discard_trimmed_pass ?: ( meta.single_end ? "--out1 ${prefix}.fastp.fastq.gz" : "--out1 ${prefix}_1.fastp.fastq.gz" )
    def out_fq2 = discard_trimmed_pass ?: "--out2 ${prefix}_2.fastp.fastq.gz"
    if ( task.ext.args?.contains('--interleaved_in') ) {
        """
        [ ! -f  ${prefix}.fastq.gz ] && ln -sf $reads ${prefix}.fastq.gz

        fastp \\
            --stdout \\
            --in1 ${prefix}.fastq.gz \\
            --thread $task.cpus \\
            --json ${prefix}.fastp.json \\
            --html ${prefix}.fastp.html \\
            $adapter_list \\
            $fail_fastq \\
            $args \\
            2> >(tee ${prefix}.fastp.log >&2) \\
        | gzip -c > ${prefix}.fastp.fastq.gz

        cat <<-END_VERSIONS > versions.yml
        "${task.process}":
            fastp: \$(fastp --version 2>&1 | sed -e "s/fastp //g")
        END_VERSIONS
        """
    } else if (meta.single_end) {
        """
        [ ! -f  ${prefix}.fastq.gz ] && ln -sf $reads ${prefix}.fastq.gz

        fastp \\
            --in1 ${prefix}.fastq.gz \\
            $out_fq1 \\
            --thread $task.cpus \\
            --json ${prefix}.fastp.json \\
            --html ${prefix}.fastp.html \\
            $adapter_list \\
            $fail_fastq \\
            $args \\
            2> >(tee ${prefix}.fastp.log >&2)

        cat <<-END_VERSIONS > versions.yml
        "${task.process}":
            fastp: \$(fastp --version 2>&1 | sed -e "s/fastp //g")
        END_VERSIONS
        """
    } else {
        def merge_fastq = save_merged ? "-m --merged_out ${prefix}.merged.fastq.gz" : ''
        """
        [ ! -f  ${prefix}_1.fastq.gz ] && ln -sf ${reads[0]} ${prefix}_1.fastq.gz
        [ ! -f  ${prefix}_2.fastq.gz ] && ln -sf ${reads[1]} ${prefix}_2.fastq.gz
        fastp \\
            --in1 ${prefix}_1.fastq.gz \\
            --in2 ${prefix}_2.fastq.gz \\
            $out_fq1 \\
            $out_fq2 \\
            --json ${prefix}.fastp.json \\
            --html ${prefix}.fastp.html \\
            $adapter_list \\
            $fail_fastq \\
            $merge_fastq \\
            --thread $task.cpus \\
            --detect_adapter_for_pe \\
            $args \\
            2> >(tee ${prefix}.fastp.log >&2)

        cat <<-END_VERSIONS > versions.yml
        "${task.process}":
            fastp: \$(fastp --version 2>&1 | sed -e "s/fastp //g")
        END_VERSIONS
        """
    }
 
  22a9e5e0e97f0475e310f04c56b1393a [java.lang.String] meta 
  fbe557e71c951fbac01180b0b4d57f19 [java.util.LinkedHashMap] [id:SRR14182750, species:Glycine max, species_id:null, project:PRJNA720229, metadata:/home/antonio/Escritorio/Repositorios_GitHub/miRPlan-nf/data/Additional_info/03-Metadata/glma_m_PRJNA720229.tsv, genome:https://ftp.ncbi.nlm.nih.gov/genomes/all/GCF/000/004/515/GCF_000004515.6_Glycine_max_v4.0/GCF_000004515.6_Glycine_max_v4.0_genomic.fna.gz, single_end:true, group_id:[]] 
  553096c532e666fb42214fdf0520fe4a [java.lang.String] reads 
  81a82345b6ae2250d679be4a153e3d3d [nextflow.util.ArrayBag] [FileHolder(sourceObj:/home/antonio/Escritorio/Repositorios_GitHub/miRPlan-nf/work/2e/2397e9fe653b1aae352afd11ffc602/SRR14182750.fastq.gz, storePath:/home/antonio/Escritorio/Repositorios_GitHub/miRPlan-nf/work/2e/2397e9fe653b1aae352afd11ffc602/SRR14182750.fastq.gz, stageName:SRR14182750.fastq.gz)] 
  81bd4426dd807ebce449111e4f064ea8 [java.lang.String] adapter_fasta 
  a11e2b3f7b6287491e5a5180862fbd54 [nextflow.util.ArrayBag] [FileHolder(sourceObj:/home/antonio/Escritorio/Repositorios_GitHub/miRPlan-nf/assets/illumina_adapters.fa, storePath:/home/antonio/Escritorio/Repositorios_GitHub/miRPlan-nf/assets/illumina_adapters.fa, stageName:illumina_adapters.fa)] 
  5d3e4d03ff6c63b64d1f472f0dd98eb6 [java.lang.String] discard_trimmed_pass 
  b55cff6ee5ab10468335f878aa2d6251 [java.lang.Boolean] false 
  b8fe9c5d8866384a61f2173561699f0b [java.lang.String] save_trimmed_fail 
  b55cff6ee5ab10468335f878aa2d6251 [java.lang.Boolean] false 
  11172150877c9773a66ab6be8a9de1c9 [java.lang.String] save_merged 
  b55cff6ee5ab10468335f878aa2d6251 [java.lang.Boolean] false 
  4f9d4b0d22865056c37fb6d9c2a04a67 [java.lang.String] $ 
  16fe7483905cce7a85670e43e4678877 [java.lang.Boolean] true 
  db1503409cedc49f906e35a0d53cef7b [java.util.HashMap$EntrySet] [task.ext.args=--cut_right --cut_right_window_size 4 --cut_right_mean_quality 20 --cut_front --cut_front_window_size 1 --cut_front_mean_quality 3 --length_required 20 --trim_poly_x --poly_x_min_len 10 --length_limit 25 --n_base_limit 0, task.ext.prefix=null] 

feb.-18 12:44:45.232 [Actor Thread 12] INFO  nextflow.processor.TaskProcessor - [2b/dbdf0f] Cached process > MAIN_MIRPLAN:MIRPLAN:FASTQ_DOWNLOAD_PREFETCH_FASTERQDUMP_SRATOOLS:SRATOOLS_PREFETCH (ERR4078847)
feb.-18 12:44:45.232 [Actor Thread 6] INFO  nextflow.processor.TaskProcessor - [13/24784b] Cached process > MAIN_MIRPLAN:MIRPLAN:FASTQ_DOWNLOAD_PREFETCH_FASTERQDUMP_SRATOOLS:SRATOOLS_PREFETCH (ERR4078854)
feb.-18 12:44:45.232 [Actor Thread 5] INFO  nextflow.processor.TaskProcessor - [91/a7873f] Cached process > MAIN_MIRPLAN:MIRPLAN:FASTQ_DOWNLOAD_PREFETCH_FASTERQDUMP_SRATOOLS:SRATOOLS_PREFETCH (ERR4078855)
feb.-18 12:44:45.235 [Actor Thread 18] INFO  nextflow.processor.TaskProcessor - [4c/3335dc] Cached process > MAIN_MIRPLAN:MIRPLAN:FASTP (SRR14182750)
feb.-18 12:44:45.247 [Actor Thread 26] INFO  nextflow.processor.TaskProcessor - [MAIN_MIRPLAN:MIRPLAN:FASTQ_DOWNLOAD_PREFETCH_FASTERQDUMP_SRATOOLS:SRATOOLS_FASTERQDUMP (12)] cache hash: c0ec5246c5a3a58972a9ac2f3b88d960; mode: STANDARD; entries: 
  2ad8cea781a4a45e1ba87179f2662474 [java.util.UUID] ba89cd85-143a-443f-a9d1-dcf2039040f9 
  c8a9f3faa45fb97de15b0beea23bf727 [java.lang.String] MAIN_MIRPLAN:MIRPLAN:FASTQ_DOWNLOAD_PREFETCH_FASTERQDUMP_SRATOOLS:SRATOOLS_FASTERQDUMP 
  8f540896c8c0ee2001cf1c6f161ca663 [java.lang.String]     def args = task.ext.args ?: ''
    def args2 = task.ext.args2 ?: ''
    def prefix = task.ext.prefix ?: "${meta.id}"
    def outfile = "${prefix}.fastq"
    def exclude_third = meta.single_end ? '' : "mv $outfile $prefix || echo 'No third file'"
    def key_file = ''
    if (certificate.toString().endsWith('.jwt')) {
        key_file += " --perm ${certificate}"
    } else if (certificate.toString().endsWith('.ngc')) {
        key_file += " --ngc ${certificate}"
    }
    """
    export NCBI_SETTINGS="\$PWD/${ncbi_settings}"

    fasterq-dump \\
        $args \\
        --threads $task.cpus \\
        --outfile $outfile \\
        ${key_file} \\
        ${sra}

    $exclude_third

    pigz \\
        $args2 \\
        --no-name \\
        --processes $task.cpus \\
        *.fastq

    cat <<-END_VERSIONS > versions.yml
    "${task.process}":
        sratools: \$(fasterq-dump --version 2>&1 | grep -Eo '[0-9.]+')
        pigz: \$( pigz --version 2>&1 | sed 's/pigz //g' )
    END_VERSIONS
    """
 
  22a9e5e0e97f0475e310f04c56b1393a [java.lang.String] meta 
  ba7eb505105579ab2a784a4607309297 [java.util.LinkedHashMap] [id:ERR4078855, species:Amaranthus hypochondriacus, species_id:null, project:PRJEB38055, metadata:/home/antonio/Escritorio/Repositorios_GitHub/miRPlan-nf/data/Additional_info/03-Metadata/amhy_m_PRJEB38055.tsv, genome:https://ftp.ncbi.nlm.nih.gov/genomes/all/GCA/000/753/965/GCA_000753965.2_IBAB_Ahyp_2.0/GCA_000753965.2_IBAB_Ahyp_2.0_genomic.fna.gz, single_end:true, group_id:[]] 
  82603cd2aa7d5725d2ea24f6871e784c [java.lang.String] sra 
  5e560848be6e30e62c8a14e5f41b255d [nextflow.util.ArrayBag] [FileHolder(sourceObj:/home/antonio/Escritorio/Repositorios_GitHub/miRPlan-nf/work/91/a7873f64bf5c43f46923f00df89d99/ERR4078855, storePath:/home/antonio/Escritorio/Repositorios_GitHub/miRPlan-nf/work/91/a7873f64bf5c43f46923f00df89d99/ERR4078855, stageName:ERR4078855)] 
  67f48942945ea1621b4cdc554dccbbdc [java.lang.String] ncbi_settings 
  429eacaf9724663f61c49870037f16b3 [nextflow.util.ArrayBag] [FileHolder(sourceObj:/home/antonio/Escritorio/Repositorios_GitHub/miRPlan-nf/work/90/1f0cf3525773d6a8961dfc1ec62ed3/user-settings.mkfg, storePath:/home/antonio/Escritorio/Repositorios_GitHub/miRPlan-nf/work/90/1f0cf3525773d6a8961dfc1ec62ed3/user-settings.mkfg, stageName:user-settings.mkfg)] 
  bdd44eb374c9ffcad91555d01da9c386 [java.lang.String] certificate 
  d618a97df21bbd4bb61c79cdeca965b4 [nextflow.util.ArrayBag] [] 
  4f9d4b0d22865056c37fb6d9c2a04a67 [java.lang.String] $ 
  16fe7483905cce7a85670e43e4678877 [java.lang.Boolean] true 
  cdf3f0c9ef75e43a4cd834857215b509 [java.util.HashMap$EntrySet] [task.ext.args=null, task.ext.args2=null, task.ext.prefix=null] 

feb.-18 12:44:45.247 [Actor Thread 12] INFO  nextflow.processor.TaskProcessor - [MAIN_MIRPLAN:MIRPLAN:FASTQ_DOWNLOAD_PREFETCH_FASTERQDUMP_SRATOOLS:SRATOOLS_FASTERQDUMP (11)] cache hash: 298c373bd17dab0a65e7ea37c98ecfda; mode: STANDARD; entries: 
  2ad8cea781a4a45e1ba87179f2662474 [java.util.UUID] ba89cd85-143a-443f-a9d1-dcf2039040f9 
  c8a9f3faa45fb97de15b0beea23bf727 [java.lang.String] MAIN_MIRPLAN:MIRPLAN:FASTQ_DOWNLOAD_PREFETCH_FASTERQDUMP_SRATOOLS:SRATOOLS_FASTERQDUMP 
  8f540896c8c0ee2001cf1c6f161ca663 [java.lang.String]     def args = task.ext.args ?: ''
    def args2 = task.ext.args2 ?: ''
    def prefix = task.ext.prefix ?: "${meta.id}"
    def outfile = "${prefix}.fastq"
    def exclude_third = meta.single_end ? '' : "mv $outfile $prefix || echo 'No third file'"
    def key_file = ''
    if (certificate.toString().endsWith('.jwt')) {
        key_file += " --perm ${certificate}"
    } else if (certificate.toString().endsWith('.ngc')) {
        key_file += " --ngc ${certificate}"
    }
    """
    export NCBI_SETTINGS="\$PWD/${ncbi_settings}"

    fasterq-dump \\
        $args \\
        --threads $task.cpus \\
        --outfile $outfile \\
        ${key_file} \\
        ${sra}

    $exclude_third

    pigz \\
        $args2 \\
        --no-name \\
        --processes $task.cpus \\
        *.fastq

    cat <<-END_VERSIONS > versions.yml
    "${task.process}":
        sratools: \$(fasterq-dump --version 2>&1 | grep -Eo '[0-9.]+')
        pigz: \$( pigz --version 2>&1 | sed 's/pigz //g' )
    END_VERSIONS
    """
 
  22a9e5e0e97f0475e310f04c56b1393a [java.lang.String] meta 
  9403b4db377f87352495104efdd27983 [java.util.LinkedHashMap] [id:ERR4078847, species:Amaranthus hypochondriacus, species_id:null, project:PRJEB38055, metadata:/home/antonio/Escritorio/Repositorios_GitHub/miRPlan-nf/data/Additional_info/03-Metadata/amhy_m_PRJEB38055.tsv, genome:https://ftp.ncbi.nlm.nih.gov/genomes/all/GCA/000/753/965/GCA_000753965.2_IBAB_Ahyp_2.0/GCA_000753965.2_IBAB_Ahyp_2.0_genomic.fna.gz, single_end:true, group_id:[]] 
  82603cd2aa7d5725d2ea24f6871e784c [java.lang.String] sra 
  b521cc28dc41e658c3a1979cbac9bc68 [nextflow.util.ArrayBag] [FileHolder(sourceObj:/home/antonio/Escritorio/Repositorios_GitHub/miRPlan-nf/work/2b/dbdf0f4f09b7ef297ce1310e659573/ERR4078847, storePath:/home/antonio/Escritorio/Repositorios_GitHub/miRPlan-nf/work/2b/dbdf0f4f09b7ef297ce1310e659573/ERR4078847, stageName:ERR4078847)] 
  67f48942945ea1621b4cdc554dccbbdc [java.lang.String] ncbi_settings 
  429eacaf9724663f61c49870037f16b3 [nextflow.util.ArrayBag] [FileHolder(sourceObj:/home/antonio/Escritorio/Repositorios_GitHub/miRPlan-nf/work/90/1f0cf3525773d6a8961dfc1ec62ed3/user-settings.mkfg, storePath:/home/antonio/Escritorio/Repositorios_GitHub/miRPlan-nf/work/90/1f0cf3525773d6a8961dfc1ec62ed3/user-settings.mkfg, stageName:user-settings.mkfg)] 
  bdd44eb374c9ffcad91555d01da9c386 [java.lang.String] certificate 
  d618a97df21bbd4bb61c79cdeca965b4 [nextflow.util.ArrayBag] [] 
  4f9d4b0d22865056c37fb6d9c2a04a67 [java.lang.String] $ 
  16fe7483905cce7a85670e43e4678877 [java.lang.Boolean] true 
  cdf3f0c9ef75e43a4cd834857215b509 [java.util.HashMap$EntrySet] [task.ext.args=null, task.ext.args2=null, task.ext.prefix=null] 

feb.-18 12:44:45.247 [Actor Thread 7] INFO  nextflow.processor.TaskProcessor - [MAIN_MIRPLAN:MIRPLAN:FASTQ_DOWNLOAD_PREFETCH_FASTERQDUMP_SRATOOLS:SRATOOLS_FASTERQDUMP (13)] cache hash: 59ab741be94c79cbfc4533cb7f73ff33; mode: STANDARD; entries: 
  2ad8cea781a4a45e1ba87179f2662474 [java.util.UUID] ba89cd85-143a-443f-a9d1-dcf2039040f9 
  c8a9f3faa45fb97de15b0beea23bf727 [java.lang.String] MAIN_MIRPLAN:MIRPLAN:FASTQ_DOWNLOAD_PREFETCH_FASTERQDUMP_SRATOOLS:SRATOOLS_FASTERQDUMP 
  8f540896c8c0ee2001cf1c6f161ca663 [java.lang.String]     def args = task.ext.args ?: ''
    def args2 = task.ext.args2 ?: ''
    def prefix = task.ext.prefix ?: "${meta.id}"
    def outfile = "${prefix}.fastq"
    def exclude_third = meta.single_end ? '' : "mv $outfile $prefix || echo 'No third file'"
    def key_file = ''
    if (certificate.toString().endsWith('.jwt')) {
        key_file += " --perm ${certificate}"
    } else if (certificate.toString().endsWith('.ngc')) {
        key_file += " --ngc ${certificate}"
    }
    """
    export NCBI_SETTINGS="\$PWD/${ncbi_settings}"

    fasterq-dump \\
        $args \\
        --threads $task.cpus \\
        --outfile $outfile \\
        ${key_file} \\
        ${sra}

    $exclude_third

    pigz \\
        $args2 \\
        --no-name \\
        --processes $task.cpus \\
        *.fastq

    cat <<-END_VERSIONS > versions.yml
    "${task.process}":
        sratools: \$(fasterq-dump --version 2>&1 | grep -Eo '[0-9.]+')
        pigz: \$( pigz --version 2>&1 | sed 's/pigz //g' )
    END_VERSIONS
    """
 
  22a9e5e0e97f0475e310f04c56b1393a [java.lang.String] meta 
  e47beb886a953fa143c7ac7a5f86a382 [java.util.LinkedHashMap] [id:ERR4078854, species:Amaranthus hypochondriacus, species_id:null, project:PRJEB38055, metadata:/home/antonio/Escritorio/Repositorios_GitHub/miRPlan-nf/data/Additional_info/03-Metadata/amhy_m_PRJEB38055.tsv, genome:https://ftp.ncbi.nlm.nih.gov/genomes/all/GCA/000/753/965/GCA_000753965.2_IBAB_Ahyp_2.0/GCA_000753965.2_IBAB_Ahyp_2.0_genomic.fna.gz, single_end:true, group_id:[]] 
  82603cd2aa7d5725d2ea24f6871e784c [java.lang.String] sra 
  ecf4ec2509396ddd2c72e3875f6d4ba1 [nextflow.util.ArrayBag] [FileHolder(sourceObj:/home/antonio/Escritorio/Repositorios_GitHub/miRPlan-nf/work/13/24784b0f3eca4cda2f364be476a1f8/ERR4078854, storePath:/home/antonio/Escritorio/Repositorios_GitHub/miRPlan-nf/work/13/24784b0f3eca4cda2f364be476a1f8/ERR4078854, stageName:ERR4078854)] 
  67f48942945ea1621b4cdc554dccbbdc [java.lang.String] ncbi_settings 
  429eacaf9724663f61c49870037f16b3 [nextflow.util.ArrayBag] [FileHolder(sourceObj:/home/antonio/Escritorio/Repositorios_GitHub/miRPlan-nf/work/90/1f0cf3525773d6a8961dfc1ec62ed3/user-settings.mkfg, storePath:/home/antonio/Escritorio/Repositorios_GitHub/miRPlan-nf/work/90/1f0cf3525773d6a8961dfc1ec62ed3/user-settings.mkfg, stageName:user-settings.mkfg)] 
  bdd44eb374c9ffcad91555d01da9c386 [java.lang.String] certificate 
  d618a97df21bbd4bb61c79cdeca965b4 [nextflow.util.ArrayBag] [] 
  4f9d4b0d22865056c37fb6d9c2a04a67 [java.lang.String] $ 
  16fe7483905cce7a85670e43e4678877 [java.lang.Boolean] true 
  cdf3f0c9ef75e43a4cd834857215b509 [java.util.HashMap$EntrySet] [task.ext.args=null, task.ext.args2=null, task.ext.prefix=null] 

feb.-18 12:44:45.250 [Actor Thread 11] INFO  nextflow.processor.TaskProcessor - [a0/0b4bbd] Cached process > MAIN_MIRPLAN:MIRPLAN:FASTQ_DOWNLOAD_PREFETCH_FASTERQDUMP_SRATOOLS:SRATOOLS_FASTERQDUMP (ERR4078848)
feb.-18 12:44:45.250 [Actor Thread 24] INFO  nextflow.processor.TaskProcessor - [9b/23e419] Cached process > MAIN_MIRPLAN:MIRPLAN:FASTQ_DOWNLOAD_PREFETCH_FASTERQDUMP_SRATOOLS:SRATOOLS_FASTERQDUMP (SRR14182734)
feb.-18 12:44:45.257 [Actor Thread 3] INFO  nextflow.processor.TaskProcessor - [MAIN_MIRPLAN:MIRPLAN:FASTP (5)] cache hash: 895958a333638e42ad6e092020f29018; mode: STANDARD; entries: 
  2ad8cea781a4a45e1ba87179f2662474 [java.util.UUID] ba89cd85-143a-443f-a9d1-dcf2039040f9 
  104e0b69705a0615a0fa12746b3d1013 [java.lang.String] MAIN_MIRPLAN:MIRPLAN:FASTP 
  5b15d3ed89c527d60357dfedb5bef80f [java.lang.String]     def args = task.ext.args ?: ''
    def prefix = task.ext.prefix ?: "${meta.id}"
    def adapter_list = adapter_fasta ? "--adapter_fasta ${adapter_fasta}" : ""
    def fail_fastq = save_trimmed_fail && meta.single_end ? "--failed_out ${prefix}.fail.fastq.gz" : save_trimmed_fail && !meta.single_end ? "--failed_out ${prefix}.paired.fail.fastq.gz --unpaired1 ${prefix}_1.fail.fastq.gz --unpaired2 ${prefix}_2.fail.fastq.gz" : ''
    def out_fq1 = discard_trimmed_pass ?: ( meta.single_end ? "--out1 ${prefix}.fastp.fastq.gz" : "--out1 ${prefix}_1.fastp.fastq.gz" )
    def out_fq2 = discard_trimmed_pass ?: "--out2 ${prefix}_2.fastp.fastq.gz"
    if ( task.ext.args?.contains('--interleaved_in') ) {
        """
        [ ! -f  ${prefix}.fastq.gz ] && ln -sf $reads ${prefix}.fastq.gz

        fastp \\
            --stdout \\
            --in1 ${prefix}.fastq.gz \\
            --thread $task.cpus \\
            --json ${prefix}.fastp.json \\
            --html ${prefix}.fastp.html \\
            $adapter_list \\
            $fail_fastq \\
            $args \\
            2> >(tee ${prefix}.fastp.log >&2) \\
        | gzip -c > ${prefix}.fastp.fastq.gz

        cat <<-END_VERSIONS > versions.yml
        "${task.process}":
            fastp: \$(fastp --version 2>&1 | sed -e "s/fastp //g")
        END_VERSIONS
        """
    } else if (meta.single_end) {
        """
        [ ! -f  ${prefix}.fastq.gz ] && ln -sf $reads ${prefix}.fastq.gz

        fastp \\
            --in1 ${prefix}.fastq.gz \\
            $out_fq1 \\
            --thread $task.cpus \\
            --json ${prefix}.fastp.json \\
            --html ${prefix}.fastp.html \\
            $adapter_list \\
            $fail_fastq \\
            $args \\
            2> >(tee ${prefix}.fastp.log >&2)

        cat <<-END_VERSIONS > versions.yml
        "${task.process}":
            fastp: \$(fastp --version 2>&1 | sed -e "s/fastp //g")
        END_VERSIONS
        """
    } else {
        def merge_fastq = save_merged ? "-m --merged_out ${prefix}.merged.fastq.gz" : ''
        """
        [ ! -f  ${prefix}_1.fastq.gz ] && ln -sf ${reads[0]} ${prefix}_1.fastq.gz
        [ ! -f  ${prefix}_2.fastq.gz ] && ln -sf ${reads[1]} ${prefix}_2.fastq.gz
        fastp \\
            --in1 ${prefix}_1.fastq.gz \\
            --in2 ${prefix}_2.fastq.gz \\
            $out_fq1 \\
            $out_fq2 \\
            --json ${prefix}.fastp.json \\
            --html ${prefix}.fastp.html \\
            $adapter_list \\
            $fail_fastq \\
            $merge_fastq \\
            --thread $task.cpus \\
            --detect_adapter_for_pe \\
            $args \\
            2> >(tee ${prefix}.fastp.log >&2)

        cat <<-END_VERSIONS > versions.yml
        "${task.process}":
            fastp: \$(fastp --version 2>&1 | sed -e "s/fastp //g")
        END_VERSIONS
        """
    }
 
  22a9e5e0e97f0475e310f04c56b1393a [java.lang.String] meta 
  56cffca6fe3041d4dc0431349951f49b [java.util.LinkedHashMap] [id:ERR4078848, species:Amaranthus hypochondriacus, species_id:null, project:PRJEB38055, metadata:/home/antonio/Escritorio/Repositorios_GitHub/miRPlan-nf/data/Additional_info/03-Metadata/amhy_m_PRJEB38055.tsv, genome:https://ftp.ncbi.nlm.nih.gov/genomes/all/GCA/000/753/965/GCA_000753965.2_IBAB_Ahyp_2.0/GCA_000753965.2_IBAB_Ahyp_2.0_genomic.fna.gz, single_end:true, group_id:[]] 
  553096c532e666fb42214fdf0520fe4a [java.lang.String] reads 
  1c339faf3dd9186af889aa383dceac98 [nextflow.util.ArrayBag] [FileHolder(sourceObj:/home/antonio/Escritorio/Repositorios_GitHub/miRPlan-nf/work/a0/0b4bbd5ecbb67fcf49b018be862fc3/ERR4078848.fastq.gz, storePath:/home/antonio/Escritorio/Repositorios_GitHub/miRPlan-nf/work/a0/0b4bbd5ecbb67fcf49b018be862fc3/ERR4078848.fastq.gz, stageName:ERR4078848.fastq.gz)] 
  81bd4426dd807ebce449111e4f064ea8 [java.lang.String] adapter_fasta 
  a11e2b3f7b6287491e5a5180862fbd54 [nextflow.util.ArrayBag] [FileHolder(sourceObj:/home/antonio/Escritorio/Repositorios_GitHub/miRPlan-nf/assets/illumina_adapters.fa, storePath:/home/antonio/Escritorio/Repositorios_GitHub/miRPlan-nf/assets/illumina_adapters.fa, stageName:illumina_adapters.fa)] 
  5d3e4d03ff6c63b64d1f472f0dd98eb6 [java.lang.String] discard_trimmed_pass 
  b55cff6ee5ab10468335f878aa2d6251 [java.lang.Boolean] false 
  b8fe9c5d8866384a61f2173561699f0b [java.lang.String] save_trimmed_fail 
  b55cff6ee5ab10468335f878aa2d6251 [java.lang.Boolean] false 
  11172150877c9773a66ab6be8a9de1c9 [java.lang.String] save_merged 
  b55cff6ee5ab10468335f878aa2d6251 [java.lang.Boolean] false 
  4f9d4b0d22865056c37fb6d9c2a04a67 [java.lang.String] $ 
  16fe7483905cce7a85670e43e4678877 [java.lang.Boolean] true 
  db1503409cedc49f906e35a0d53cef7b [java.util.HashMap$EntrySet] [task.ext.args=--cut_right --cut_right_window_size 4 --cut_right_mean_quality 20 --cut_front --cut_front_window_size 1 --cut_front_mean_quality 3 --length_required 20 --trim_poly_x --poly_x_min_len 10 --length_limit 25 --n_base_limit 0, task.ext.prefix=null] 

feb.-18 12:44:45.257 [Actor Thread 6] INFO  nextflow.processor.TaskProcessor - [MAIN_MIRPLAN:MIRPLAN:FASTP (4)] cache hash: a0f127e8cc2d677de09fd7e4304429d9; mode: STANDARD; entries: 
  2ad8cea781a4a45e1ba87179f2662474 [java.util.UUID] ba89cd85-143a-443f-a9d1-dcf2039040f9 
  104e0b69705a0615a0fa12746b3d1013 [java.lang.String] MAIN_MIRPLAN:MIRPLAN:FASTP 
  5b15d3ed89c527d60357dfedb5bef80f [java.lang.String]     def args = task.ext.args ?: ''
    def prefix = task.ext.prefix ?: "${meta.id}"
    def adapter_list = adapter_fasta ? "--adapter_fasta ${adapter_fasta}" : ""
    def fail_fastq = save_trimmed_fail && meta.single_end ? "--failed_out ${prefix}.fail.fastq.gz" : save_trimmed_fail && !meta.single_end ? "--failed_out ${prefix}.paired.fail.fastq.gz --unpaired1 ${prefix}_1.fail.fastq.gz --unpaired2 ${prefix}_2.fail.fastq.gz" : ''
    def out_fq1 = discard_trimmed_pass ?: ( meta.single_end ? "--out1 ${prefix}.fastp.fastq.gz" : "--out1 ${prefix}_1.fastp.fastq.gz" )
    def out_fq2 = discard_trimmed_pass ?: "--out2 ${prefix}_2.fastp.fastq.gz"
    if ( task.ext.args?.contains('--interleaved_in') ) {
        """
        [ ! -f  ${prefix}.fastq.gz ] && ln -sf $reads ${prefix}.fastq.gz

        fastp \\
            --stdout \\
            --in1 ${prefix}.fastq.gz \\
            --thread $task.cpus \\
            --json ${prefix}.fastp.json \\
            --html ${prefix}.fastp.html \\
            $adapter_list \\
            $fail_fastq \\
            $args \\
            2> >(tee ${prefix}.fastp.log >&2) \\
        | gzip -c > ${prefix}.fastp.fastq.gz

        cat <<-END_VERSIONS > versions.yml
        "${task.process}":
            fastp: \$(fastp --version 2>&1 | sed -e "s/fastp //g")
        END_VERSIONS
        """
    } else if (meta.single_end) {
        """
        [ ! -f  ${prefix}.fastq.gz ] && ln -sf $reads ${prefix}.fastq.gz

        fastp \\
            --in1 ${prefix}.fastq.gz \\
            $out_fq1 \\
            --thread $task.cpus \\
            --json ${prefix}.fastp.json \\
            --html ${prefix}.fastp.html \\
            $adapter_list \\
            $fail_fastq \\
            $args \\
            2> >(tee ${prefix}.fastp.log >&2)

        cat <<-END_VERSIONS > versions.yml
        "${task.process}":
            fastp: \$(fastp --version 2>&1 | sed -e "s/fastp //g")
        END_VERSIONS
        """
    } else {
        def merge_fastq = save_merged ? "-m --merged_out ${prefix}.merged.fastq.gz" : ''
        """
        [ ! -f  ${prefix}_1.fastq.gz ] && ln -sf ${reads[0]} ${prefix}_1.fastq.gz
        [ ! -f  ${prefix}_2.fastq.gz ] && ln -sf ${reads[1]} ${prefix}_2.fastq.gz
        fastp \\
            --in1 ${prefix}_1.fastq.gz \\
            --in2 ${prefix}_2.fastq.gz \\
            $out_fq1 \\
            $out_fq2 \\
            --json ${prefix}.fastp.json \\
            --html ${prefix}.fastp.html \\
            $adapter_list \\
            $fail_fastq \\
            $merge_fastq \\
            --thread $task.cpus \\
            --detect_adapter_for_pe \\
            $args \\
            2> >(tee ${prefix}.fastp.log >&2)

        cat <<-END_VERSIONS > versions.yml
        "${task.process}":
            fastp: \$(fastp --version 2>&1 | sed -e "s/fastp //g")
        END_VERSIONS
        """
    }
 
  22a9e5e0e97f0475e310f04c56b1393a [java.lang.String] meta 
  662e8a4dee5e5f76b6ebbb33f10860ec [java.util.LinkedHashMap] [id:SRR14182734, species:Glycine max, species_id:null, project:PRJNA720229, metadata:/home/antonio/Escritorio/Repositorios_GitHub/miRPlan-nf/data/Additional_info/03-Metadata/glma_m_PRJNA720229.tsv, genome:https://ftp.ncbi.nlm.nih.gov/genomes/all/GCF/000/004/515/GCF_000004515.6_Glycine_max_v4.0/GCF_000004515.6_Glycine_max_v4.0_genomic.fna.gz, single_end:true, group_id:[]] 
  553096c532e666fb42214fdf0520fe4a [java.lang.String] reads 
  d4160a4e5477db955b13d2ad194391ad [nextflow.util.ArrayBag] [FileHolder(sourceObj:/home/antonio/Escritorio/Repositorios_GitHub/miRPlan-nf/work/9b/23e419fddc06269b5ca61bc7a97c7d/SRR14182734.fastq.gz, storePath:/home/antonio/Escritorio/Repositorios_GitHub/miRPlan-nf/work/9b/23e419fddc06269b5ca61bc7a97c7d/SRR14182734.fastq.gz, stageName:SRR14182734.fastq.gz)] 
  81bd4426dd807ebce449111e4f064ea8 [java.lang.String] adapter_fasta 
  a11e2b3f7b6287491e5a5180862fbd54 [nextflow.util.ArrayBag] [FileHolder(sourceObj:/home/antonio/Escritorio/Repositorios_GitHub/miRPlan-nf/assets/illumina_adapters.fa, storePath:/home/antonio/Escritorio/Repositorios_GitHub/miRPlan-nf/assets/illumina_adapters.fa, stageName:illumina_adapters.fa)] 
  5d3e4d03ff6c63b64d1f472f0dd98eb6 [java.lang.String] discard_trimmed_pass 
  b55cff6ee5ab10468335f878aa2d6251 [java.lang.Boolean] false 
  b8fe9c5d8866384a61f2173561699f0b [java.lang.String] save_trimmed_fail 
  b55cff6ee5ab10468335f878aa2d6251 [java.lang.Boolean] false 
  11172150877c9773a66ab6be8a9de1c9 [java.lang.String] save_merged 
  b55cff6ee5ab10468335f878aa2d6251 [java.lang.Boolean] false 
  4f9d4b0d22865056c37fb6d9c2a04a67 [java.lang.String] $ 
  16fe7483905cce7a85670e43e4678877 [java.lang.Boolean] true 
  db1503409cedc49f906e35a0d53cef7b [java.util.HashMap$EntrySet] [task.ext.args=--cut_right --cut_right_window_size 4 --cut_right_mean_quality 20 --cut_front --cut_front_window_size 1 --cut_front_mean_quality 3 --length_required 20 --trim_poly_x --poly_x_min_len 10 --length_limit 25 --n_base_limit 0, task.ext.prefix=null] 

feb.-18 12:44:45.263 [Actor Thread 6] INFO  nextflow.processor.TaskProcessor - [45/4b651e] Cached process > MAIN_MIRPLAN:MIRPLAN:FASTP (SRR14182734)
feb.-18 12:44:45.266 [Actor Thread 10] INFO  nextflow.processor.TaskProcessor - [82/591121] Cached process > MAIN_MIRPLAN:MIRPLAN:FASTQ_DOWNLOAD_PREFETCH_FASTERQDUMP_SRATOOLS:SRATOOLS_FASTERQDUMP (ERR4078852)
feb.-18 12:44:45.270 [Actor Thread 1] INFO  nextflow.processor.TaskProcessor - [d2/bcd86f] Cached process > MAIN_MIRPLAN:MIRPLAN:FASTP (ERR4078858)
feb.-18 12:44:45.270 [Actor Thread 11] INFO  nextflow.processor.TaskProcessor - [MAIN_MIRPLAN:MIRPLAN:FASTP (6)] cache hash: d02b9e53010254f4f940bcf33c0dd899; mode: STANDARD; entries: 
  2ad8cea781a4a45e1ba87179f2662474 [java.util.UUID] ba89cd85-143a-443f-a9d1-dcf2039040f9 
  104e0b69705a0615a0fa12746b3d1013 [java.lang.String] MAIN_MIRPLAN:MIRPLAN:FASTP 
  5b15d3ed89c527d60357dfedb5bef80f [java.lang.String]     def args = task.ext.args ?: ''
    def prefix = task.ext.prefix ?: "${meta.id}"
    def adapter_list = adapter_fasta ? "--adapter_fasta ${adapter_fasta}" : ""
    def fail_fastq = save_trimmed_fail && meta.single_end ? "--failed_out ${prefix}.fail.fastq.gz" : save_trimmed_fail && !meta.single_end ? "--failed_out ${prefix}.paired.fail.fastq.gz --unpaired1 ${prefix}_1.fail.fastq.gz --unpaired2 ${prefix}_2.fail.fastq.gz" : ''
    def out_fq1 = discard_trimmed_pass ?: ( meta.single_end ? "--out1 ${prefix}.fastp.fastq.gz" : "--out1 ${prefix}_1.fastp.fastq.gz" )
    def out_fq2 = discard_trimmed_pass ?: "--out2 ${prefix}_2.fastp.fastq.gz"
    if ( task.ext.args?.contains('--interleaved_in') ) {
        """
        [ ! -f  ${prefix}.fastq.gz ] && ln -sf $reads ${prefix}.fastq.gz

        fastp \\
            --stdout \\
            --in1 ${prefix}.fastq.gz \\
            --thread $task.cpus \\
            --json ${prefix}.fastp.json \\
            --html ${prefix}.fastp.html \\
            $adapter_list \\
            $fail_fastq \\
            $args \\
            2> >(tee ${prefix}.fastp.log >&2) \\
        | gzip -c > ${prefix}.fastp.fastq.gz

        cat <<-END_VERSIONS > versions.yml
        "${task.process}":
            fastp: \$(fastp --version 2>&1 | sed -e "s/fastp //g")
        END_VERSIONS
        """
    } else if (meta.single_end) {
        """
        [ ! -f  ${prefix}.fastq.gz ] && ln -sf $reads ${prefix}.fastq.gz

        fastp \\
            --in1 ${prefix}.fastq.gz \\
            $out_fq1 \\
            --thread $task.cpus \\
            --json ${prefix}.fastp.json \\
            --html ${prefix}.fastp.html \\
            $adapter_list \\
            $fail_fastq \\
            $args \\
            2> >(tee ${prefix}.fastp.log >&2)

        cat <<-END_VERSIONS > versions.yml
        "${task.process}":
            fastp: \$(fastp --version 2>&1 | sed -e "s/fastp //g")
        END_VERSIONS
        """
    } else {
        def merge_fastq = save_merged ? "-m --merged_out ${prefix}.merged.fastq.gz" : ''
        """
        [ ! -f  ${prefix}_1.fastq.gz ] && ln -sf ${reads[0]} ${prefix}_1.fastq.gz
        [ ! -f  ${prefix}_2.fastq.gz ] && ln -sf ${reads[1]} ${prefix}_2.fastq.gz
        fastp \\
            --in1 ${prefix}_1.fastq.gz \\
            --in2 ${prefix}_2.fastq.gz \\
            $out_fq1 \\
            $out_fq2 \\
            --json ${prefix}.fastp.json \\
            --html ${prefix}.fastp.html \\
            $adapter_list \\
            $fail_fastq \\
            $merge_fastq \\
            --thread $task.cpus \\
            --detect_adapter_for_pe \\
            $args \\
            2> >(tee ${prefix}.fastp.log >&2)

        cat <<-END_VERSIONS > versions.yml
        "${task.process}":
            fastp: \$(fastp --version 2>&1 | sed -e "s/fastp //g")
        END_VERSIONS
        """
    }
 
  22a9e5e0e97f0475e310f04c56b1393a [java.lang.String] meta 
  f5dba42c4eac946018ea1df4f22f93a5 [java.util.LinkedHashMap] [id:ERR4078852, species:Amaranthus hypochondriacus, species_id:null, project:PRJEB38055, metadata:/home/antonio/Escritorio/Repositorios_GitHub/miRPlan-nf/data/Additional_info/03-Metadata/amhy_m_PRJEB38055.tsv, genome:https://ftp.ncbi.nlm.nih.gov/genomes/all/GCA/000/753/965/GCA_000753965.2_IBAB_Ahyp_2.0/GCA_000753965.2_IBAB_Ahyp_2.0_genomic.fna.gz, single_end:true, group_id:[]] 
  553096c532e666fb42214fdf0520fe4a [java.lang.String] reads 
  76a3d42d85318958485231399bc87a8b [nextflow.util.ArrayBag] [FileHolder(sourceObj:/home/antonio/Escritorio/Repositorios_GitHub/miRPlan-nf/work/82/5911211e0255ad9d69e5749d51a659/ERR4078852.fastq.gz, storePath:/home/antonio/Escritorio/Repositorios_GitHub/miRPlan-nf/work/82/5911211e0255ad9d69e5749d51a659/ERR4078852.fastq.gz, stageName:ERR4078852.fastq.gz)] 
  81bd4426dd807ebce449111e4f064ea8 [java.lang.String] adapter_fasta 
  a11e2b3f7b6287491e5a5180862fbd54 [nextflow.util.ArrayBag] [FileHolder(sourceObj:/home/antonio/Escritorio/Repositorios_GitHub/miRPlan-nf/assets/illumina_adapters.fa, storePath:/home/antonio/Escritorio/Repositorios_GitHub/miRPlan-nf/assets/illumina_adapters.fa, stageName:illumina_adapters.fa)] 
  5d3e4d03ff6c63b64d1f472f0dd98eb6 [java.lang.String] discard_trimmed_pass 
  b55cff6ee5ab10468335f878aa2d6251 [java.lang.Boolean] false 
  b8fe9c5d8866384a61f2173561699f0b [java.lang.String] save_trimmed_fail 
  b55cff6ee5ab10468335f878aa2d6251 [java.lang.Boolean] false 
  11172150877c9773a66ab6be8a9de1c9 [java.lang.String] save_merged 
  b55cff6ee5ab10468335f878aa2d6251 [java.lang.Boolean] false 
  4f9d4b0d22865056c37fb6d9c2a04a67 [java.lang.String] $ 
  16fe7483905cce7a85670e43e4678877 [java.lang.Boolean] true 
  db1503409cedc49f906e35a0d53cef7b [java.util.HashMap$EntrySet] [task.ext.args=--cut_right --cut_right_window_size 4 --cut_right_mean_quality 20 --cut_front --cut_front_window_size 1 --cut_front_mean_quality 3 --length_required 20 --trim_poly_x --poly_x_min_len 10 --length_limit 25 --n_base_limit 0, task.ext.prefix=null] 

feb.-18 12:44:45.462 [Actor Thread 12] INFO  nextflow.processor.TaskProcessor - [cb/e392e5] Cached process > MAIN_MIRPLAN:MIRPLAN:FASTQ_DOWNLOAD_PREFETCH_FASTERQDUMP_SRATOOLS:SRATOOLS_FASTERQDUMP (ERR4078847)
feb.-18 12:44:45.462 [Actor Thread 19] INFO  nextflow.processor.TaskProcessor - [e1/af94d6] Cached process > MAIN_MIRPLAN:MIRPLAN:FASTQ_DOWNLOAD_PREFETCH_FASTERQDUMP_SRATOOLS:SRATOOLS_FASTERQDUMP (ERR4078850)
feb.-18 12:44:45.465 [Actor Thread 3] INFO  nextflow.processor.TaskProcessor - [11/2dd9b6] Cached process > MAIN_MIRPLAN:MIRPLAN:FASTP (ERR4078848)
feb.-18 12:44:45.466 [Actor Thread 24] INFO  nextflow.processor.TaskProcessor - [MAIN_MIRPLAN:MIRPLAN:FASTP (7)] cache hash: 9e020ccfd161e18635eed0a2477f205f; mode: STANDARD; entries: 
  2ad8cea781a4a45e1ba87179f2662474 [java.util.UUID] ba89cd85-143a-443f-a9d1-dcf2039040f9 
  104e0b69705a0615a0fa12746b3d1013 [java.lang.String] MAIN_MIRPLAN:MIRPLAN:FASTP 
  5b15d3ed89c527d60357dfedb5bef80f [java.lang.String]     def args = task.ext.args ?: ''
    def prefix = task.ext.prefix ?: "${meta.id}"
    def adapter_list = adapter_fasta ? "--adapter_fasta ${adapter_fasta}" : ""
    def fail_fastq = save_trimmed_fail && meta.single_end ? "--failed_out ${prefix}.fail.fastq.gz" : save_trimmed_fail && !meta.single_end ? "--failed_out ${prefix}.paired.fail.fastq.gz --unpaired1 ${prefix}_1.fail.fastq.gz --unpaired2 ${prefix}_2.fail.fastq.gz" : ''
    def out_fq1 = discard_trimmed_pass ?: ( meta.single_end ? "--out1 ${prefix}.fastp.fastq.gz" : "--out1 ${prefix}_1.fastp.fastq.gz" )
    def out_fq2 = discard_trimmed_pass ?: "--out2 ${prefix}_2.fastp.fastq.gz"
    if ( task.ext.args?.contains('--interleaved_in') ) {
        """
        [ ! -f  ${prefix}.fastq.gz ] && ln -sf $reads ${prefix}.fastq.gz

        fastp \\
            --stdout \\
            --in1 ${prefix}.fastq.gz \\
            --thread $task.cpus \\
            --json ${prefix}.fastp.json \\
            --html ${prefix}.fastp.html \\
            $adapter_list \\
            $fail_fastq \\
            $args \\
            2> >(tee ${prefix}.fastp.log >&2) \\
        | gzip -c > ${prefix}.fastp.fastq.gz

        cat <<-END_VERSIONS > versions.yml
        "${task.process}":
            fastp: \$(fastp --version 2>&1 | sed -e "s/fastp //g")
        END_VERSIONS
        """
    } else if (meta.single_end) {
        """
        [ ! -f  ${prefix}.fastq.gz ] && ln -sf $reads ${prefix}.fastq.gz

        fastp \\
            --in1 ${prefix}.fastq.gz \\
            $out_fq1 \\
            --thread $task.cpus \\
            --json ${prefix}.fastp.json \\
            --html ${prefix}.fastp.html \\
            $adapter_list \\
            $fail_fastq \\
            $args \\
            2> >(tee ${prefix}.fastp.log >&2)

        cat <<-END_VERSIONS > versions.yml
        "${task.process}":
            fastp: \$(fastp --version 2>&1 | sed -e "s/fastp //g")
        END_VERSIONS
        """
    } else {
        def merge_fastq = save_merged ? "-m --merged_out ${prefix}.merged.fastq.gz" : ''
        """
        [ ! -f  ${prefix}_1.fastq.gz ] && ln -sf ${reads[0]} ${prefix}_1.fastq.gz
        [ ! -f  ${prefix}_2.fastq.gz ] && ln -sf ${reads[1]} ${prefix}_2.fastq.gz
        fastp \\
            --in1 ${prefix}_1.fastq.gz \\
            --in2 ${prefix}_2.fastq.gz \\
            $out_fq1 \\
            $out_fq2 \\
            --json ${prefix}.fastp.json \\
            --html ${prefix}.fastp.html \\
            $adapter_list \\
            $fail_fastq \\
            $merge_fastq \\
            --thread $task.cpus \\
            --detect_adapter_for_pe \\
            $args \\
            2> >(tee ${prefix}.fastp.log >&2)

        cat <<-END_VERSIONS > versions.yml
        "${task.process}":
            fastp: \$(fastp --version 2>&1 | sed -e "s/fastp //g")
        END_VERSIONS
        """
    }
 
  22a9e5e0e97f0475e310f04c56b1393a [java.lang.String] meta 
  973b5250887a93a0e558f1b7129bf149 [java.util.LinkedHashMap] [id:ERR4078850, species:Amaranthus hypochondriacus, species_id:null, project:PRJEB38055, metadata:/home/antonio/Escritorio/Repositorios_GitHub/miRPlan-nf/data/Additional_info/03-Metadata/amhy_m_PRJEB38055.tsv, genome:https://ftp.ncbi.nlm.nih.gov/genomes/all/GCA/000/753/965/GCA_000753965.2_IBAB_Ahyp_2.0/GCA_000753965.2_IBAB_Ahyp_2.0_genomic.fna.gz, single_end:true, group_id:[]] 
  553096c532e666fb42214fdf0520fe4a [java.lang.String] reads 
  72d4a8bb0d910f6eb5839c2f4069fba9 [nextflow.util.ArrayBag] [FileHolder(sourceObj:/home/antonio/Escritorio/Repositorios_GitHub/miRPlan-nf/work/e1/af94d65b5d668f340c0ba937082922/ERR4078850.fastq.gz, storePath:/home/antonio/Escritorio/Repositorios_GitHub/miRPlan-nf/work/e1/af94d65b5d668f340c0ba937082922/ERR4078850.fastq.gz, stageName:ERR4078850.fastq.gz)] 
  81bd4426dd807ebce449111e4f064ea8 [java.lang.String] adapter_fasta 
  a11e2b3f7b6287491e5a5180862fbd54 [nextflow.util.ArrayBag] [FileHolder(sourceObj:/home/antonio/Escritorio/Repositorios_GitHub/miRPlan-nf/assets/illumina_adapters.fa, storePath:/home/antonio/Escritorio/Repositorios_GitHub/miRPlan-nf/assets/illumina_adapters.fa, stageName:illumina_adapters.fa)] 
  5d3e4d03ff6c63b64d1f472f0dd98eb6 [java.lang.String] discard_trimmed_pass 
  b55cff6ee5ab10468335f878aa2d6251 [java.lang.Boolean] false 
  b8fe9c5d8866384a61f2173561699f0b [java.lang.String] save_trimmed_fail 
  b55cff6ee5ab10468335f878aa2d6251 [java.lang.Boolean] false 
  11172150877c9773a66ab6be8a9de1c9 [java.lang.String] save_merged 
  b55cff6ee5ab10468335f878aa2d6251 [java.lang.Boolean] false 
  4f9d4b0d22865056c37fb6d9c2a04a67 [java.lang.String] $ 
  16fe7483905cce7a85670e43e4678877 [java.lang.Boolean] true 
  db1503409cedc49f906e35a0d53cef7b [java.util.HashMap$EntrySet] [task.ext.args=--cut_right --cut_right_window_size 4 --cut_right_mean_quality 20 --cut_front --cut_front_window_size 1 --cut_front_mean_quality 3 --length_required 20 --trim_poly_x --poly_x_min_len 10 --length_limit 25 --n_base_limit 0, task.ext.prefix=null] 

feb.-18 12:44:45.469 [Actor Thread 21] INFO  nextflow.processor.TaskProcessor - [MAIN_MIRPLAN:MIRPLAN:FASTP (8)] cache hash: 088cb35b42605850d8ac6154643993ae; mode: STANDARD; entries: 
  2ad8cea781a4a45e1ba87179f2662474 [java.util.UUID] ba89cd85-143a-443f-a9d1-dcf2039040f9 
  104e0b69705a0615a0fa12746b3d1013 [java.lang.String] MAIN_MIRPLAN:MIRPLAN:FASTP 
  5b15d3ed89c527d60357dfedb5bef80f [java.lang.String]     def args = task.ext.args ?: ''
    def prefix = task.ext.prefix ?: "${meta.id}"
    def adapter_list = adapter_fasta ? "--adapter_fasta ${adapter_fasta}" : ""
    def fail_fastq = save_trimmed_fail && meta.single_end ? "--failed_out ${prefix}.fail.fastq.gz" : save_trimmed_fail && !meta.single_end ? "--failed_out ${prefix}.paired.fail.fastq.gz --unpaired1 ${prefix}_1.fail.fastq.gz --unpaired2 ${prefix}_2.fail.fastq.gz" : ''
    def out_fq1 = discard_trimmed_pass ?: ( meta.single_end ? "--out1 ${prefix}.fastp.fastq.gz" : "--out1 ${prefix}_1.fastp.fastq.gz" )
    def out_fq2 = discard_trimmed_pass ?: "--out2 ${prefix}_2.fastp.fastq.gz"
    if ( task.ext.args?.contains('--interleaved_in') ) {
        """
        [ ! -f  ${prefix}.fastq.gz ] && ln -sf $reads ${prefix}.fastq.gz

        fastp \\
            --stdout \\
            --in1 ${prefix}.fastq.gz \\
            --thread $task.cpus \\
            --json ${prefix}.fastp.json \\
            --html ${prefix}.fastp.html \\
            $adapter_list \\
            $fail_fastq \\
            $args \\
            2> >(tee ${prefix}.fastp.log >&2) \\
        | gzip -c > ${prefix}.fastp.fastq.gz

        cat <<-END_VERSIONS > versions.yml
        "${task.process}":
            fastp: \$(fastp --version 2>&1 | sed -e "s/fastp //g")
        END_VERSIONS
        """
    } else if (meta.single_end) {
        """
        [ ! -f  ${prefix}.fastq.gz ] && ln -sf $reads ${prefix}.fastq.gz

        fastp \\
            --in1 ${prefix}.fastq.gz \\
            $out_fq1 \\
            --thread $task.cpus \\
            --json ${prefix}.fastp.json \\
            --html ${prefix}.fastp.html \\
            $adapter_list \\
            $fail_fastq \\
            $args \\
            2> >(tee ${prefix}.fastp.log >&2)

        cat <<-END_VERSIONS > versions.yml
        "${task.process}":
            fastp: \$(fastp --version 2>&1 | sed -e "s/fastp //g")
        END_VERSIONS
        """
    } else {
        def merge_fastq = save_merged ? "-m --merged_out ${prefix}.merged.fastq.gz" : ''
        """
        [ ! -f  ${prefix}_1.fastq.gz ] && ln -sf ${reads[0]} ${prefix}_1.fastq.gz
        [ ! -f  ${prefix}_2.fastq.gz ] && ln -sf ${reads[1]} ${prefix}_2.fastq.gz
        fastp \\
            --in1 ${prefix}_1.fastq.gz \\
            --in2 ${prefix}_2.fastq.gz \\
            $out_fq1 \\
            $out_fq2 \\
            --json ${prefix}.fastp.json \\
            --html ${prefix}.fastp.html \\
            $adapter_list \\
            $fail_fastq \\
            $merge_fastq \\
            --thread $task.cpus \\
            --detect_adapter_for_pe \\
            $args \\
            2> >(tee ${prefix}.fastp.log >&2)

        cat <<-END_VERSIONS > versions.yml
        "${task.process}":
            fastp: \$(fastp --version 2>&1 | sed -e "s/fastp //g")
        END_VERSIONS
        """
    }
 
  22a9e5e0e97f0475e310f04c56b1393a [java.lang.String] meta 
  9403b4db377f87352495104efdd27983 [java.util.LinkedHashMap] [id:ERR4078847, species:Amaranthus hypochondriacus, species_id:null, project:PRJEB38055, metadata:/home/antonio/Escritorio/Repositorios_GitHub/miRPlan-nf/data/Additional_info/03-Metadata/amhy_m_PRJEB38055.tsv, genome:https://ftp.ncbi.nlm.nih.gov/genomes/all/GCA/000/753/965/GCA_000753965.2_IBAB_Ahyp_2.0/GCA_000753965.2_IBAB_Ahyp_2.0_genomic.fna.gz, single_end:true, group_id:[]] 
  553096c532e666fb42214fdf0520fe4a [java.lang.String] reads 
  950af259c0a6e8343e20dc32ab58f547 [nextflow.util.ArrayBag] [FileHolder(sourceObj:/home/antonio/Escritorio/Repositorios_GitHub/miRPlan-nf/work/cb/e392e5bce4dd68875eef1b5cad1dbc/ERR4078847.fastq.gz, storePath:/home/antonio/Escritorio/Repositorios_GitHub/miRPlan-nf/work/cb/e392e5bce4dd68875eef1b5cad1dbc/ERR4078847.fastq.gz, stageName:ERR4078847.fastq.gz)] 
  81bd4426dd807ebce449111e4f064ea8 [java.lang.String] adapter_fasta 
  a11e2b3f7b6287491e5a5180862fbd54 [nextflow.util.ArrayBag] [FileHolder(sourceObj:/home/antonio/Escritorio/Repositorios_GitHub/miRPlan-nf/assets/illumina_adapters.fa, storePath:/home/antonio/Escritorio/Repositorios_GitHub/miRPlan-nf/assets/illumina_adapters.fa, stageName:illumina_adapters.fa)] 
  5d3e4d03ff6c63b64d1f472f0dd98eb6 [java.lang.String] discard_trimmed_pass 
  b55cff6ee5ab10468335f878aa2d6251 [java.lang.Boolean] false 
  b8fe9c5d8866384a61f2173561699f0b [java.lang.String] save_trimmed_fail 
  b55cff6ee5ab10468335f878aa2d6251 [java.lang.Boolean] false 
  11172150877c9773a66ab6be8a9de1c9 [java.lang.String] save_merged 
  b55cff6ee5ab10468335f878aa2d6251 [java.lang.Boolean] false 
  4f9d4b0d22865056c37fb6d9c2a04a67 [java.lang.String] $ 
  16fe7483905cce7a85670e43e4678877 [java.lang.Boolean] true 
  db1503409cedc49f906e35a0d53cef7b [java.util.HashMap$EntrySet] [task.ext.args=--cut_right --cut_right_window_size 4 --cut_right_mean_quality 20 --cut_front --cut_front_window_size 1 --cut_front_mean_quality 3 --length_required 20 --trim_poly_x --poly_x_min_len 10 --length_limit 25 --n_base_limit 0, task.ext.prefix=null] 

feb.-18 12:44:45.471 [Actor Thread 20] INFO  nextflow.processor.TaskProcessor - [e8/bfdae1] Cached process > MAIN_MIRPLAN:MIRPLAN:FASTQ_DOWNLOAD_PREFETCH_FASTERQDUMP_SRATOOLS:SRATOOLS_PREFETCH (ERR4078853)
feb.-18 12:44:45.476 [Actor Thread 12] INFO  nextflow.processor.TaskProcessor - [MAIN_MIRPLAN:MIRPLAN:FASTQ_DOWNLOAD_PREFETCH_FASTERQDUMP_SRATOOLS:SRATOOLS_FASTERQDUMP (14)] cache hash: 1e8eb962ea7f49f3b25c658007f6e9d4; mode: STANDARD; entries: 
  2ad8cea781a4a45e1ba87179f2662474 [java.util.UUID] ba89cd85-143a-443f-a9d1-dcf2039040f9 
  c8a9f3faa45fb97de15b0beea23bf727 [java.lang.String] MAIN_MIRPLAN:MIRPLAN:FASTQ_DOWNLOAD_PREFETCH_FASTERQDUMP_SRATOOLS:SRATOOLS_FASTERQDUMP 
  8f540896c8c0ee2001cf1c6f161ca663 [java.lang.String]     def args = task.ext.args ?: ''
    def args2 = task.ext.args2 ?: ''
    def prefix = task.ext.prefix ?: "${meta.id}"
    def outfile = "${prefix}.fastq"
    def exclude_third = meta.single_end ? '' : "mv $outfile $prefix || echo 'No third file'"
    def key_file = ''
    if (certificate.toString().endsWith('.jwt')) {
        key_file += " --perm ${certificate}"
    } else if (certificate.toString().endsWith('.ngc')) {
        key_file += " --ngc ${certificate}"
    }
    """
    export NCBI_SETTINGS="\$PWD/${ncbi_settings}"

    fasterq-dump \\
        $args \\
        --threads $task.cpus \\
        --outfile $outfile \\
        ${key_file} \\
        ${sra}

    $exclude_third

    pigz \\
        $args2 \\
        --no-name \\
        --processes $task.cpus \\
        *.fastq

    cat <<-END_VERSIONS > versions.yml
    "${task.process}":
        sratools: \$(fasterq-dump --version 2>&1 | grep -Eo '[0-9.]+')
        pigz: \$( pigz --version 2>&1 | sed 's/pigz //g' )
    END_VERSIONS
    """
 
  22a9e5e0e97f0475e310f04c56b1393a [java.lang.String] meta 
  9adb0d9b70649233e1a77e3a3a8e5131 [java.util.LinkedHashMap] [id:ERR4078853, species:Amaranthus hypochondriacus, species_id:null, project:PRJEB38055, metadata:/home/antonio/Escritorio/Repositorios_GitHub/miRPlan-nf/data/Additional_info/03-Metadata/amhy_m_PRJEB38055.tsv, genome:https://ftp.ncbi.nlm.nih.gov/genomes/all/GCA/000/753/965/GCA_000753965.2_IBAB_Ahyp_2.0/GCA_000753965.2_IBAB_Ahyp_2.0_genomic.fna.gz, single_end:true, group_id:[]] 
  82603cd2aa7d5725d2ea24f6871e784c [java.lang.String] sra 
  33574e3792c0353036b4f78069fdbd4a [nextflow.util.ArrayBag] [FileHolder(sourceObj:/home/antonio/Escritorio/Repositorios_GitHub/miRPlan-nf/work/e8/bfdae1fbcc3b932fe496501a17d72f/ERR4078853, storePath:/home/antonio/Escritorio/Repositorios_GitHub/miRPlan-nf/work/e8/bfdae1fbcc3b932fe496501a17d72f/ERR4078853, stageName:ERR4078853)] 
  67f48942945ea1621b4cdc554dccbbdc [java.lang.String] ncbi_settings 
  429eacaf9724663f61c49870037f16b3 [nextflow.util.ArrayBag] [FileHolder(sourceObj:/home/antonio/Escritorio/Repositorios_GitHub/miRPlan-nf/work/90/1f0cf3525773d6a8961dfc1ec62ed3/user-settings.mkfg, storePath:/home/antonio/Escritorio/Repositorios_GitHub/miRPlan-nf/work/90/1f0cf3525773d6a8961dfc1ec62ed3/user-settings.mkfg, stageName:user-settings.mkfg)] 
  bdd44eb374c9ffcad91555d01da9c386 [java.lang.String] certificate 
  d618a97df21bbd4bb61c79cdeca965b4 [nextflow.util.ArrayBag] [] 
  4f9d4b0d22865056c37fb6d9c2a04a67 [java.lang.String] $ 
  16fe7483905cce7a85670e43e4678877 [java.lang.Boolean] true 
  cdf3f0c9ef75e43a4cd834857215b509 [java.util.HashMap$EntrySet] [task.ext.args=null, task.ext.args2=null, task.ext.prefix=null] 

feb.-18 12:44:45.478 [Actor Thread 23] INFO  nextflow.processor.TaskProcessor - [c4/7bad21] Cached process > MAIN_MIRPLAN:MIRPLAN:FASTQ_DOWNLOAD_PREFETCH_FASTERQDUMP_SRATOOLS:SRATOOLS_PREFETCH (SRR14182749)
feb.-18 12:44:45.478 [Actor Thread 16] INFO  nextflow.processor.TaskProcessor - [c3/8d79f4] Cached process > MAIN_MIRPLAN:MIRPLAN:FASTQ_DOWNLOAD_PREFETCH_FASTERQDUMP_SRATOOLS:SRATOOLS_PREFETCH (SRR14182747)
feb.-18 12:44:45.479 [Actor Thread 12] INFO  nextflow.processor.TaskProcessor - [8d/01394e] Cached process > MAIN_MIRPLAN:MIRPLAN:FASTQ_DOWNLOAD_PREFETCH_FASTERQDUMP_SRATOOLS:SRATOOLS_FASTERQDUMP (ERR4078853)
feb.-18 12:44:45.481 [Actor Thread 16] INFO  nextflow.processor.TaskProcessor - [MAIN_MIRPLAN:MIRPLAN:FASTQ_DOWNLOAD_PREFETCH_FASTERQDUMP_SRATOOLS:SRATOOLS_FASTERQDUMP (15)] cache hash: f43ba9be62e5858a1408760a5e7fe084; mode: STANDARD; entries: 
  2ad8cea781a4a45e1ba87179f2662474 [java.util.UUID] ba89cd85-143a-443f-a9d1-dcf2039040f9 
  c8a9f3faa45fb97de15b0beea23bf727 [java.lang.String] MAIN_MIRPLAN:MIRPLAN:FASTQ_DOWNLOAD_PREFETCH_FASTERQDUMP_SRATOOLS:SRATOOLS_FASTERQDUMP 
  8f540896c8c0ee2001cf1c6f161ca663 [java.lang.String]     def args = task.ext.args ?: ''
    def args2 = task.ext.args2 ?: ''
    def prefix = task.ext.prefix ?: "${meta.id}"
    def outfile = "${prefix}.fastq"
    def exclude_third = meta.single_end ? '' : "mv $outfile $prefix || echo 'No third file'"
    def key_file = ''
    if (certificate.toString().endsWith('.jwt')) {
        key_file += " --perm ${certificate}"
    } else if (certificate.toString().endsWith('.ngc')) {
        key_file += " --ngc ${certificate}"
    }
    """
    export NCBI_SETTINGS="\$PWD/${ncbi_settings}"

    fasterq-dump \\
        $args \\
        --threads $task.cpus \\
        --outfile $outfile \\
        ${key_file} \\
        ${sra}

    $exclude_third

    pigz \\
        $args2 \\
        --no-name \\
        --processes $task.cpus \\
        *.fastq

    cat <<-END_VERSIONS > versions.yml
    "${task.process}":
        sratools: \$(fasterq-dump --version 2>&1 | grep -Eo '[0-9.]+')
        pigz: \$( pigz --version 2>&1 | sed 's/pigz //g' )
    END_VERSIONS
    """
 
  22a9e5e0e97f0475e310f04c56b1393a [java.lang.String] meta 
  e637324f0e3d244f09509e706d526066 [java.util.LinkedHashMap] [id:SRR14182747, species:Glycine max, species_id:null, project:PRJNA720229, metadata:/home/antonio/Escritorio/Repositorios_GitHub/miRPlan-nf/data/Additional_info/03-Metadata/glma_m_PRJNA720229.tsv, genome:https://ftp.ncbi.nlm.nih.gov/genomes/all/GCF/000/004/515/GCF_000004515.6_Glycine_max_v4.0/GCF_000004515.6_Glycine_max_v4.0_genomic.fna.gz, single_end:true, group_id:[]] 
  82603cd2aa7d5725d2ea24f6871e784c [java.lang.String] sra 
  e4592a4ecb6a65bf5c63f059aea14013 [nextflow.util.ArrayBag] [FileHolder(sourceObj:/home/antonio/Escritorio/Repositorios_GitHub/miRPlan-nf/work/c3/8d79f4d73670ecd7602e9856513b3c/SRR14182747, storePath:/home/antonio/Escritorio/Repositorios_GitHub/miRPlan-nf/work/c3/8d79f4d73670ecd7602e9856513b3c/SRR14182747, stageName:SRR14182747)] 
  67f48942945ea1621b4cdc554dccbbdc [java.lang.String] ncbi_settings 
  429eacaf9724663f61c49870037f16b3 [nextflow.util.ArrayBag] [FileHolder(sourceObj:/home/antonio/Escritorio/Repositorios_GitHub/miRPlan-nf/work/90/1f0cf3525773d6a8961dfc1ec62ed3/user-settings.mkfg, storePath:/home/antonio/Escritorio/Repositorios_GitHub/miRPlan-nf/work/90/1f0cf3525773d6a8961dfc1ec62ed3/user-settings.mkfg, stageName:user-settings.mkfg)] 
  bdd44eb374c9ffcad91555d01da9c386 [java.lang.String] certificate 
  d618a97df21bbd4bb61c79cdeca965b4 [nextflow.util.ArrayBag] [] 
  4f9d4b0d22865056c37fb6d9c2a04a67 [java.lang.String] $ 
  16fe7483905cce7a85670e43e4678877 [java.lang.Boolean] true 
  cdf3f0c9ef75e43a4cd834857215b509 [java.util.HashMap$EntrySet] [task.ext.args=null, task.ext.args2=null, task.ext.prefix=null] 

feb.-18 12:44:45.481 [Actor Thread 19] INFO  nextflow.processor.TaskProcessor - [MAIN_MIRPLAN:MIRPLAN:FASTQ_DOWNLOAD_PREFETCH_FASTERQDUMP_SRATOOLS:SRATOOLS_FASTERQDUMP (16)] cache hash: 1c1061b280ce835be0a9524a4bff5be7; mode: STANDARD; entries: 
  2ad8cea781a4a45e1ba87179f2662474 [java.util.UUID] ba89cd85-143a-443f-a9d1-dcf2039040f9 
  c8a9f3faa45fb97de15b0beea23bf727 [java.lang.String] MAIN_MIRPLAN:MIRPLAN:FASTQ_DOWNLOAD_PREFETCH_FASTERQDUMP_SRATOOLS:SRATOOLS_FASTERQDUMP 
  8f540896c8c0ee2001cf1c6f161ca663 [java.lang.String]     def args = task.ext.args ?: ''
    def args2 = task.ext.args2 ?: ''
    def prefix = task.ext.prefix ?: "${meta.id}"
    def outfile = "${prefix}.fastq"
    def exclude_third = meta.single_end ? '' : "mv $outfile $prefix || echo 'No third file'"
    def key_file = ''
    if (certificate.toString().endsWith('.jwt')) {
        key_file += " --perm ${certificate}"
    } else if (certificate.toString().endsWith('.ngc')) {
        key_file += " --ngc ${certificate}"
    }
    """
    export NCBI_SETTINGS="\$PWD/${ncbi_settings}"

    fasterq-dump \\
        $args \\
        --threads $task.cpus \\
        --outfile $outfile \\
        ${key_file} \\
        ${sra}

    $exclude_third

    pigz \\
        $args2 \\
        --no-name \\
        --processes $task.cpus \\
        *.fastq

    cat <<-END_VERSIONS > versions.yml
    "${task.process}":
        sratools: \$(fasterq-dump --version 2>&1 | grep -Eo '[0-9.]+')
        pigz: \$( pigz --version 2>&1 | sed 's/pigz //g' )
    END_VERSIONS
    """
 
  22a9e5e0e97f0475e310f04c56b1393a [java.lang.String] meta 
  fd2909bcf6653f77230baa2c2875eb89 [java.util.LinkedHashMap] [id:SRR14182749, species:Glycine max, species_id:null, project:PRJNA720229, metadata:/home/antonio/Escritorio/Repositorios_GitHub/miRPlan-nf/data/Additional_info/03-Metadata/glma_m_PRJNA720229.tsv, genome:https://ftp.ncbi.nlm.nih.gov/genomes/all/GCF/000/004/515/GCF_000004515.6_Glycine_max_v4.0/GCF_000004515.6_Glycine_max_v4.0_genomic.fna.gz, single_end:true, group_id:[]] 
  82603cd2aa7d5725d2ea24f6871e784c [java.lang.String] sra 
  bd56cd6e936e42241fd62c400ecce615 [nextflow.util.ArrayBag] [FileHolder(sourceObj:/home/antonio/Escritorio/Repositorios_GitHub/miRPlan-nf/work/c4/7bad216e423fa80b452448770acb23/SRR14182749, storePath:/home/antonio/Escritorio/Repositorios_GitHub/miRPlan-nf/work/c4/7bad216e423fa80b452448770acb23/SRR14182749, stageName:SRR14182749)] 
  67f48942945ea1621b4cdc554dccbbdc [java.lang.String] ncbi_settings 
  429eacaf9724663f61c49870037f16b3 [nextflow.util.ArrayBag] [FileHolder(sourceObj:/home/antonio/Escritorio/Repositorios_GitHub/miRPlan-nf/work/90/1f0cf3525773d6a8961dfc1ec62ed3/user-settings.mkfg, storePath:/home/antonio/Escritorio/Repositorios_GitHub/miRPlan-nf/work/90/1f0cf3525773d6a8961dfc1ec62ed3/user-settings.mkfg, stageName:user-settings.mkfg)] 
  bdd44eb374c9ffcad91555d01da9c386 [java.lang.String] certificate 
  d618a97df21bbd4bb61c79cdeca965b4 [nextflow.util.ArrayBag] [] 
  4f9d4b0d22865056c37fb6d9c2a04a67 [java.lang.String] $ 
  16fe7483905cce7a85670e43e4678877 [java.lang.Boolean] true 
  cdf3f0c9ef75e43a4cd834857215b509 [java.util.HashMap$EntrySet] [task.ext.args=null, task.ext.args2=null, task.ext.prefix=null] 

feb.-18 12:44:45.482 [Actor Thread 10] INFO  nextflow.processor.TaskProcessor - [MAIN_MIRPLAN:MIRPLAN:FASTP (9)] cache hash: 2cf08c54643c5bacd25a05370cb02414; mode: STANDARD; entries: 
  2ad8cea781a4a45e1ba87179f2662474 [java.util.UUID] ba89cd85-143a-443f-a9d1-dcf2039040f9 
  104e0b69705a0615a0fa12746b3d1013 [java.lang.String] MAIN_MIRPLAN:MIRPLAN:FASTP 
  5b15d3ed89c527d60357dfedb5bef80f [java.lang.String]     def args = task.ext.args ?: ''
    def prefix = task.ext.prefix ?: "${meta.id}"
    def adapter_list = adapter_fasta ? "--adapter_fasta ${adapter_fasta}" : ""
    def fail_fastq = save_trimmed_fail && meta.single_end ? "--failed_out ${prefix}.fail.fastq.gz" : save_trimmed_fail && !meta.single_end ? "--failed_out ${prefix}.paired.fail.fastq.gz --unpaired1 ${prefix}_1.fail.fastq.gz --unpaired2 ${prefix}_2.fail.fastq.gz" : ''
    def out_fq1 = discard_trimmed_pass ?: ( meta.single_end ? "--out1 ${prefix}.fastp.fastq.gz" : "--out1 ${prefix}_1.fastp.fastq.gz" )
    def out_fq2 = discard_trimmed_pass ?: "--out2 ${prefix}_2.fastp.fastq.gz"
    if ( task.ext.args?.contains('--interleaved_in') ) {
        """
        [ ! -f  ${prefix}.fastq.gz ] && ln -sf $reads ${prefix}.fastq.gz

        fastp \\
            --stdout \\
            --in1 ${prefix}.fastq.gz \\
            --thread $task.cpus \\
            --json ${prefix}.fastp.json \\
            --html ${prefix}.fastp.html \\
            $adapter_list \\
            $fail_fastq \\
            $args \\
            2> >(tee ${prefix}.fastp.log >&2) \\
        | gzip -c > ${prefix}.fastp.fastq.gz

        cat <<-END_VERSIONS > versions.yml
        "${task.process}":
            fastp: \$(fastp --version 2>&1 | sed -e "s/fastp //g")
        END_VERSIONS
        """
    } else if (meta.single_end) {
        """
        [ ! -f  ${prefix}.fastq.gz ] && ln -sf $reads ${prefix}.fastq.gz

        fastp \\
            --in1 ${prefix}.fastq.gz \\
            $out_fq1 \\
            --thread $task.cpus \\
            --json ${prefix}.fastp.json \\
            --html ${prefix}.fastp.html \\
            $adapter_list \\
            $fail_fastq \\
            $args \\
            2> >(tee ${prefix}.fastp.log >&2)

        cat <<-END_VERSIONS > versions.yml
        "${task.process}":
            fastp: \$(fastp --version 2>&1 | sed -e "s/fastp //g")
        END_VERSIONS
        """
    } else {
        def merge_fastq = save_merged ? "-m --merged_out ${prefix}.merged.fastq.gz" : ''
        """
        [ ! -f  ${prefix}_1.fastq.gz ] && ln -sf ${reads[0]} ${prefix}_1.fastq.gz
        [ ! -f  ${prefix}_2.fastq.gz ] && ln -sf ${reads[1]} ${prefix}_2.fastq.gz
        fastp \\
            --in1 ${prefix}_1.fastq.gz \\
            --in2 ${prefix}_2.fastq.gz \\
            $out_fq1 \\
            $out_fq2 \\
            --json ${prefix}.fastp.json \\
            --html ${prefix}.fastp.html \\
            $adapter_list \\
            $fail_fastq \\
            $merge_fastq \\
            --thread $task.cpus \\
            --detect_adapter_for_pe \\
            $args \\
            2> >(tee ${prefix}.fastp.log >&2)

        cat <<-END_VERSIONS > versions.yml
        "${task.process}":
            fastp: \$(fastp --version 2>&1 | sed -e "s/fastp //g")
        END_VERSIONS
        """
    }
 
  22a9e5e0e97f0475e310f04c56b1393a [java.lang.String] meta 
  9adb0d9b70649233e1a77e3a3a8e5131 [java.util.LinkedHashMap] [id:ERR4078853, species:Amaranthus hypochondriacus, species_id:null, project:PRJEB38055, metadata:/home/antonio/Escritorio/Repositorios_GitHub/miRPlan-nf/data/Additional_info/03-Metadata/amhy_m_PRJEB38055.tsv, genome:https://ftp.ncbi.nlm.nih.gov/genomes/all/GCA/000/753/965/GCA_000753965.2_IBAB_Ahyp_2.0/GCA_000753965.2_IBAB_Ahyp_2.0_genomic.fna.gz, single_end:true, group_id:[]] 
  553096c532e666fb42214fdf0520fe4a [java.lang.String] reads 
  d31bf6719980deaa80ebbf909d85f105 [nextflow.util.ArrayBag] [FileHolder(sourceObj:/home/antonio/Escritorio/Repositorios_GitHub/miRPlan-nf/work/8d/01394e262636344d863444171bcae3/ERR4078853.fastq.gz, storePath:/home/antonio/Escritorio/Repositorios_GitHub/miRPlan-nf/work/8d/01394e262636344d863444171bcae3/ERR4078853.fastq.gz, stageName:ERR4078853.fastq.gz)] 
  81bd4426dd807ebce449111e4f064ea8 [java.lang.String] adapter_fasta 
  a11e2b3f7b6287491e5a5180862fbd54 [nextflow.util.ArrayBag] [FileHolder(sourceObj:/home/antonio/Escritorio/Repositorios_GitHub/miRPlan-nf/assets/illumina_adapters.fa, storePath:/home/antonio/Escritorio/Repositorios_GitHub/miRPlan-nf/assets/illumina_adapters.fa, stageName:illumina_adapters.fa)] 
  5d3e4d03ff6c63b64d1f472f0dd98eb6 [java.lang.String] discard_trimmed_pass 
  b55cff6ee5ab10468335f878aa2d6251 [java.lang.Boolean] false 
  b8fe9c5d8866384a61f2173561699f0b [java.lang.String] save_trimmed_fail 
  b55cff6ee5ab10468335f878aa2d6251 [java.lang.Boolean] false 
  11172150877c9773a66ab6be8a9de1c9 [java.lang.String] save_merged 
  b55cff6ee5ab10468335f878aa2d6251 [java.lang.Boolean] false 
  4f9d4b0d22865056c37fb6d9c2a04a67 [java.lang.String] $ 
  16fe7483905cce7a85670e43e4678877 [java.lang.Boolean] true 
  db1503409cedc49f906e35a0d53cef7b [java.util.HashMap$EntrySet] [task.ext.args=--cut_right --cut_right_window_size 4 --cut_right_mean_quality 20 --cut_front --cut_front_window_size 1 --cut_front_mean_quality 3 --length_required 20 --trim_poly_x --poly_x_min_len 10 --length_limit 25 --n_base_limit 0, task.ext.prefix=null] 

feb.-18 12:44:45.486 [Actor Thread 13] INFO  nextflow.processor.TaskProcessor - [e0/82cf7d] Cached process > MAIN_MIRPLAN:MIRPLAN:FASTQ_DOWNLOAD_PREFETCH_FASTERQDUMP_SRATOOLS:SRATOOLS_FASTERQDUMP (ERR4078857)
feb.-18 12:44:45.490 [Actor Thread 17] INFO  nextflow.processor.TaskProcessor - [MAIN_MIRPLAN:MIRPLAN:FASTP (10)] cache hash: 64c5dc1c9df8093708e0b7d6401fc2f7; mode: STANDARD; entries: 
  2ad8cea781a4a45e1ba87179f2662474 [java.util.UUID] ba89cd85-143a-443f-a9d1-dcf2039040f9 
  104e0b69705a0615a0fa12746b3d1013 [java.lang.String] MAIN_MIRPLAN:MIRPLAN:FASTP 
  5b15d3ed89c527d60357dfedb5bef80f [java.lang.String]     def args = task.ext.args ?: ''
    def prefix = task.ext.prefix ?: "${meta.id}"
    def adapter_list = adapter_fasta ? "--adapter_fasta ${adapter_fasta}" : ""
    def fail_fastq = save_trimmed_fail && meta.single_end ? "--failed_out ${prefix}.fail.fastq.gz" : save_trimmed_fail && !meta.single_end ? "--failed_out ${prefix}.paired.fail.fastq.gz --unpaired1 ${prefix}_1.fail.fastq.gz --unpaired2 ${prefix}_2.fail.fastq.gz" : ''
    def out_fq1 = discard_trimmed_pass ?: ( meta.single_end ? "--out1 ${prefix}.fastp.fastq.gz" : "--out1 ${prefix}_1.fastp.fastq.gz" )
    def out_fq2 = discard_trimmed_pass ?: "--out2 ${prefix}_2.fastp.fastq.gz"
    if ( task.ext.args?.contains('--interleaved_in') ) {
        """
        [ ! -f  ${prefix}.fastq.gz ] && ln -sf $reads ${prefix}.fastq.gz

        fastp \\
            --stdout \\
            --in1 ${prefix}.fastq.gz \\
            --thread $task.cpus \\
            --json ${prefix}.fastp.json \\
            --html ${prefix}.fastp.html \\
            $adapter_list \\
            $fail_fastq \\
            $args \\
            2> >(tee ${prefix}.fastp.log >&2) \\
        | gzip -c > ${prefix}.fastp.fastq.gz

        cat <<-END_VERSIONS > versions.yml
        "${task.process}":
            fastp: \$(fastp --version 2>&1 | sed -e "s/fastp //g")
        END_VERSIONS
        """
    } else if (meta.single_end) {
        """
        [ ! -f  ${prefix}.fastq.gz ] && ln -sf $reads ${prefix}.fastq.gz

        fastp \\
            --in1 ${prefix}.fastq.gz \\
            $out_fq1 \\
            --thread $task.cpus \\
            --json ${prefix}.fastp.json \\
            --html ${prefix}.fastp.html \\
            $adapter_list \\
            $fail_fastq \\
            $args \\
            2> >(tee ${prefix}.fastp.log >&2)

        cat <<-END_VERSIONS > versions.yml
        "${task.process}":
            fastp: \$(fastp --version 2>&1 | sed -e "s/fastp //g")
        END_VERSIONS
        """
    } else {
        def merge_fastq = save_merged ? "-m --merged_out ${prefix}.merged.fastq.gz" : ''
        """
        [ ! -f  ${prefix}_1.fastq.gz ] && ln -sf ${reads[0]} ${prefix}_1.fastq.gz
        [ ! -f  ${prefix}_2.fastq.gz ] && ln -sf ${reads[1]} ${prefix}_2.fastq.gz
        fastp \\
            --in1 ${prefix}_1.fastq.gz \\
            --in2 ${prefix}_2.fastq.gz \\
            $out_fq1 \\
            $out_fq2 \\
            --json ${prefix}.fastp.json \\
            --html ${prefix}.fastp.html \\
            $adapter_list \\
            $fail_fastq \\
            $merge_fastq \\
            --thread $task.cpus \\
            --detect_adapter_for_pe \\
            $args \\
            2> >(tee ${prefix}.fastp.log >&2)

        cat <<-END_VERSIONS > versions.yml
        "${task.process}":
            fastp: \$(fastp --version 2>&1 | sed -e "s/fastp //g")
        END_VERSIONS
        """
    }
 
  22a9e5e0e97f0475e310f04c56b1393a [java.lang.String] meta 
  c087165f704ec8b6b5ce1c95c8ab2f7c [java.util.LinkedHashMap] [id:ERR4078857, species:Amaranthus hypochondriacus, species_id:null, project:PRJEB38055, metadata:/home/antonio/Escritorio/Repositorios_GitHub/miRPlan-nf/data/Additional_info/03-Metadata/amhy_m_PRJEB38055.tsv, genome:https://ftp.ncbi.nlm.nih.gov/genomes/all/GCA/000/753/965/GCA_000753965.2_IBAB_Ahyp_2.0/GCA_000753965.2_IBAB_Ahyp_2.0_genomic.fna.gz, single_end:true, group_id:[]] 
  553096c532e666fb42214fdf0520fe4a [java.lang.String] reads 
  48c61f7b97be7bd408e1d524c1752741 [nextflow.util.ArrayBag] [FileHolder(sourceObj:/home/antonio/Escritorio/Repositorios_GitHub/miRPlan-nf/work/e0/82cf7defa6676e37bddb71faf49cf9/ERR4078857.fastq.gz, storePath:/home/antonio/Escritorio/Repositorios_GitHub/miRPlan-nf/work/e0/82cf7defa6676e37bddb71faf49cf9/ERR4078857.fastq.gz, stageName:ERR4078857.fastq.gz)] 
  81bd4426dd807ebce449111e4f064ea8 [java.lang.String] adapter_fasta 
  a11e2b3f7b6287491e5a5180862fbd54 [nextflow.util.ArrayBag] [FileHolder(sourceObj:/home/antonio/Escritorio/Repositorios_GitHub/miRPlan-nf/assets/illumina_adapters.fa, storePath:/home/antonio/Escritorio/Repositorios_GitHub/miRPlan-nf/assets/illumina_adapters.fa, stageName:illumina_adapters.fa)] 
  5d3e4d03ff6c63b64d1f472f0dd98eb6 [java.lang.String] discard_trimmed_pass 
  b55cff6ee5ab10468335f878aa2d6251 [java.lang.Boolean] false 
  b8fe9c5d8866384a61f2173561699f0b [java.lang.String] save_trimmed_fail 
  b55cff6ee5ab10468335f878aa2d6251 [java.lang.Boolean] false 
  11172150877c9773a66ab6be8a9de1c9 [java.lang.String] save_merged 
  b55cff6ee5ab10468335f878aa2d6251 [java.lang.Boolean] false 
  4f9d4b0d22865056c37fb6d9c2a04a67 [java.lang.String] $ 
  16fe7483905cce7a85670e43e4678877 [java.lang.Boolean] true 
  db1503409cedc49f906e35a0d53cef7b [java.util.HashMap$EntrySet] [task.ext.args=--cut_right --cut_right_window_size 4 --cut_right_mean_quality 20 --cut_front --cut_front_window_size 1 --cut_front_mean_quality 3 --length_required 20 --trim_poly_x --poly_x_min_len 10 --length_limit 25 --n_base_limit 0, task.ext.prefix=null] 

feb.-18 12:44:45.498 [Actor Thread 17] INFO  nextflow.processor.TaskProcessor - [a7/830686] Cached process > MAIN_MIRPLAN:MIRPLAN:FASTP (ERR4078857)
feb.-18 12:44:45.508 [Actor Thread 11] INFO  nextflow.processor.TaskProcessor - [05/2953c4] Cached process > MAIN_MIRPLAN:MIRPLAN:FASTP (ERR4078852)
feb.-18 12:44:45.514 [Actor Thread 26] INFO  nextflow.processor.TaskProcessor - [ff/fd71e3] Cached process > MAIN_MIRPLAN:MIRPLAN:FASTQ_DOWNLOAD_PREFETCH_FASTERQDUMP_SRATOOLS:SRATOOLS_FASTERQDUMP (ERR4078855)
feb.-18 12:44:45.516 [Actor Thread 14] INFO  nextflow.processor.TaskProcessor - [a4/cbc626] Cached process > MAIN_MIRPLAN:MIRPLAN:FASTP (ERR4078849)
feb.-18 12:44:45.517 [Actor Thread 23] INFO  nextflow.processor.TaskProcessor - [MAIN_MIRPLAN:MIRPLAN:FASTP (11)] cache hash: 1f266f4fd28b41d6c3cdda200fa82cef; mode: STANDARD; entries: 
  2ad8cea781a4a45e1ba87179f2662474 [java.util.UUID] ba89cd85-143a-443f-a9d1-dcf2039040f9 
  104e0b69705a0615a0fa12746b3d1013 [java.lang.String] MAIN_MIRPLAN:MIRPLAN:FASTP 
  5b15d3ed89c527d60357dfedb5bef80f [java.lang.String]     def args = task.ext.args ?: ''
    def prefix = task.ext.prefix ?: "${meta.id}"
    def adapter_list = adapter_fasta ? "--adapter_fasta ${adapter_fasta}" : ""
    def fail_fastq = save_trimmed_fail && meta.single_end ? "--failed_out ${prefix}.fail.fastq.gz" : save_trimmed_fail && !meta.single_end ? "--failed_out ${prefix}.paired.fail.fastq.gz --unpaired1 ${prefix}_1.fail.fastq.gz --unpaired2 ${prefix}_2.fail.fastq.gz" : ''
    def out_fq1 = discard_trimmed_pass ?: ( meta.single_end ? "--out1 ${prefix}.fastp.fastq.gz" : "--out1 ${prefix}_1.fastp.fastq.gz" )
    def out_fq2 = discard_trimmed_pass ?: "--out2 ${prefix}_2.fastp.fastq.gz"
    if ( task.ext.args?.contains('--interleaved_in') ) {
        """
        [ ! -f  ${prefix}.fastq.gz ] && ln -sf $reads ${prefix}.fastq.gz

        fastp \\
            --stdout \\
            --in1 ${prefix}.fastq.gz \\
            --thread $task.cpus \\
            --json ${prefix}.fastp.json \\
            --html ${prefix}.fastp.html \\
            $adapter_list \\
            $fail_fastq \\
            $args \\
            2> >(tee ${prefix}.fastp.log >&2) \\
        | gzip -c > ${prefix}.fastp.fastq.gz

        cat <<-END_VERSIONS > versions.yml
        "${task.process}":
            fastp: \$(fastp --version 2>&1 | sed -e "s/fastp //g")
        END_VERSIONS
        """
    } else if (meta.single_end) {
        """
        [ ! -f  ${prefix}.fastq.gz ] && ln -sf $reads ${prefix}.fastq.gz

        fastp \\
            --in1 ${prefix}.fastq.gz \\
            $out_fq1 \\
            --thread $task.cpus \\
            --json ${prefix}.fastp.json \\
            --html ${prefix}.fastp.html \\
            $adapter_list \\
            $fail_fastq \\
            $args \\
            2> >(tee ${prefix}.fastp.log >&2)

        cat <<-END_VERSIONS > versions.yml
        "${task.process}":
            fastp: \$(fastp --version 2>&1 | sed -e "s/fastp //g")
        END_VERSIONS
        """
    } else {
        def merge_fastq = save_merged ? "-m --merged_out ${prefix}.merged.fastq.gz" : ''
        """
        [ ! -f  ${prefix}_1.fastq.gz ] && ln -sf ${reads[0]} ${prefix}_1.fastq.gz
        [ ! -f  ${prefix}_2.fastq.gz ] && ln -sf ${reads[1]} ${prefix}_2.fastq.gz
        fastp \\
            --in1 ${prefix}_1.fastq.gz \\
            --in2 ${prefix}_2.fastq.gz \\
            $out_fq1 \\
            $out_fq2 \\
            --json ${prefix}.fastp.json \\
            --html ${prefix}.fastp.html \\
            $adapter_list \\
            $fail_fastq \\
            $merge_fastq \\
            --thread $task.cpus \\
            --detect_adapter_for_pe \\
            $args \\
            2> >(tee ${prefix}.fastp.log >&2)

        cat <<-END_VERSIONS > versions.yml
        "${task.process}":
            fastp: \$(fastp --version 2>&1 | sed -e "s/fastp //g")
        END_VERSIONS
        """
    }
 
  22a9e5e0e97f0475e310f04c56b1393a [java.lang.String] meta 
  ba7eb505105579ab2a784a4607309297 [java.util.LinkedHashMap] [id:ERR4078855, species:Amaranthus hypochondriacus, species_id:null, project:PRJEB38055, metadata:/home/antonio/Escritorio/Repositorios_GitHub/miRPlan-nf/data/Additional_info/03-Metadata/amhy_m_PRJEB38055.tsv, genome:https://ftp.ncbi.nlm.nih.gov/genomes/all/GCA/000/753/965/GCA_000753965.2_IBAB_Ahyp_2.0/GCA_000753965.2_IBAB_Ahyp_2.0_genomic.fna.gz, single_end:true, group_id:[]] 
  553096c532e666fb42214fdf0520fe4a [java.lang.String] reads 
  2adca025212d29e7a555e9fc0bacdc20 [nextflow.util.ArrayBag] [FileHolder(sourceObj:/home/antonio/Escritorio/Repositorios_GitHub/miRPlan-nf/work/ff/fd71e3d4195ec835cd4fd7ba50718d/ERR4078855.fastq.gz, storePath:/home/antonio/Escritorio/Repositorios_GitHub/miRPlan-nf/work/ff/fd71e3d4195ec835cd4fd7ba50718d/ERR4078855.fastq.gz, stageName:ERR4078855.fastq.gz)] 
  81bd4426dd807ebce449111e4f064ea8 [java.lang.String] adapter_fasta 
  a11e2b3f7b6287491e5a5180862fbd54 [nextflow.util.ArrayBag] [FileHolder(sourceObj:/home/antonio/Escritorio/Repositorios_GitHub/miRPlan-nf/assets/illumina_adapters.fa, storePath:/home/antonio/Escritorio/Repositorios_GitHub/miRPlan-nf/assets/illumina_adapters.fa, stageName:illumina_adapters.fa)] 
  5d3e4d03ff6c63b64d1f472f0dd98eb6 [java.lang.String] discard_trimmed_pass 
  b55cff6ee5ab10468335f878aa2d6251 [java.lang.Boolean] false 
  b8fe9c5d8866384a61f2173561699f0b [java.lang.String] save_trimmed_fail 
  b55cff6ee5ab10468335f878aa2d6251 [java.lang.Boolean] false 
  11172150877c9773a66ab6be8a9de1c9 [java.lang.String] save_merged 
  b55cff6ee5ab10468335f878aa2d6251 [java.lang.Boolean] false 
  4f9d4b0d22865056c37fb6d9c2a04a67 [java.lang.String] $ 
  16fe7483905cce7a85670e43e4678877 [java.lang.Boolean] true 
  db1503409cedc49f906e35a0d53cef7b [java.util.HashMap$EntrySet] [task.ext.args=--cut_right --cut_right_window_size 4 --cut_right_mean_quality 20 --cut_front --cut_front_window_size 1 --cut_front_mean_quality 3 --length_required 20 --trim_poly_x --poly_x_min_len 10 --length_limit 25 --n_base_limit 0, task.ext.prefix=null] 

feb.-18 12:44:45.519 [Actor Thread 21] INFO  nextflow.processor.TaskProcessor - [f9/7c3686] Cached process > MAIN_MIRPLAN:MIRPLAN:FASTP (ERR4078847)
feb.-18 12:44:45.522 [Actor Thread 19] INFO  nextflow.processor.TaskProcessor - [ad/58602d] Cached process > MAIN_MIRPLAN:MIRPLAN:FASTQ_DOWNLOAD_PREFETCH_FASTERQDUMP_SRATOOLS:SRATOOLS_FASTERQDUMP (SRR14182749)
feb.-18 12:44:45.526 [Actor Thread 26] INFO  nextflow.processor.TaskProcessor - [MAIN_MIRPLAN:MIRPLAN:FASTP (12)] cache hash: ea56d8872e74b648d2c3a2c713a7eb42; mode: STANDARD; entries: 
  2ad8cea781a4a45e1ba87179f2662474 [java.util.UUID] ba89cd85-143a-443f-a9d1-dcf2039040f9 
  104e0b69705a0615a0fa12746b3d1013 [java.lang.String] MAIN_MIRPLAN:MIRPLAN:FASTP 
  5b15d3ed89c527d60357dfedb5bef80f [java.lang.String]     def args = task.ext.args ?: ''
    def prefix = task.ext.prefix ?: "${meta.id}"
    def adapter_list = adapter_fasta ? "--adapter_fasta ${adapter_fasta}" : ""
    def fail_fastq = save_trimmed_fail && meta.single_end ? "--failed_out ${prefix}.fail.fastq.gz" : save_trimmed_fail && !meta.single_end ? "--failed_out ${prefix}.paired.fail.fastq.gz --unpaired1 ${prefix}_1.fail.fastq.gz --unpaired2 ${prefix}_2.fail.fastq.gz" : ''
    def out_fq1 = discard_trimmed_pass ?: ( meta.single_end ? "--out1 ${prefix}.fastp.fastq.gz" : "--out1 ${prefix}_1.fastp.fastq.gz" )
    def out_fq2 = discard_trimmed_pass ?: "--out2 ${prefix}_2.fastp.fastq.gz"
    if ( task.ext.args?.contains('--interleaved_in') ) {
        """
        [ ! -f  ${prefix}.fastq.gz ] && ln -sf $reads ${prefix}.fastq.gz

        fastp \\
            --stdout \\
            --in1 ${prefix}.fastq.gz \\
            --thread $task.cpus \\
            --json ${prefix}.fastp.json \\
            --html ${prefix}.fastp.html \\
            $adapter_list \\
            $fail_fastq \\
            $args \\
            2> >(tee ${prefix}.fastp.log >&2) \\
        | gzip -c > ${prefix}.fastp.fastq.gz

        cat <<-END_VERSIONS > versions.yml
        "${task.process}":
            fastp: \$(fastp --version 2>&1 | sed -e "s/fastp //g")
        END_VERSIONS
        """
    } else if (meta.single_end) {
        """
        [ ! -f  ${prefix}.fastq.gz ] && ln -sf $reads ${prefix}.fastq.gz

        fastp \\
            --in1 ${prefix}.fastq.gz \\
            $out_fq1 \\
            --thread $task.cpus \\
            --json ${prefix}.fastp.json \\
            --html ${prefix}.fastp.html \\
            $adapter_list \\
            $fail_fastq \\
            $args \\
            2> >(tee ${prefix}.fastp.log >&2)

        cat <<-END_VERSIONS > versions.yml
        "${task.process}":
            fastp: \$(fastp --version 2>&1 | sed -e "s/fastp //g")
        END_VERSIONS
        """
    } else {
        def merge_fastq = save_merged ? "-m --merged_out ${prefix}.merged.fastq.gz" : ''
        """
        [ ! -f  ${prefix}_1.fastq.gz ] && ln -sf ${reads[0]} ${prefix}_1.fastq.gz
        [ ! -f  ${prefix}_2.fastq.gz ] && ln -sf ${reads[1]} ${prefix}_2.fastq.gz
        fastp \\
            --in1 ${prefix}_1.fastq.gz \\
            --in2 ${prefix}_2.fastq.gz \\
            $out_fq1 \\
            $out_fq2 \\
            --json ${prefix}.fastp.json \\
            --html ${prefix}.fastp.html \\
            $adapter_list \\
            $fail_fastq \\
            $merge_fastq \\
            --thread $task.cpus \\
            --detect_adapter_for_pe \\
            $args \\
            2> >(tee ${prefix}.fastp.log >&2)

        cat <<-END_VERSIONS > versions.yml
        "${task.process}":
            fastp: \$(fastp --version 2>&1 | sed -e "s/fastp //g")
        END_VERSIONS
        """
    }
 
  22a9e5e0e97f0475e310f04c56b1393a [java.lang.String] meta 
  fd2909bcf6653f77230baa2c2875eb89 [java.util.LinkedHashMap] [id:SRR14182749, species:Glycine max, species_id:null, project:PRJNA720229, metadata:/home/antonio/Escritorio/Repositorios_GitHub/miRPlan-nf/data/Additional_info/03-Metadata/glma_m_PRJNA720229.tsv, genome:https://ftp.ncbi.nlm.nih.gov/genomes/all/GCF/000/004/515/GCF_000004515.6_Glycine_max_v4.0/GCF_000004515.6_Glycine_max_v4.0_genomic.fna.gz, single_end:true, group_id:[]] 
  553096c532e666fb42214fdf0520fe4a [java.lang.String] reads 
  8d6b89fceeb8a68d593254c411e63b6c [nextflow.util.ArrayBag] [FileHolder(sourceObj:/home/antonio/Escritorio/Repositorios_GitHub/miRPlan-nf/work/ad/58602da6bdd99e3a0f2455ab7397fb/SRR14182749.fastq.gz, storePath:/home/antonio/Escritorio/Repositorios_GitHub/miRPlan-nf/work/ad/58602da6bdd99e3a0f2455ab7397fb/SRR14182749.fastq.gz, stageName:SRR14182749.fastq.gz)] 
  81bd4426dd807ebce449111e4f064ea8 [java.lang.String] adapter_fasta 
  a11e2b3f7b6287491e5a5180862fbd54 [nextflow.util.ArrayBag] [FileHolder(sourceObj:/home/antonio/Escritorio/Repositorios_GitHub/miRPlan-nf/assets/illumina_adapters.fa, storePath:/home/antonio/Escritorio/Repositorios_GitHub/miRPlan-nf/assets/illumina_adapters.fa, stageName:illumina_adapters.fa)] 
  5d3e4d03ff6c63b64d1f472f0dd98eb6 [java.lang.String] discard_trimmed_pass 
  b55cff6ee5ab10468335f878aa2d6251 [java.lang.Boolean] false 
  b8fe9c5d8866384a61f2173561699f0b [java.lang.String] save_trimmed_fail 
  b55cff6ee5ab10468335f878aa2d6251 [java.lang.Boolean] false 
  11172150877c9773a66ab6be8a9de1c9 [java.lang.String] save_merged 
  b55cff6ee5ab10468335f878aa2d6251 [java.lang.Boolean] false 
  4f9d4b0d22865056c37fb6d9c2a04a67 [java.lang.String] $ 
  16fe7483905cce7a85670e43e4678877 [java.lang.Boolean] true 
  db1503409cedc49f906e35a0d53cef7b [java.util.HashMap$EntrySet] [task.ext.args=--cut_right --cut_right_window_size 4 --cut_right_mean_quality 20 --cut_front --cut_front_window_size 1 --cut_front_mean_quality 3 --length_required 20 --trim_poly_x --poly_x_min_len 10 --length_limit 25 --n_base_limit 0, task.ext.prefix=null] 

feb.-18 12:44:45.531 [Actor Thread 2] INFO  nextflow.processor.TaskProcessor - [17/67e2f5] Cached process > MAIN_MIRPLAN:MIRPLAN:FASTQ_DOWNLOAD_PREFETCH_FASTERQDUMP_SRATOOLS:SRATOOLS_FASTERQDUMP (SRR14182735)
feb.-18 12:44:45.534 [Actor Thread 25] INFO  nextflow.processor.TaskProcessor - [5c/71370a] Cached process > MAIN_MIRPLAN:MIRPLAN:FASTQ_DOWNLOAD_PREFETCH_FASTERQDUMP_SRATOOLS:SRATOOLS_FASTERQDUMP (SRR14182736)
feb.-18 12:44:45.535 [Actor Thread 9] INFO  nextflow.processor.TaskProcessor - [MAIN_MIRPLAN:MIRPLAN:FASTP (13)] cache hash: b3c5fec6d2a8cb9a544a37c4555aa15f; mode: STANDARD; entries: 
  2ad8cea781a4a45e1ba87179f2662474 [java.util.UUID] ba89cd85-143a-443f-a9d1-dcf2039040f9 
  104e0b69705a0615a0fa12746b3d1013 [java.lang.String] MAIN_MIRPLAN:MIRPLAN:FASTP 
  5b15d3ed89c527d60357dfedb5bef80f [java.lang.String]     def args = task.ext.args ?: ''
    def prefix = task.ext.prefix ?: "${meta.id}"
    def adapter_list = adapter_fasta ? "--adapter_fasta ${adapter_fasta}" : ""
    def fail_fastq = save_trimmed_fail && meta.single_end ? "--failed_out ${prefix}.fail.fastq.gz" : save_trimmed_fail && !meta.single_end ? "--failed_out ${prefix}.paired.fail.fastq.gz --unpaired1 ${prefix}_1.fail.fastq.gz --unpaired2 ${prefix}_2.fail.fastq.gz" : ''
    def out_fq1 = discard_trimmed_pass ?: ( meta.single_end ? "--out1 ${prefix}.fastp.fastq.gz" : "--out1 ${prefix}_1.fastp.fastq.gz" )
    def out_fq2 = discard_trimmed_pass ?: "--out2 ${prefix}_2.fastp.fastq.gz"
    if ( task.ext.args?.contains('--interleaved_in') ) {
        """
        [ ! -f  ${prefix}.fastq.gz ] && ln -sf $reads ${prefix}.fastq.gz

        fastp \\
            --stdout \\
            --in1 ${prefix}.fastq.gz \\
            --thread $task.cpus \\
            --json ${prefix}.fastp.json \\
            --html ${prefix}.fastp.html \\
            $adapter_list \\
            $fail_fastq \\
            $args \\
            2> >(tee ${prefix}.fastp.log >&2) \\
        | gzip -c > ${prefix}.fastp.fastq.gz

        cat <<-END_VERSIONS > versions.yml
        "${task.process}":
            fastp: \$(fastp --version 2>&1 | sed -e "s/fastp //g")
        END_VERSIONS
        """
    } else if (meta.single_end) {
        """
        [ ! -f  ${prefix}.fastq.gz ] && ln -sf $reads ${prefix}.fastq.gz

        fastp \\
            --in1 ${prefix}.fastq.gz \\
            $out_fq1 \\
            --thread $task.cpus \\
            --json ${prefix}.fastp.json \\
            --html ${prefix}.fastp.html \\
            $adapter_list \\
            $fail_fastq \\
            $args \\
            2> >(tee ${prefix}.fastp.log >&2)

        cat <<-END_VERSIONS > versions.yml
        "${task.process}":
            fastp: \$(fastp --version 2>&1 | sed -e "s/fastp //g")
        END_VERSIONS
        """
    } else {
        def merge_fastq = save_merged ? "-m --merged_out ${prefix}.merged.fastq.gz" : ''
        """
        [ ! -f  ${prefix}_1.fastq.gz ] && ln -sf ${reads[0]} ${prefix}_1.fastq.gz
        [ ! -f  ${prefix}_2.fastq.gz ] && ln -sf ${reads[1]} ${prefix}_2.fastq.gz
        fastp \\
            --in1 ${prefix}_1.fastq.gz \\
            --in2 ${prefix}_2.fastq.gz \\
            $out_fq1 \\
            $out_fq2 \\
            --json ${prefix}.fastp.json \\
            --html ${prefix}.fastp.html \\
            $adapter_list \\
            $fail_fastq \\
            $merge_fastq \\
            --thread $task.cpus \\
            --detect_adapter_for_pe \\
            $args \\
            2> >(tee ${prefix}.fastp.log >&2)

        cat <<-END_VERSIONS > versions.yml
        "${task.process}":
            fastp: \$(fastp --version 2>&1 | sed -e "s/fastp //g")
        END_VERSIONS
        """
    }
 
  22a9e5e0e97f0475e310f04c56b1393a [java.lang.String] meta 
  98aa17f632daedacca815ca8f1f12a2e [java.util.LinkedHashMap] [id:SRR14182735, species:Glycine max, species_id:null, project:PRJNA720229, metadata:/home/antonio/Escritorio/Repositorios_GitHub/miRPlan-nf/data/Additional_info/03-Metadata/glma_m_PRJNA720229.tsv, genome:https://ftp.ncbi.nlm.nih.gov/genomes/all/GCF/000/004/515/GCF_000004515.6_Glycine_max_v4.0/GCF_000004515.6_Glycine_max_v4.0_genomic.fna.gz, single_end:true, group_id:[]] 
  553096c532e666fb42214fdf0520fe4a [java.lang.String] reads 
  18002a4e073b16e4dfb6b38014352799 [nextflow.util.ArrayBag] [FileHolder(sourceObj:/home/antonio/Escritorio/Repositorios_GitHub/miRPlan-nf/work/17/67e2f520c52b2a233be3ac8fe9464c/SRR14182735.fastq.gz, storePath:/home/antonio/Escritorio/Repositorios_GitHub/miRPlan-nf/work/17/67e2f520c52b2a233be3ac8fe9464c/SRR14182735.fastq.gz, stageName:SRR14182735.fastq.gz)] 
  81bd4426dd807ebce449111e4f064ea8 [java.lang.String] adapter_fasta 
  a11e2b3f7b6287491e5a5180862fbd54 [nextflow.util.ArrayBag] [FileHolder(sourceObj:/home/antonio/Escritorio/Repositorios_GitHub/miRPlan-nf/assets/illumina_adapters.fa, storePath:/home/antonio/Escritorio/Repositorios_GitHub/miRPlan-nf/assets/illumina_adapters.fa, stageName:illumina_adapters.fa)] 
  5d3e4d03ff6c63b64d1f472f0dd98eb6 [java.lang.String] discard_trimmed_pass 
  b55cff6ee5ab10468335f878aa2d6251 [java.lang.Boolean] false 
  b8fe9c5d8866384a61f2173561699f0b [java.lang.String] save_trimmed_fail 
  b55cff6ee5ab10468335f878aa2d6251 [java.lang.Boolean] false 
  11172150877c9773a66ab6be8a9de1c9 [java.lang.String] save_merged 
  b55cff6ee5ab10468335f878aa2d6251 [java.lang.Boolean] false 
  4f9d4b0d22865056c37fb6d9c2a04a67 [java.lang.String] $ 
  16fe7483905cce7a85670e43e4678877 [java.lang.Boolean] true 
  db1503409cedc49f906e35a0d53cef7b [java.util.HashMap$EntrySet] [task.ext.args=--cut_right --cut_right_window_size 4 --cut_right_mean_quality 20 --cut_front --cut_front_window_size 1 --cut_front_mean_quality 3 --length_required 20 --trim_poly_x --poly_x_min_len 10 --length_limit 25 --n_base_limit 0, task.ext.prefix=null] 

feb.-18 12:44:45.539 [Actor Thread 22] INFO  nextflow.processor.TaskProcessor - [MAIN_MIRPLAN:MIRPLAN:FASTP (14)] cache hash: 91a5e2c66d5ef367713c5456c954af22; mode: STANDARD; entries: 
  2ad8cea781a4a45e1ba87179f2662474 [java.util.UUID] ba89cd85-143a-443f-a9d1-dcf2039040f9 
  104e0b69705a0615a0fa12746b3d1013 [java.lang.String] MAIN_MIRPLAN:MIRPLAN:FASTP 
  5b15d3ed89c527d60357dfedb5bef80f [java.lang.String]     def args = task.ext.args ?: ''
    def prefix = task.ext.prefix ?: "${meta.id}"
    def adapter_list = adapter_fasta ? "--adapter_fasta ${adapter_fasta}" : ""
    def fail_fastq = save_trimmed_fail && meta.single_end ? "--failed_out ${prefix}.fail.fastq.gz" : save_trimmed_fail && !meta.single_end ? "--failed_out ${prefix}.paired.fail.fastq.gz --unpaired1 ${prefix}_1.fail.fastq.gz --unpaired2 ${prefix}_2.fail.fastq.gz" : ''
    def out_fq1 = discard_trimmed_pass ?: ( meta.single_end ? "--out1 ${prefix}.fastp.fastq.gz" : "--out1 ${prefix}_1.fastp.fastq.gz" )
    def out_fq2 = discard_trimmed_pass ?: "--out2 ${prefix}_2.fastp.fastq.gz"
    if ( task.ext.args?.contains('--interleaved_in') ) {
        """
        [ ! -f  ${prefix}.fastq.gz ] && ln -sf $reads ${prefix}.fastq.gz

        fastp \\
            --stdout \\
            --in1 ${prefix}.fastq.gz \\
            --thread $task.cpus \\
            --json ${prefix}.fastp.json \\
            --html ${prefix}.fastp.html \\
            $adapter_list \\
            $fail_fastq \\
            $args \\
            2> >(tee ${prefix}.fastp.log >&2) \\
        | gzip -c > ${prefix}.fastp.fastq.gz

        cat <<-END_VERSIONS > versions.yml
        "${task.process}":
            fastp: \$(fastp --version 2>&1 | sed -e "s/fastp //g")
        END_VERSIONS
        """
    } else if (meta.single_end) {
        """
        [ ! -f  ${prefix}.fastq.gz ] && ln -sf $reads ${prefix}.fastq.gz

        fastp \\
            --in1 ${prefix}.fastq.gz \\
            $out_fq1 \\
            --thread $task.cpus \\
            --json ${prefix}.fastp.json \\
            --html ${prefix}.fastp.html \\
            $adapter_list \\
            $fail_fastq \\
            $args \\
            2> >(tee ${prefix}.fastp.log >&2)

        cat <<-END_VERSIONS > versions.yml
        "${task.process}":
            fastp: \$(fastp --version 2>&1 | sed -e "s/fastp //g")
        END_VERSIONS
        """
    } else {
        def merge_fastq = save_merged ? "-m --merged_out ${prefix}.merged.fastq.gz" : ''
        """
        [ ! -f  ${prefix}_1.fastq.gz ] && ln -sf ${reads[0]} ${prefix}_1.fastq.gz
        [ ! -f  ${prefix}_2.fastq.gz ] && ln -sf ${reads[1]} ${prefix}_2.fastq.gz
        fastp \\
            --in1 ${prefix}_1.fastq.gz \\
            --in2 ${prefix}_2.fastq.gz \\
            $out_fq1 \\
            $out_fq2 \\
            --json ${prefix}.fastp.json \\
            --html ${prefix}.fastp.html \\
            $adapter_list \\
            $fail_fastq \\
            $merge_fastq \\
            --thread $task.cpus \\
            --detect_adapter_for_pe \\
            $args \\
            2> >(tee ${prefix}.fastp.log >&2)

        cat <<-END_VERSIONS > versions.yml
        "${task.process}":
            fastp: \$(fastp --version 2>&1 | sed -e "s/fastp //g")
        END_VERSIONS
        """
    }
 
  22a9e5e0e97f0475e310f04c56b1393a [java.lang.String] meta 
  1f88acb9dececf002bcef3c9d04a5c96 [java.util.LinkedHashMap] [id:SRR14182736, species:Glycine max, species_id:null, project:PRJNA720229, metadata:/home/antonio/Escritorio/Repositorios_GitHub/miRPlan-nf/data/Additional_info/03-Metadata/glma_m_PRJNA720229.tsv, genome:https://ftp.ncbi.nlm.nih.gov/genomes/all/GCF/000/004/515/GCF_000004515.6_Glycine_max_v4.0/GCF_000004515.6_Glycine_max_v4.0_genomic.fna.gz, single_end:true, group_id:[]] 
  553096c532e666fb42214fdf0520fe4a [java.lang.String] reads 
  1685ce548cd9d67140326ca4069b3a3e [nextflow.util.ArrayBag] [FileHolder(sourceObj:/home/antonio/Escritorio/Repositorios_GitHub/miRPlan-nf/work/5c/71370af323eea9d22c3d8a5e2a0b23/SRR14182736.fastq.gz, storePath:/home/antonio/Escritorio/Repositorios_GitHub/miRPlan-nf/work/5c/71370af323eea9d22c3d8a5e2a0b23/SRR14182736.fastq.gz, stageName:SRR14182736.fastq.gz)] 
  81bd4426dd807ebce449111e4f064ea8 [java.lang.String] adapter_fasta 
  a11e2b3f7b6287491e5a5180862fbd54 [nextflow.util.ArrayBag] [FileHolder(sourceObj:/home/antonio/Escritorio/Repositorios_GitHub/miRPlan-nf/assets/illumina_adapters.fa, storePath:/home/antonio/Escritorio/Repositorios_GitHub/miRPlan-nf/assets/illumina_adapters.fa, stageName:illumina_adapters.fa)] 
  5d3e4d03ff6c63b64d1f472f0dd98eb6 [java.lang.String] discard_trimmed_pass 
  b55cff6ee5ab10468335f878aa2d6251 [java.lang.Boolean] false 
  b8fe9c5d8866384a61f2173561699f0b [java.lang.String] save_trimmed_fail 
  b55cff6ee5ab10468335f878aa2d6251 [java.lang.Boolean] false 
  11172150877c9773a66ab6be8a9de1c9 [java.lang.String] save_merged 
  b55cff6ee5ab10468335f878aa2d6251 [java.lang.Boolean] false 
  4f9d4b0d22865056c37fb6d9c2a04a67 [java.lang.String] $ 
  16fe7483905cce7a85670e43e4678877 [java.lang.Boolean] true 
  db1503409cedc49f906e35a0d53cef7b [java.util.HashMap$EntrySet] [task.ext.args=--cut_right --cut_right_window_size 4 --cut_right_mean_quality 20 --cut_front --cut_front_window_size 1 --cut_front_mean_quality 3 --length_required 20 --trim_poly_x --poly_x_min_len 10 --length_limit 25 --n_base_limit 0, task.ext.prefix=null] 

feb.-18 12:44:45.551 [Actor Thread 26] INFO  nextflow.processor.TaskProcessor - [69/e406e9] Cached process > MAIN_MIRPLAN:MIRPLAN:FASTP (SRR14182749)
feb.-18 12:44:45.551 [Actor Thread 9] INFO  nextflow.processor.TaskProcessor - [08/970ea6] Cached process > MAIN_MIRPLAN:MIRPLAN:FASTP (SRR14182735)
feb.-18 12:44:45.559 [Actor Thread 4] INFO  nextflow.processor.TaskProcessor - [4f/06d237] Cached process > MAIN_MIRPLAN:MIRPLAN:FASTQ_DOWNLOAD_PREFETCH_FASTERQDUMP_SRATOOLS:SRATOOLS_PREFETCH (ERR4078856)
feb.-18 12:44:45.559 [Actor Thread 8] INFO  nextflow.processor.TaskProcessor - [eb/1650d8] Cached process > MAIN_MIRPLAN:MIRPLAN:FASTQ_DOWNLOAD_PREFETCH_FASTERQDUMP_SRATOOLS:SRATOOLS_PREFETCH (ERR4078851)
feb.-18 12:44:45.562 [Actor Thread 19] INFO  nextflow.processor.TaskProcessor - [MAIN_MIRPLAN:MIRPLAN:FASTQ_DOWNLOAD_PREFETCH_FASTERQDUMP_SRATOOLS:SRATOOLS_FASTERQDUMP (18)] cache hash: 2618af4ad4923e505c97e1883a6fbe6e; mode: STANDARD; entries: 
  2ad8cea781a4a45e1ba87179f2662474 [java.util.UUID] ba89cd85-143a-443f-a9d1-dcf2039040f9 
  c8a9f3faa45fb97de15b0beea23bf727 [java.lang.String] MAIN_MIRPLAN:MIRPLAN:FASTQ_DOWNLOAD_PREFETCH_FASTERQDUMP_SRATOOLS:SRATOOLS_FASTERQDUMP 
  8f540896c8c0ee2001cf1c6f161ca663 [java.lang.String]     def args = task.ext.args ?: ''
    def args2 = task.ext.args2 ?: ''
    def prefix = task.ext.prefix ?: "${meta.id}"
    def outfile = "${prefix}.fastq"
    def exclude_third = meta.single_end ? '' : "mv $outfile $prefix || echo 'No third file'"
    def key_file = ''
    if (certificate.toString().endsWith('.jwt')) {
        key_file += " --perm ${certificate}"
    } else if (certificate.toString().endsWith('.ngc')) {
        key_file += " --ngc ${certificate}"
    }
    """
    export NCBI_SETTINGS="\$PWD/${ncbi_settings}"

    fasterq-dump \\
        $args \\
        --threads $task.cpus \\
        --outfile $outfile \\
        ${key_file} \\
        ${sra}

    $exclude_third

    pigz \\
        $args2 \\
        --no-name \\
        --processes $task.cpus \\
        *.fastq

    cat <<-END_VERSIONS > versions.yml
    "${task.process}":
        sratools: \$(fasterq-dump --version 2>&1 | grep -Eo '[0-9.]+')
        pigz: \$( pigz --version 2>&1 | sed 's/pigz //g' )
    END_VERSIONS
    """
 
  22a9e5e0e97f0475e310f04c56b1393a [java.lang.String] meta 
  2d074108fb7dc836ee939be4e0bc064c [java.util.LinkedHashMap] [id:ERR4078851, species:Amaranthus hypochondriacus, species_id:null, project:PRJEB38055, metadata:/home/antonio/Escritorio/Repositorios_GitHub/miRPlan-nf/data/Additional_info/03-Metadata/amhy_m_PRJEB38055.tsv, genome:https://ftp.ncbi.nlm.nih.gov/genomes/all/GCA/000/753/965/GCA_000753965.2_IBAB_Ahyp_2.0/GCA_000753965.2_IBAB_Ahyp_2.0_genomic.fna.gz, single_end:true, group_id:[]] 
  82603cd2aa7d5725d2ea24f6871e784c [java.lang.String] sra 
  42aa5b6a431a9b154c280c15b7d7ff03 [nextflow.util.ArrayBag] [FileHolder(sourceObj:/home/antonio/Escritorio/Repositorios_GitHub/miRPlan-nf/work/eb/1650d8370188edba5554ae97f880f6/ERR4078851, storePath:/home/antonio/Escritorio/Repositorios_GitHub/miRPlan-nf/work/eb/1650d8370188edba5554ae97f880f6/ERR4078851, stageName:ERR4078851)] 
  67f48942945ea1621b4cdc554dccbbdc [java.lang.String] ncbi_settings 
  429eacaf9724663f61c49870037f16b3 [nextflow.util.ArrayBag] [FileHolder(sourceObj:/home/antonio/Escritorio/Repositorios_GitHub/miRPlan-nf/work/90/1f0cf3525773d6a8961dfc1ec62ed3/user-settings.mkfg, storePath:/home/antonio/Escritorio/Repositorios_GitHub/miRPlan-nf/work/90/1f0cf3525773d6a8961dfc1ec62ed3/user-settings.mkfg, stageName:user-settings.mkfg)] 
  bdd44eb374c9ffcad91555d01da9c386 [java.lang.String] certificate 
  d618a97df21bbd4bb61c79cdeca965b4 [nextflow.util.ArrayBag] [] 
  4f9d4b0d22865056c37fb6d9c2a04a67 [java.lang.String] $ 
  16fe7483905cce7a85670e43e4678877 [java.lang.Boolean] true 
  cdf3f0c9ef75e43a4cd834857215b509 [java.util.HashMap$EntrySet] [task.ext.args=null, task.ext.args2=null, task.ext.prefix=null] 

feb.-18 12:44:45.562 [Actor Thread 4] INFO  nextflow.processor.TaskProcessor - [MAIN_MIRPLAN:MIRPLAN:FASTQ_DOWNLOAD_PREFETCH_FASTERQDUMP_SRATOOLS:SRATOOLS_FASTERQDUMP (17)] cache hash: 1061922e9d765b0cce9fcb03bbeb67df; mode: STANDARD; entries: 
  2ad8cea781a4a45e1ba87179f2662474 [java.util.UUID] ba89cd85-143a-443f-a9d1-dcf2039040f9 
  c8a9f3faa45fb97de15b0beea23bf727 [java.lang.String] MAIN_MIRPLAN:MIRPLAN:FASTQ_DOWNLOAD_PREFETCH_FASTERQDUMP_SRATOOLS:SRATOOLS_FASTERQDUMP 
  8f540896c8c0ee2001cf1c6f161ca663 [java.lang.String]     def args = task.ext.args ?: ''
    def args2 = task.ext.args2 ?: ''
    def prefix = task.ext.prefix ?: "${meta.id}"
    def outfile = "${prefix}.fastq"
    def exclude_third = meta.single_end ? '' : "mv $outfile $prefix || echo 'No third file'"
    def key_file = ''
    if (certificate.toString().endsWith('.jwt')) {
        key_file += " --perm ${certificate}"
    } else if (certificate.toString().endsWith('.ngc')) {
        key_file += " --ngc ${certificate}"
    }
    """
    export NCBI_SETTINGS="\$PWD/${ncbi_settings}"

    fasterq-dump \\
        $args \\
        --threads $task.cpus \\
        --outfile $outfile \\
        ${key_file} \\
        ${sra}

    $exclude_third

    pigz \\
        $args2 \\
        --no-name \\
        --processes $task.cpus \\
        *.fastq

    cat <<-END_VERSIONS > versions.yml
    "${task.process}":
        sratools: \$(fasterq-dump --version 2>&1 | grep -Eo '[0-9.]+')
        pigz: \$( pigz --version 2>&1 | sed 's/pigz //g' )
    END_VERSIONS
    """
 
  22a9e5e0e97f0475e310f04c56b1393a [java.lang.String] meta 
  79078031bd4416ea59290dba47421cff [java.util.LinkedHashMap] [id:ERR4078856, species:Amaranthus hypochondriacus, species_id:null, project:PRJEB38055, metadata:/home/antonio/Escritorio/Repositorios_GitHub/miRPlan-nf/data/Additional_info/03-Metadata/amhy_m_PRJEB38055.tsv, genome:https://ftp.ncbi.nlm.nih.gov/genomes/all/GCA/000/753/965/GCA_000753965.2_IBAB_Ahyp_2.0/GCA_000753965.2_IBAB_Ahyp_2.0_genomic.fna.gz, single_end:true, group_id:[]] 
  82603cd2aa7d5725d2ea24f6871e784c [java.lang.String] sra 
  77693971b231f040e0f2f82febe31288 [nextflow.util.ArrayBag] [FileHolder(sourceObj:/home/antonio/Escritorio/Repositorios_GitHub/miRPlan-nf/work/4f/06d2375d4710a2f68cc2aa16abdfc7/ERR4078856, storePath:/home/antonio/Escritorio/Repositorios_GitHub/miRPlan-nf/work/4f/06d2375d4710a2f68cc2aa16abdfc7/ERR4078856, stageName:ERR4078856)] 
  67f48942945ea1621b4cdc554dccbbdc [java.lang.String] ncbi_settings 
  429eacaf9724663f61c49870037f16b3 [nextflow.util.ArrayBag] [FileHolder(sourceObj:/home/antonio/Escritorio/Repositorios_GitHub/miRPlan-nf/work/90/1f0cf3525773d6a8961dfc1ec62ed3/user-settings.mkfg, storePath:/home/antonio/Escritorio/Repositorios_GitHub/miRPlan-nf/work/90/1f0cf3525773d6a8961dfc1ec62ed3/user-settings.mkfg, stageName:user-settings.mkfg)] 
  bdd44eb374c9ffcad91555d01da9c386 [java.lang.String] certificate 
  d618a97df21bbd4bb61c79cdeca965b4 [nextflow.util.ArrayBag] [] 
  4f9d4b0d22865056c37fb6d9c2a04a67 [java.lang.String] $ 
  16fe7483905cce7a85670e43e4678877 [java.lang.Boolean] true 
  cdf3f0c9ef75e43a4cd834857215b509 [java.util.HashMap$EntrySet] [task.ext.args=null, task.ext.args2=null, task.ext.prefix=null] 

feb.-18 12:44:45.573 [Actor Thread 22] INFO  nextflow.processor.TaskProcessor - [ce/ab85f9] Cached process > MAIN_MIRPLAN:MIRPLAN:FASTP (SRR14182736)
feb.-18 12:44:45.583 [Actor Thread 7] INFO  nextflow.processor.TaskProcessor - [00/c76246] Cached process > MAIN_MIRPLAN:MIRPLAN:FASTQ_DOWNLOAD_PREFETCH_FASTERQDUMP_SRATOOLS:SRATOOLS_FASTERQDUMP (ERR4078854)
feb.-18 12:44:45.588 [Actor Thread 13] INFO  nextflow.processor.TaskProcessor - [MAIN_MIRPLAN:MIRPLAN:FASTP (15)] cache hash: 6443090be76aab7e9cb0d9ec55d73b7e; mode: STANDARD; entries: 
  2ad8cea781a4a45e1ba87179f2662474 [java.util.UUID] ba89cd85-143a-443f-a9d1-dcf2039040f9 
  104e0b69705a0615a0fa12746b3d1013 [java.lang.String] MAIN_MIRPLAN:MIRPLAN:FASTP 
  5b15d3ed89c527d60357dfedb5bef80f [java.lang.String]     def args = task.ext.args ?: ''
    def prefix = task.ext.prefix ?: "${meta.id}"
    def adapter_list = adapter_fasta ? "--adapter_fasta ${adapter_fasta}" : ""
    def fail_fastq = save_trimmed_fail && meta.single_end ? "--failed_out ${prefix}.fail.fastq.gz" : save_trimmed_fail && !meta.single_end ? "--failed_out ${prefix}.paired.fail.fastq.gz --unpaired1 ${prefix}_1.fail.fastq.gz --unpaired2 ${prefix}_2.fail.fastq.gz" : ''
    def out_fq1 = discard_trimmed_pass ?: ( meta.single_end ? "--out1 ${prefix}.fastp.fastq.gz" : "--out1 ${prefix}_1.fastp.fastq.gz" )
    def out_fq2 = discard_trimmed_pass ?: "--out2 ${prefix}_2.fastp.fastq.gz"
    if ( task.ext.args?.contains('--interleaved_in') ) {
        """
        [ ! -f  ${prefix}.fastq.gz ] && ln -sf $reads ${prefix}.fastq.gz

        fastp \\
            --stdout \\
            --in1 ${prefix}.fastq.gz \\
            --thread $task.cpus \\
            --json ${prefix}.fastp.json \\
            --html ${prefix}.fastp.html \\
            $adapter_list \\
            $fail_fastq \\
            $args \\
            2> >(tee ${prefix}.fastp.log >&2) \\
        | gzip -c > ${prefix}.fastp.fastq.gz

        cat <<-END_VERSIONS > versions.yml
        "${task.process}":
            fastp: \$(fastp --version 2>&1 | sed -e "s/fastp //g")
        END_VERSIONS
        """
    } else if (meta.single_end) {
        """
        [ ! -f  ${prefix}.fastq.gz ] && ln -sf $reads ${prefix}.fastq.gz

        fastp \\
            --in1 ${prefix}.fastq.gz \\
            $out_fq1 \\
            --thread $task.cpus \\
            --json ${prefix}.fastp.json \\
            --html ${prefix}.fastp.html \\
            $adapter_list \\
            $fail_fastq \\
            $args \\
            2> >(tee ${prefix}.fastp.log >&2)

        cat <<-END_VERSIONS > versions.yml
        "${task.process}":
            fastp: \$(fastp --version 2>&1 | sed -e "s/fastp //g")
        END_VERSIONS
        """
    } else {
        def merge_fastq = save_merged ? "-m --merged_out ${prefix}.merged.fastq.gz" : ''
        """
        [ ! -f  ${prefix}_1.fastq.gz ] && ln -sf ${reads[0]} ${prefix}_1.fastq.gz
        [ ! -f  ${prefix}_2.fastq.gz ] && ln -sf ${reads[1]} ${prefix}_2.fastq.gz
        fastp \\
            --in1 ${prefix}_1.fastq.gz \\
            --in2 ${prefix}_2.fastq.gz \\
            $out_fq1 \\
            $out_fq2 \\
            --json ${prefix}.fastp.json \\
            --html ${prefix}.fastp.html \\
            $adapter_list \\
            $fail_fastq \\
            $merge_fastq \\
            --thread $task.cpus \\
            --detect_adapter_for_pe \\
            $args \\
            2> >(tee ${prefix}.fastp.log >&2)

        cat <<-END_VERSIONS > versions.yml
        "${task.process}":
            fastp: \$(fastp --version 2>&1 | sed -e "s/fastp //g")
        END_VERSIONS
        """
    }
 
  22a9e5e0e97f0475e310f04c56b1393a [java.lang.String] meta 
  e47beb886a953fa143c7ac7a5f86a382 [java.util.LinkedHashMap] [id:ERR4078854, species:Amaranthus hypochondriacus, species_id:null, project:PRJEB38055, metadata:/home/antonio/Escritorio/Repositorios_GitHub/miRPlan-nf/data/Additional_info/03-Metadata/amhy_m_PRJEB38055.tsv, genome:https://ftp.ncbi.nlm.nih.gov/genomes/all/GCA/000/753/965/GCA_000753965.2_IBAB_Ahyp_2.0/GCA_000753965.2_IBAB_Ahyp_2.0_genomic.fna.gz, single_end:true, group_id:[]] 
  553096c532e666fb42214fdf0520fe4a [java.lang.String] reads 
  74965c3831bacf542eea35a9b5ef81a3 [nextflow.util.ArrayBag] [FileHolder(sourceObj:/home/antonio/Escritorio/Repositorios_GitHub/miRPlan-nf/work/00/c76246e883307a568a1464fc52d965/ERR4078854.fastq.gz, storePath:/home/antonio/Escritorio/Repositorios_GitHub/miRPlan-nf/work/00/c76246e883307a568a1464fc52d965/ERR4078854.fastq.gz, stageName:ERR4078854.fastq.gz)] 
  81bd4426dd807ebce449111e4f064ea8 [java.lang.String] adapter_fasta 
  a11e2b3f7b6287491e5a5180862fbd54 [nextflow.util.ArrayBag] [FileHolder(sourceObj:/home/antonio/Escritorio/Repositorios_GitHub/miRPlan-nf/assets/illumina_adapters.fa, storePath:/home/antonio/Escritorio/Repositorios_GitHub/miRPlan-nf/assets/illumina_adapters.fa, stageName:illumina_adapters.fa)] 
  5d3e4d03ff6c63b64d1f472f0dd98eb6 [java.lang.String] discard_trimmed_pass 
  b55cff6ee5ab10468335f878aa2d6251 [java.lang.Boolean] false 
  b8fe9c5d8866384a61f2173561699f0b [java.lang.String] save_trimmed_fail 
  b55cff6ee5ab10468335f878aa2d6251 [java.lang.Boolean] false 
  11172150877c9773a66ab6be8a9de1c9 [java.lang.String] save_merged 
  b55cff6ee5ab10468335f878aa2d6251 [java.lang.Boolean] false 
  4f9d4b0d22865056c37fb6d9c2a04a67 [java.lang.String] $ 
  16fe7483905cce7a85670e43e4678877 [java.lang.Boolean] true 
  db1503409cedc49f906e35a0d53cef7b [java.util.HashMap$EntrySet] [task.ext.args=--cut_right --cut_right_window_size 4 --cut_right_mean_quality 20 --cut_front --cut_front_window_size 1 --cut_front_mean_quality 3 --length_required 20 --trim_poly_x --poly_x_min_len 10 --length_limit 25 --n_base_limit 0, task.ext.prefix=null] 

feb.-18 12:44:45.593 [Actor Thread 13] INFO  nextflow.processor.TaskProcessor - [42/cd4495] Cached process > MAIN_MIRPLAN:MIRPLAN:FASTP (ERR4078854)
feb.-18 12:44:45.617 [Actor Thread 10] INFO  nextflow.processor.TaskProcessor - [0f/2f99ad] Cached process > MAIN_MIRPLAN:MIRPLAN:FASTP (ERR4078853)
feb.-18 12:44:45.624 [Actor Thread 16] INFO  nextflow.processor.TaskProcessor - [e7/bbca69] Cached process > MAIN_MIRPLAN:MIRPLAN:FASTQ_DOWNLOAD_PREFETCH_FASTERQDUMP_SRATOOLS:SRATOOLS_FASTERQDUMP (SRR14182747)
feb.-18 12:44:45.624 [Actor Thread 19] INFO  nextflow.processor.TaskProcessor - [d2/6baafb] Cached process > MAIN_MIRPLAN:MIRPLAN:FASTQ_DOWNLOAD_PREFETCH_FASTERQDUMP_SRATOOLS:SRATOOLS_FASTERQDUMP (ERR4078851)
feb.-18 12:44:45.628 [Actor Thread 15] INFO  nextflow.processor.TaskProcessor - [MAIN_MIRPLAN:MIRPLAN:FASTP (16)] cache hash: ff0a3511cb85e1041b06e8b5aa490e27; mode: STANDARD; entries: 
  2ad8cea781a4a45e1ba87179f2662474 [java.util.UUID] ba89cd85-143a-443f-a9d1-dcf2039040f9 
  104e0b69705a0615a0fa12746b3d1013 [java.lang.String] MAIN_MIRPLAN:MIRPLAN:FASTP 
  5b15d3ed89c527d60357dfedb5bef80f [java.lang.String]     def args = task.ext.args ?: ''
    def prefix = task.ext.prefix ?: "${meta.id}"
    def adapter_list = adapter_fasta ? "--adapter_fasta ${adapter_fasta}" : ""
    def fail_fastq = save_trimmed_fail && meta.single_end ? "--failed_out ${prefix}.fail.fastq.gz" : save_trimmed_fail && !meta.single_end ? "--failed_out ${prefix}.paired.fail.fastq.gz --unpaired1 ${prefix}_1.fail.fastq.gz --unpaired2 ${prefix}_2.fail.fastq.gz" : ''
    def out_fq1 = discard_trimmed_pass ?: ( meta.single_end ? "--out1 ${prefix}.fastp.fastq.gz" : "--out1 ${prefix}_1.fastp.fastq.gz" )
    def out_fq2 = discard_trimmed_pass ?: "--out2 ${prefix}_2.fastp.fastq.gz"
    if ( task.ext.args?.contains('--interleaved_in') ) {
        """
        [ ! -f  ${prefix}.fastq.gz ] && ln -sf $reads ${prefix}.fastq.gz

        fastp \\
            --stdout \\
            --in1 ${prefix}.fastq.gz \\
            --thread $task.cpus \\
            --json ${prefix}.fastp.json \\
            --html ${prefix}.fastp.html \\
            $adapter_list \\
            $fail_fastq \\
            $args \\
            2> >(tee ${prefix}.fastp.log >&2) \\
        | gzip -c > ${prefix}.fastp.fastq.gz

        cat <<-END_VERSIONS > versions.yml
        "${task.process}":
            fastp: \$(fastp --version 2>&1 | sed -e "s/fastp //g")
        END_VERSIONS
        """
    } else if (meta.single_end) {
        """
        [ ! -f  ${prefix}.fastq.gz ] && ln -sf $reads ${prefix}.fastq.gz

        fastp \\
            --in1 ${prefix}.fastq.gz \\
            $out_fq1 \\
            --thread $task.cpus \\
            --json ${prefix}.fastp.json \\
            --html ${prefix}.fastp.html \\
            $adapter_list \\
            $fail_fastq \\
            $args \\
            2> >(tee ${prefix}.fastp.log >&2)

        cat <<-END_VERSIONS > versions.yml
        "${task.process}":
            fastp: \$(fastp --version 2>&1 | sed -e "s/fastp //g")
        END_VERSIONS
        """
    } else {
        def merge_fastq = save_merged ? "-m --merged_out ${prefix}.merged.fastq.gz" : ''
        """
        [ ! -f  ${prefix}_1.fastq.gz ] && ln -sf ${reads[0]} ${prefix}_1.fastq.gz
        [ ! -f  ${prefix}_2.fastq.gz ] && ln -sf ${reads[1]} ${prefix}_2.fastq.gz
        fastp \\
            --in1 ${prefix}_1.fastq.gz \\
            --in2 ${prefix}_2.fastq.gz \\
            $out_fq1 \\
            $out_fq2 \\
            --json ${prefix}.fastp.json \\
            --html ${prefix}.fastp.html \\
            $adapter_list \\
            $fail_fastq \\
            $merge_fastq \\
            --thread $task.cpus \\
            --detect_adapter_for_pe \\
            $args \\
            2> >(tee ${prefix}.fastp.log >&2)

        cat <<-END_VERSIONS > versions.yml
        "${task.process}":
            fastp: \$(fastp --version 2>&1 | sed -e "s/fastp //g")
        END_VERSIONS
        """
    }
 
  22a9e5e0e97f0475e310f04c56b1393a [java.lang.String] meta 
  e637324f0e3d244f09509e706d526066 [java.util.LinkedHashMap] [id:SRR14182747, species:Glycine max, species_id:null, project:PRJNA720229, metadata:/home/antonio/Escritorio/Repositorios_GitHub/miRPlan-nf/data/Additional_info/03-Metadata/glma_m_PRJNA720229.tsv, genome:https://ftp.ncbi.nlm.nih.gov/genomes/all/GCF/000/004/515/GCF_000004515.6_Glycine_max_v4.0/GCF_000004515.6_Glycine_max_v4.0_genomic.fna.gz, single_end:true, group_id:[]] 
  553096c532e666fb42214fdf0520fe4a [java.lang.String] reads 
  44f6f80643a37b7b44cc51cf7f1e05eb [nextflow.util.ArrayBag] [FileHolder(sourceObj:/home/antonio/Escritorio/Repositorios_GitHub/miRPlan-nf/work/e7/bbca692076790693f2adb20cdbc1c1/SRR14182747.fastq.gz, storePath:/home/antonio/Escritorio/Repositorios_GitHub/miRPlan-nf/work/e7/bbca692076790693f2adb20cdbc1c1/SRR14182747.fastq.gz, stageName:SRR14182747.fastq.gz)] 
  81bd4426dd807ebce449111e4f064ea8 [java.lang.String] adapter_fasta 
  a11e2b3f7b6287491e5a5180862fbd54 [nextflow.util.ArrayBag] [FileHolder(sourceObj:/home/antonio/Escritorio/Repositorios_GitHub/miRPlan-nf/assets/illumina_adapters.fa, storePath:/home/antonio/Escritorio/Repositorios_GitHub/miRPlan-nf/assets/illumina_adapters.fa, stageName:illumina_adapters.fa)] 
  5d3e4d03ff6c63b64d1f472f0dd98eb6 [java.lang.String] discard_trimmed_pass 
  b55cff6ee5ab10468335f878aa2d6251 [java.lang.Boolean] false 
  b8fe9c5d8866384a61f2173561699f0b [java.lang.String] save_trimmed_fail 
  b55cff6ee5ab10468335f878aa2d6251 [java.lang.Boolean] false 
  11172150877c9773a66ab6be8a9de1c9 [java.lang.String] save_merged 
  b55cff6ee5ab10468335f878aa2d6251 [java.lang.Boolean] false 
  4f9d4b0d22865056c37fb6d9c2a04a67 [java.lang.String] $ 
  16fe7483905cce7a85670e43e4678877 [java.lang.Boolean] true 
  db1503409cedc49f906e35a0d53cef7b [java.util.HashMap$EntrySet] [task.ext.args=--cut_right --cut_right_window_size 4 --cut_right_mean_quality 20 --cut_front --cut_front_window_size 1 --cut_front_mean_quality 3 --length_required 20 --trim_poly_x --poly_x_min_len 10 --length_limit 25 --n_base_limit 0, task.ext.prefix=null] 

feb.-18 12:44:45.630 [Actor Thread 19] INFO  nextflow.processor.TaskProcessor - [MAIN_MIRPLAN:MIRPLAN:FASTP (17)] cache hash: 5605abb1b500afab29f75ea6ac1baea8; mode: STANDARD; entries: 
  2ad8cea781a4a45e1ba87179f2662474 [java.util.UUID] ba89cd85-143a-443f-a9d1-dcf2039040f9 
  104e0b69705a0615a0fa12746b3d1013 [java.lang.String] MAIN_MIRPLAN:MIRPLAN:FASTP 
  5b15d3ed89c527d60357dfedb5bef80f [java.lang.String]     def args = task.ext.args ?: ''
    def prefix = task.ext.prefix ?: "${meta.id}"
    def adapter_list = adapter_fasta ? "--adapter_fasta ${adapter_fasta}" : ""
    def fail_fastq = save_trimmed_fail && meta.single_end ? "--failed_out ${prefix}.fail.fastq.gz" : save_trimmed_fail && !meta.single_end ? "--failed_out ${prefix}.paired.fail.fastq.gz --unpaired1 ${prefix}_1.fail.fastq.gz --unpaired2 ${prefix}_2.fail.fastq.gz" : ''
    def out_fq1 = discard_trimmed_pass ?: ( meta.single_end ? "--out1 ${prefix}.fastp.fastq.gz" : "--out1 ${prefix}_1.fastp.fastq.gz" )
    def out_fq2 = discard_trimmed_pass ?: "--out2 ${prefix}_2.fastp.fastq.gz"
    if ( task.ext.args?.contains('--interleaved_in') ) {
        """
        [ ! -f  ${prefix}.fastq.gz ] && ln -sf $reads ${prefix}.fastq.gz

        fastp \\
            --stdout \\
            --in1 ${prefix}.fastq.gz \\
            --thread $task.cpus \\
            --json ${prefix}.fastp.json \\
            --html ${prefix}.fastp.html \\
            $adapter_list \\
            $fail_fastq \\
            $args \\
            2> >(tee ${prefix}.fastp.log >&2) \\
        | gzip -c > ${prefix}.fastp.fastq.gz

        cat <<-END_VERSIONS > versions.yml
        "${task.process}":
            fastp: \$(fastp --version 2>&1 | sed -e "s/fastp //g")
        END_VERSIONS
        """
    } else if (meta.single_end) {
        """
        [ ! -f  ${prefix}.fastq.gz ] && ln -sf $reads ${prefix}.fastq.gz

        fastp \\
            --in1 ${prefix}.fastq.gz \\
            $out_fq1 \\
            --thread $task.cpus \\
            --json ${prefix}.fastp.json \\
            --html ${prefix}.fastp.html \\
            $adapter_list \\
            $fail_fastq \\
            $args \\
            2> >(tee ${prefix}.fastp.log >&2)

        cat <<-END_VERSIONS > versions.yml
        "${task.process}":
            fastp: \$(fastp --version 2>&1 | sed -e "s/fastp //g")
        END_VERSIONS
        """
    } else {
        def merge_fastq = save_merged ? "-m --merged_out ${prefix}.merged.fastq.gz" : ''
        """
        [ ! -f  ${prefix}_1.fastq.gz ] && ln -sf ${reads[0]} ${prefix}_1.fastq.gz
        [ ! -f  ${prefix}_2.fastq.gz ] && ln -sf ${reads[1]} ${prefix}_2.fastq.gz
        fastp \\
            --in1 ${prefix}_1.fastq.gz \\
            --in2 ${prefix}_2.fastq.gz \\
            $out_fq1 \\
            $out_fq2 \\
            --json ${prefix}.fastp.json \\
            --html ${prefix}.fastp.html \\
            $adapter_list \\
            $fail_fastq \\
            $merge_fastq \\
            --thread $task.cpus \\
            --detect_adapter_for_pe \\
            $args \\
            2> >(tee ${prefix}.fastp.log >&2)

        cat <<-END_VERSIONS > versions.yml
        "${task.process}":
            fastp: \$(fastp --version 2>&1 | sed -e "s/fastp //g")
        END_VERSIONS
        """
    }
 
  22a9e5e0e97f0475e310f04c56b1393a [java.lang.String] meta 
  2d074108fb7dc836ee939be4e0bc064c [java.util.LinkedHashMap] [id:ERR4078851, species:Amaranthus hypochondriacus, species_id:null, project:PRJEB38055, metadata:/home/antonio/Escritorio/Repositorios_GitHub/miRPlan-nf/data/Additional_info/03-Metadata/amhy_m_PRJEB38055.tsv, genome:https://ftp.ncbi.nlm.nih.gov/genomes/all/GCA/000/753/965/GCA_000753965.2_IBAB_Ahyp_2.0/GCA_000753965.2_IBAB_Ahyp_2.0_genomic.fna.gz, single_end:true, group_id:[]] 
  553096c532e666fb42214fdf0520fe4a [java.lang.String] reads 
  8ba110e51ee74630aff5e85719d5b68c [nextflow.util.ArrayBag] [FileHolder(sourceObj:/home/antonio/Escritorio/Repositorios_GitHub/miRPlan-nf/work/d2/6baafb37244a8f50678e949ea322b8/ERR4078851.fastq.gz, storePath:/home/antonio/Escritorio/Repositorios_GitHub/miRPlan-nf/work/d2/6baafb37244a8f50678e949ea322b8/ERR4078851.fastq.gz, stageName:ERR4078851.fastq.gz)] 
  81bd4426dd807ebce449111e4f064ea8 [java.lang.String] adapter_fasta 
  a11e2b3f7b6287491e5a5180862fbd54 [nextflow.util.ArrayBag] [FileHolder(sourceObj:/home/antonio/Escritorio/Repositorios_GitHub/miRPlan-nf/assets/illumina_adapters.fa, storePath:/home/antonio/Escritorio/Repositorios_GitHub/miRPlan-nf/assets/illumina_adapters.fa, stageName:illumina_adapters.fa)] 
  5d3e4d03ff6c63b64d1f472f0dd98eb6 [java.lang.String] discard_trimmed_pass 
  b55cff6ee5ab10468335f878aa2d6251 [java.lang.Boolean] false 
  b8fe9c5d8866384a61f2173561699f0b [java.lang.String] save_trimmed_fail 
  b55cff6ee5ab10468335f878aa2d6251 [java.lang.Boolean] false 
  11172150877c9773a66ab6be8a9de1c9 [java.lang.String] save_merged 
  b55cff6ee5ab10468335f878aa2d6251 [java.lang.Boolean] false 
  4f9d4b0d22865056c37fb6d9c2a04a67 [java.lang.String] $ 
  16fe7483905cce7a85670e43e4678877 [java.lang.Boolean] true 
  db1503409cedc49f906e35a0d53cef7b [java.util.HashMap$EntrySet] [task.ext.args=--cut_right --cut_right_window_size 4 --cut_right_mean_quality 20 --cut_front --cut_front_window_size 1 --cut_front_mean_quality 3 --length_required 20 --trim_poly_x --poly_x_min_len 10 --length_limit 25 --n_base_limit 0, task.ext.prefix=null] 

feb.-18 12:44:45.641 [Actor Thread 19] INFO  nextflow.processor.TaskProcessor - [89/aaa93e] Cached process > MAIN_MIRPLAN:MIRPLAN:FASTP (ERR4078851)
feb.-18 12:44:45.674 [Actor Thread 4] INFO  nextflow.processor.TaskProcessor - [6e/c9326b] Cached process > MAIN_MIRPLAN:MIRPLAN:FASTQ_DOWNLOAD_PREFETCH_FASTERQDUMP_SRATOOLS:SRATOOLS_FASTERQDUMP (ERR4078856)
feb.-18 12:44:45.679 [Actor Thread 4] INFO  nextflow.processor.TaskProcessor - [MAIN_MIRPLAN:MIRPLAN:FASTP (19)] cache hash: 785410c4bc643cffdcd43ab887274800; mode: STANDARD; entries: 
  2ad8cea781a4a45e1ba87179f2662474 [java.util.UUID] ba89cd85-143a-443f-a9d1-dcf2039040f9 
  104e0b69705a0615a0fa12746b3d1013 [java.lang.String] MAIN_MIRPLAN:MIRPLAN:FASTP 
  5b15d3ed89c527d60357dfedb5bef80f [java.lang.String]     def args = task.ext.args ?: ''
    def prefix = task.ext.prefix ?: "${meta.id}"
    def adapter_list = adapter_fasta ? "--adapter_fasta ${adapter_fasta}" : ""
    def fail_fastq = save_trimmed_fail && meta.single_end ? "--failed_out ${prefix}.fail.fastq.gz" : save_trimmed_fail && !meta.single_end ? "--failed_out ${prefix}.paired.fail.fastq.gz --unpaired1 ${prefix}_1.fail.fastq.gz --unpaired2 ${prefix}_2.fail.fastq.gz" : ''
    def out_fq1 = discard_trimmed_pass ?: ( meta.single_end ? "--out1 ${prefix}.fastp.fastq.gz" : "--out1 ${prefix}_1.fastp.fastq.gz" )
    def out_fq2 = discard_trimmed_pass ?: "--out2 ${prefix}_2.fastp.fastq.gz"
    if ( task.ext.args?.contains('--interleaved_in') ) {
        """
        [ ! -f  ${prefix}.fastq.gz ] && ln -sf $reads ${prefix}.fastq.gz

        fastp \\
            --stdout \\
            --in1 ${prefix}.fastq.gz \\
            --thread $task.cpus \\
            --json ${prefix}.fastp.json \\
            --html ${prefix}.fastp.html \\
            $adapter_list \\
            $fail_fastq \\
            $args \\
            2> >(tee ${prefix}.fastp.log >&2) \\
        | gzip -c > ${prefix}.fastp.fastq.gz

        cat <<-END_VERSIONS > versions.yml
        "${task.process}":
            fastp: \$(fastp --version 2>&1 | sed -e "s/fastp //g")
        END_VERSIONS
        """
    } else if (meta.single_end) {
        """
        [ ! -f  ${prefix}.fastq.gz ] && ln -sf $reads ${prefix}.fastq.gz

        fastp \\
            --in1 ${prefix}.fastq.gz \\
            $out_fq1 \\
            --thread $task.cpus \\
            --json ${prefix}.fastp.json \\
            --html ${prefix}.fastp.html \\
            $adapter_list \\
            $fail_fastq \\
            $args \\
            2> >(tee ${prefix}.fastp.log >&2)

        cat <<-END_VERSIONS > versions.yml
        "${task.process}":
            fastp: \$(fastp --version 2>&1 | sed -e "s/fastp //g")
        END_VERSIONS
        """
    } else {
        def merge_fastq = save_merged ? "-m --merged_out ${prefix}.merged.fastq.gz" : ''
        """
        [ ! -f  ${prefix}_1.fastq.gz ] && ln -sf ${reads[0]} ${prefix}_1.fastq.gz
        [ ! -f  ${prefix}_2.fastq.gz ] && ln -sf ${reads[1]} ${prefix}_2.fastq.gz
        fastp \\
            --in1 ${prefix}_1.fastq.gz \\
            --in2 ${prefix}_2.fastq.gz \\
            $out_fq1 \\
            $out_fq2 \\
            --json ${prefix}.fastp.json \\
            --html ${prefix}.fastp.html \\
            $adapter_list \\
            $fail_fastq \\
            $merge_fastq \\
            --thread $task.cpus \\
            --detect_adapter_for_pe \\
            $args \\
            2> >(tee ${prefix}.fastp.log >&2)

        cat <<-END_VERSIONS > versions.yml
        "${task.process}":
            fastp: \$(fastp --version 2>&1 | sed -e "s/fastp //g")
        END_VERSIONS
        """
    }
 
  22a9e5e0e97f0475e310f04c56b1393a [java.lang.String] meta 
  264c9e62b1f5ba3ff466afb590c59162 [java.util.LinkedHashMap] [id:SRR1848806, species:Arabidopsis thaliana, species_id:null, project:PRJNA277424, metadata:/home/antonio/Escritorio/Repositorios_GitHub/miRPlan-nf/data/Additional_info/03-Metadata/arth_m_PRJNA277424.tsv, genome:https://ftp.ncbi.nlm.nih.gov/genomes/all/GCF/000/001/735/GCF_000001735.4_TAIR10.1/GCF_000001735.4_TAIR10.1_genomic.fna.gz, single_end:true, group_id:[]] 
  553096c532e666fb42214fdf0520fe4a [java.lang.String] reads 
  c66b87d1726a7a737b054399b59b5b7f [nextflow.util.ArrayBag] [FileHolder(sourceObj:/home/antonio/Escritorio/Repositorios_GitHub/miRPlan-nf/assets/PRJNA277424/SRR1848806.fastq.gz, storePath:/home/antonio/Escritorio/Repositorios_GitHub/miRPlan-nf/assets/PRJNA277424/SRR1848806.fastq.gz, stageName:SRR1848806.fastq.gz)] 
  81bd4426dd807ebce449111e4f064ea8 [java.lang.String] adapter_fasta 
  a11e2b3f7b6287491e5a5180862fbd54 [nextflow.util.ArrayBag] [FileHolder(sourceObj:/home/antonio/Escritorio/Repositorios_GitHub/miRPlan-nf/assets/illumina_adapters.fa, storePath:/home/antonio/Escritorio/Repositorios_GitHub/miRPlan-nf/assets/illumina_adapters.fa, stageName:illumina_adapters.fa)] 
  5d3e4d03ff6c63b64d1f472f0dd98eb6 [java.lang.String] discard_trimmed_pass 
  b55cff6ee5ab10468335f878aa2d6251 [java.lang.Boolean] false 
  b8fe9c5d8866384a61f2173561699f0b [java.lang.String] save_trimmed_fail 
  b55cff6ee5ab10468335f878aa2d6251 [java.lang.Boolean] false 
  11172150877c9773a66ab6be8a9de1c9 [java.lang.String] save_merged 
  b55cff6ee5ab10468335f878aa2d6251 [java.lang.Boolean] false 
  4f9d4b0d22865056c37fb6d9c2a04a67 [java.lang.String] $ 
  16fe7483905cce7a85670e43e4678877 [java.lang.Boolean] true 
  db1503409cedc49f906e35a0d53cef7b [java.util.HashMap$EntrySet] [task.ext.args=--cut_right --cut_right_window_size 4 --cut_right_mean_quality 20 --cut_front --cut_front_window_size 1 --cut_front_mean_quality 3 --length_required 20 --trim_poly_x --poly_x_min_len 10 --length_limit 25 --n_base_limit 0, task.ext.prefix=null] 

feb.-18 12:44:45.679 [Actor Thread 2] INFO  nextflow.processor.TaskProcessor - [MAIN_MIRPLAN:MIRPLAN:FASTP (20)] cache hash: b61538f665feecdc854b6c7c30fcf513; mode: STANDARD; entries: 
  2ad8cea781a4a45e1ba87179f2662474 [java.util.UUID] ba89cd85-143a-443f-a9d1-dcf2039040f9 
  104e0b69705a0615a0fa12746b3d1013 [java.lang.String] MAIN_MIRPLAN:MIRPLAN:FASTP 
  5b15d3ed89c527d60357dfedb5bef80f [java.lang.String]     def args = task.ext.args ?: ''
    def prefix = task.ext.prefix ?: "${meta.id}"
    def adapter_list = adapter_fasta ? "--adapter_fasta ${adapter_fasta}" : ""
    def fail_fastq = save_trimmed_fail && meta.single_end ? "--failed_out ${prefix}.fail.fastq.gz" : save_trimmed_fail && !meta.single_end ? "--failed_out ${prefix}.paired.fail.fastq.gz --unpaired1 ${prefix}_1.fail.fastq.gz --unpaired2 ${prefix}_2.fail.fastq.gz" : ''
    def out_fq1 = discard_trimmed_pass ?: ( meta.single_end ? "--out1 ${prefix}.fastp.fastq.gz" : "--out1 ${prefix}_1.fastp.fastq.gz" )
    def out_fq2 = discard_trimmed_pass ?: "--out2 ${prefix}_2.fastp.fastq.gz"
    if ( task.ext.args?.contains('--interleaved_in') ) {
        """
        [ ! -f  ${prefix}.fastq.gz ] && ln -sf $reads ${prefix}.fastq.gz

        fastp \\
            --stdout \\
            --in1 ${prefix}.fastq.gz \\
            --thread $task.cpus \\
            --json ${prefix}.fastp.json \\
            --html ${prefix}.fastp.html \\
            $adapter_list \\
            $fail_fastq \\
            $args \\
            2> >(tee ${prefix}.fastp.log >&2) \\
        | gzip -c > ${prefix}.fastp.fastq.gz

        cat <<-END_VERSIONS > versions.yml
        "${task.process}":
            fastp: \$(fastp --version 2>&1 | sed -e "s/fastp //g")
        END_VERSIONS
        """
    } else if (meta.single_end) {
        """
        [ ! -f  ${prefix}.fastq.gz ] && ln -sf $reads ${prefix}.fastq.gz

        fastp \\
            --in1 ${prefix}.fastq.gz \\
            $out_fq1 \\
            --thread $task.cpus \\
            --json ${prefix}.fastp.json \\
            --html ${prefix}.fastp.html \\
            $adapter_list \\
            $fail_fastq \\
            $args \\
            2> >(tee ${prefix}.fastp.log >&2)

        cat <<-END_VERSIONS > versions.yml
        "${task.process}":
            fastp: \$(fastp --version 2>&1 | sed -e "s/fastp //g")
        END_VERSIONS
        """
    } else {
        def merge_fastq = save_merged ? "-m --merged_out ${prefix}.merged.fastq.gz" : ''
        """
        [ ! -f  ${prefix}_1.fastq.gz ] && ln -sf ${reads[0]} ${prefix}_1.fastq.gz
        [ ! -f  ${prefix}_2.fastq.gz ] && ln -sf ${reads[1]} ${prefix}_2.fastq.gz
        fastp \\
            --in1 ${prefix}_1.fastq.gz \\
            --in2 ${prefix}_2.fastq.gz \\
            $out_fq1 \\
            $out_fq2 \\
            --json ${prefix}.fastp.json \\
            --html ${prefix}.fastp.html \\
            $adapter_list \\
            $fail_fastq \\
            $merge_fastq \\
            --thread $task.cpus \\
            --detect_adapter_for_pe \\
            $args \\
            2> >(tee ${prefix}.fastp.log >&2)

        cat <<-END_VERSIONS > versions.yml
        "${task.process}":
            fastp: \$(fastp --version 2>&1 | sed -e "s/fastp //g")
        END_VERSIONS
        """
    }
 
  22a9e5e0e97f0475e310f04c56b1393a [java.lang.String] meta 
  b2f07e88c62457c3c00dd10bb68a5580 [java.util.LinkedHashMap] [id:SRR1848807, species:Arabidopsis thaliana, species_id:null, project:PRJNA277424, metadata:/home/antonio/Escritorio/Repositorios_GitHub/miRPlan-nf/data/Additional_info/03-Metadata/arth_m_PRJNA277424.tsv, genome:https://ftp.ncbi.nlm.nih.gov/genomes/all/GCF/000/001/735/GCF_000001735.4_TAIR10.1/GCF_000001735.4_TAIR10.1_genomic.fna.gz, single_end:true, group_id:[]] 
  553096c532e666fb42214fdf0520fe4a [java.lang.String] reads 
  41b813526c93e8de345ab8f9ad328f3b [nextflow.util.ArrayBag] [FileHolder(sourceObj:/home/antonio/Escritorio/Repositorios_GitHub/miRPlan-nf/assets/PRJNA277424/SRR1848807.fastq.gz, storePath:/home/antonio/Escritorio/Repositorios_GitHub/miRPlan-nf/assets/PRJNA277424/SRR1848807.fastq.gz, stageName:SRR1848807.fastq.gz)] 
  81bd4426dd807ebce449111e4f064ea8 [java.lang.String] adapter_fasta 
  a11e2b3f7b6287491e5a5180862fbd54 [nextflow.util.ArrayBag] [FileHolder(sourceObj:/home/antonio/Escritorio/Repositorios_GitHub/miRPlan-nf/assets/illumina_adapters.fa, storePath:/home/antonio/Escritorio/Repositorios_GitHub/miRPlan-nf/assets/illumina_adapters.fa, stageName:illumina_adapters.fa)] 
  5d3e4d03ff6c63b64d1f472f0dd98eb6 [java.lang.String] discard_trimmed_pass 
  b55cff6ee5ab10468335f878aa2d6251 [java.lang.Boolean] false 
  b8fe9c5d8866384a61f2173561699f0b [java.lang.String] save_trimmed_fail 
  b55cff6ee5ab10468335f878aa2d6251 [java.lang.Boolean] false 
  11172150877c9773a66ab6be8a9de1c9 [java.lang.String] save_merged 
  b55cff6ee5ab10468335f878aa2d6251 [java.lang.Boolean] false 
  4f9d4b0d22865056c37fb6d9c2a04a67 [java.lang.String] $ 
  16fe7483905cce7a85670e43e4678877 [java.lang.Boolean] true 
  db1503409cedc49f906e35a0d53cef7b [java.util.HashMap$EntrySet] [task.ext.args=--cut_right --cut_right_window_size 4 --cut_right_mean_quality 20 --cut_front --cut_front_window_size 1 --cut_front_mean_quality 3 --length_required 20 --trim_poly_x --poly_x_min_len 10 --length_limit 25 --n_base_limit 0, task.ext.prefix=null] 

feb.-18 12:44:45.679 [Actor Thread 16] INFO  nextflow.processor.TaskProcessor - [MAIN_MIRPLAN:MIRPLAN:FASTP (22)] cache hash: 77ca3bb54f5c5ffe1034db7cfd5fcc8e; mode: STANDARD; entries: 
  2ad8cea781a4a45e1ba87179f2662474 [java.util.UUID] ba89cd85-143a-443f-a9d1-dcf2039040f9 
  104e0b69705a0615a0fa12746b3d1013 [java.lang.String] MAIN_MIRPLAN:MIRPLAN:FASTP 
  5b15d3ed89c527d60357dfedb5bef80f [java.lang.String]     def args = task.ext.args ?: ''
    def prefix = task.ext.prefix ?: "${meta.id}"
    def adapter_list = adapter_fasta ? "--adapter_fasta ${adapter_fasta}" : ""
    def fail_fastq = save_trimmed_fail && meta.single_end ? "--failed_out ${prefix}.fail.fastq.gz" : save_trimmed_fail && !meta.single_end ? "--failed_out ${prefix}.paired.fail.fastq.gz --unpaired1 ${prefix}_1.fail.fastq.gz --unpaired2 ${prefix}_2.fail.fastq.gz" : ''
    def out_fq1 = discard_trimmed_pass ?: ( meta.single_end ? "--out1 ${prefix}.fastp.fastq.gz" : "--out1 ${prefix}_1.fastp.fastq.gz" )
    def out_fq2 = discard_trimmed_pass ?: "--out2 ${prefix}_2.fastp.fastq.gz"
    if ( task.ext.args?.contains('--interleaved_in') ) {
        """
        [ ! -f  ${prefix}.fastq.gz ] && ln -sf $reads ${prefix}.fastq.gz

        fastp \\
            --stdout \\
            --in1 ${prefix}.fastq.gz \\
            --thread $task.cpus \\
            --json ${prefix}.fastp.json \\
            --html ${prefix}.fastp.html \\
            $adapter_list \\
            $fail_fastq \\
            $args \\
            2> >(tee ${prefix}.fastp.log >&2) \\
        | gzip -c > ${prefix}.fastp.fastq.gz

        cat <<-END_VERSIONS > versions.yml
        "${task.process}":
            fastp: \$(fastp --version 2>&1 | sed -e "s/fastp //g")
        END_VERSIONS
        """
    } else if (meta.single_end) {
        """
        [ ! -f  ${prefix}.fastq.gz ] && ln -sf $reads ${prefix}.fastq.gz

        fastp \\
            --in1 ${prefix}.fastq.gz \\
            $out_fq1 \\
            --thread $task.cpus \\
            --json ${prefix}.fastp.json \\
            --html ${prefix}.fastp.html \\
            $adapter_list \\
            $fail_fastq \\
            $args \\
            2> >(tee ${prefix}.fastp.log >&2)

        cat <<-END_VERSIONS > versions.yml
        "${task.process}":
            fastp: \$(fastp --version 2>&1 | sed -e "s/fastp //g")
        END_VERSIONS
        """
    } else {
        def merge_fastq = save_merged ? "-m --merged_out ${prefix}.merged.fastq.gz" : ''
        """
        [ ! -f  ${prefix}_1.fastq.gz ] && ln -sf ${reads[0]} ${prefix}_1.fastq.gz
        [ ! -f  ${prefix}_2.fastq.gz ] && ln -sf ${reads[1]} ${prefix}_2.fastq.gz
        fastp \\
            --in1 ${prefix}_1.fastq.gz \\
            --in2 ${prefix}_2.fastq.gz \\
            $out_fq1 \\
            $out_fq2 \\
            --json ${prefix}.fastp.json \\
            --html ${prefix}.fastp.html \\
            $adapter_list \\
            $fail_fastq \\
            $merge_fastq \\
            --thread $task.cpus \\
            --detect_adapter_for_pe \\
            $args \\
            2> >(tee ${prefix}.fastp.log >&2)

        cat <<-END_VERSIONS > versions.yml
        "${task.process}":
            fastp: \$(fastp --version 2>&1 | sed -e "s/fastp //g")
        END_VERSIONS
        """
    }
 
  22a9e5e0e97f0475e310f04c56b1393a [java.lang.String] meta 
  d451e87395847e328dd11f241f220d0e [java.util.LinkedHashMap] [id:SRR1848803, species:Arabidopsis thaliana, species_id:null, project:PRJNA277424, metadata:/home/antonio/Escritorio/Repositorios_GitHub/miRPlan-nf/data/Additional_info/03-Metadata/arth_m_PRJNA277424.tsv, genome:https://ftp.ncbi.nlm.nih.gov/genomes/all/GCF/000/001/735/GCF_000001735.4_TAIR10.1/GCF_000001735.4_TAIR10.1_genomic.fna.gz, single_end:true, group_id:[]] 
  553096c532e666fb42214fdf0520fe4a [java.lang.String] reads 
  f6adc5963d085d2deef59faeb3be3bef [nextflow.util.ArrayBag] [FileHolder(sourceObj:/home/antonio/Escritorio/Repositorios_GitHub/miRPlan-nf/assets/PRJNA277424/SRR1848803.fastq.gz, storePath:/home/antonio/Escritorio/Repositorios_GitHub/miRPlan-nf/assets/PRJNA277424/SRR1848803.fastq.gz, stageName:SRR1848803.fastq.gz)] 
  81bd4426dd807ebce449111e4f064ea8 [java.lang.String] adapter_fasta 
  a11e2b3f7b6287491e5a5180862fbd54 [nextflow.util.ArrayBag] [FileHolder(sourceObj:/home/antonio/Escritorio/Repositorios_GitHub/miRPlan-nf/assets/illumina_adapters.fa, storePath:/home/antonio/Escritorio/Repositorios_GitHub/miRPlan-nf/assets/illumina_adapters.fa, stageName:illumina_adapters.fa)] 
  5d3e4d03ff6c63b64d1f472f0dd98eb6 [java.lang.String] discard_trimmed_pass 
  b55cff6ee5ab10468335f878aa2d6251 [java.lang.Boolean] false 
  b8fe9c5d8866384a61f2173561699f0b [java.lang.String] save_trimmed_fail 
  b55cff6ee5ab10468335f878aa2d6251 [java.lang.Boolean] false 
  11172150877c9773a66ab6be8a9de1c9 [java.lang.String] save_merged 
  b55cff6ee5ab10468335f878aa2d6251 [java.lang.Boolean] false 
  4f9d4b0d22865056c37fb6d9c2a04a67 [java.lang.String] $ 
  16fe7483905cce7a85670e43e4678877 [java.lang.Boolean] true 
  db1503409cedc49f906e35a0d53cef7b [java.util.HashMap$EntrySet] [task.ext.args=--cut_right --cut_right_window_size 4 --cut_right_mean_quality 20 --cut_front --cut_front_window_size 1 --cut_front_mean_quality 3 --length_required 20 --trim_poly_x --poly_x_min_len 10 --length_limit 25 --n_base_limit 0, task.ext.prefix=null] 

feb.-18 12:44:45.680 [Actor Thread 8] INFO  nextflow.processor.TaskProcessor - [MAIN_MIRPLAN:MIRPLAN:FASTP (18)] cache hash: f554ac2d1ae6798634fd64891a82fbf8; mode: STANDARD; entries: 
  2ad8cea781a4a45e1ba87179f2662474 [java.util.UUID] ba89cd85-143a-443f-a9d1-dcf2039040f9 
  104e0b69705a0615a0fa12746b3d1013 [java.lang.String] MAIN_MIRPLAN:MIRPLAN:FASTP 
  5b15d3ed89c527d60357dfedb5bef80f [java.lang.String]     def args = task.ext.args ?: ''
    def prefix = task.ext.prefix ?: "${meta.id}"
    def adapter_list = adapter_fasta ? "--adapter_fasta ${adapter_fasta}" : ""
    def fail_fastq = save_trimmed_fail && meta.single_end ? "--failed_out ${prefix}.fail.fastq.gz" : save_trimmed_fail && !meta.single_end ? "--failed_out ${prefix}.paired.fail.fastq.gz --unpaired1 ${prefix}_1.fail.fastq.gz --unpaired2 ${prefix}_2.fail.fastq.gz" : ''
    def out_fq1 = discard_trimmed_pass ?: ( meta.single_end ? "--out1 ${prefix}.fastp.fastq.gz" : "--out1 ${prefix}_1.fastp.fastq.gz" )
    def out_fq2 = discard_trimmed_pass ?: "--out2 ${prefix}_2.fastp.fastq.gz"
    if ( task.ext.args?.contains('--interleaved_in') ) {
        """
        [ ! -f  ${prefix}.fastq.gz ] && ln -sf $reads ${prefix}.fastq.gz

        fastp \\
            --stdout \\
            --in1 ${prefix}.fastq.gz \\
            --thread $task.cpus \\
            --json ${prefix}.fastp.json \\
            --html ${prefix}.fastp.html \\
            $adapter_list \\
            $fail_fastq \\
            $args \\
            2> >(tee ${prefix}.fastp.log >&2) \\
        | gzip -c > ${prefix}.fastp.fastq.gz

        cat <<-END_VERSIONS > versions.yml
        "${task.process}":
            fastp: \$(fastp --version 2>&1 | sed -e "s/fastp //g")
        END_VERSIONS
        """
    } else if (meta.single_end) {
        """
        [ ! -f  ${prefix}.fastq.gz ] && ln -sf $reads ${prefix}.fastq.gz

        fastp \\
            --in1 ${prefix}.fastq.gz \\
            $out_fq1 \\
            --thread $task.cpus \\
            --json ${prefix}.fastp.json \\
            --html ${prefix}.fastp.html \\
            $adapter_list \\
            $fail_fastq \\
            $args \\
            2> >(tee ${prefix}.fastp.log >&2)

        cat <<-END_VERSIONS > versions.yml
        "${task.process}":
            fastp: \$(fastp --version 2>&1 | sed -e "s/fastp //g")
        END_VERSIONS
        """
    } else {
        def merge_fastq = save_merged ? "-m --merged_out ${prefix}.merged.fastq.gz" : ''
        """
        [ ! -f  ${prefix}_1.fastq.gz ] && ln -sf ${reads[0]} ${prefix}_1.fastq.gz
        [ ! -f  ${prefix}_2.fastq.gz ] && ln -sf ${reads[1]} ${prefix}_2.fastq.gz
        fastp \\
            --in1 ${prefix}_1.fastq.gz \\
            --in2 ${prefix}_2.fastq.gz \\
            $out_fq1 \\
            $out_fq2 \\
            --json ${prefix}.fastp.json \\
            --html ${prefix}.fastp.html \\
            $adapter_list \\
            $fail_fastq \\
            $merge_fastq \\
            --thread $task.cpus \\
            --detect_adapter_for_pe \\
            $args \\
            2> >(tee ${prefix}.fastp.log >&2)

        cat <<-END_VERSIONS > versions.yml
        "${task.process}":
            fastp: \$(fastp --version 2>&1 | sed -e "s/fastp //g")
        END_VERSIONS
        """
    }
 
  22a9e5e0e97f0475e310f04c56b1393a [java.lang.String] meta 
  79078031bd4416ea59290dba47421cff [java.util.LinkedHashMap] [id:ERR4078856, species:Amaranthus hypochondriacus, species_id:null, project:PRJEB38055, metadata:/home/antonio/Escritorio/Repositorios_GitHub/miRPlan-nf/data/Additional_info/03-Metadata/amhy_m_PRJEB38055.tsv, genome:https://ftp.ncbi.nlm.nih.gov/genomes/all/GCA/000/753/965/GCA_000753965.2_IBAB_Ahyp_2.0/GCA_000753965.2_IBAB_Ahyp_2.0_genomic.fna.gz, single_end:true, group_id:[]] 
  553096c532e666fb42214fdf0520fe4a [java.lang.String] reads 
  7cd1b93b2490493f2603b92fdfdd8f6d [nextflow.util.ArrayBag] [FileHolder(sourceObj:/home/antonio/Escritorio/Repositorios_GitHub/miRPlan-nf/work/6e/c9326ba492e7b779392ea748e868bd/ERR4078856.fastq.gz, storePath:/home/antonio/Escritorio/Repositorios_GitHub/miRPlan-nf/work/6e/c9326ba492e7b779392ea748e868bd/ERR4078856.fastq.gz, stageName:ERR4078856.fastq.gz)] 
  81bd4426dd807ebce449111e4f064ea8 [java.lang.String] adapter_fasta 
  a11e2b3f7b6287491e5a5180862fbd54 [nextflow.util.ArrayBag] [FileHolder(sourceObj:/home/antonio/Escritorio/Repositorios_GitHub/miRPlan-nf/assets/illumina_adapters.fa, storePath:/home/antonio/Escritorio/Repositorios_GitHub/miRPlan-nf/assets/illumina_adapters.fa, stageName:illumina_adapters.fa)] 
  5d3e4d03ff6c63b64d1f472f0dd98eb6 [java.lang.String] discard_trimmed_pass 
  b55cff6ee5ab10468335f878aa2d6251 [java.lang.Boolean] false 
  b8fe9c5d8866384a61f2173561699f0b [java.lang.String] save_trimmed_fail 
  b55cff6ee5ab10468335f878aa2d6251 [java.lang.Boolean] false 
  11172150877c9773a66ab6be8a9de1c9 [java.lang.String] save_merged 
  b55cff6ee5ab10468335f878aa2d6251 [java.lang.Boolean] false 
  4f9d4b0d22865056c37fb6d9c2a04a67 [java.lang.String] $ 
  16fe7483905cce7a85670e43e4678877 [java.lang.Boolean] true 
  db1503409cedc49f906e35a0d53cef7b [java.util.HashMap$EntrySet] [task.ext.args=--cut_right --cut_right_window_size 4 --cut_right_mean_quality 20 --cut_front --cut_front_window_size 1 --cut_front_mean_quality 3 --length_required 20 --trim_poly_x --poly_x_min_len 10 --length_limit 25 --n_base_limit 0, task.ext.prefix=null] 

feb.-18 12:44:45.680 [Actor Thread 25] INFO  nextflow.processor.TaskProcessor - [MAIN_MIRPLAN:MIRPLAN:FASTP (23)] cache hash: f4c757bc0995eec1d7cda62add220a73; mode: STANDARD; entries: 
  2ad8cea781a4a45e1ba87179f2662474 [java.util.UUID] ba89cd85-143a-443f-a9d1-dcf2039040f9 
  104e0b69705a0615a0fa12746b3d1013 [java.lang.String] MAIN_MIRPLAN:MIRPLAN:FASTP 
  5b15d3ed89c527d60357dfedb5bef80f [java.lang.String]     def args = task.ext.args ?: ''
    def prefix = task.ext.prefix ?: "${meta.id}"
    def adapter_list = adapter_fasta ? "--adapter_fasta ${adapter_fasta}" : ""
    def fail_fastq = save_trimmed_fail && meta.single_end ? "--failed_out ${prefix}.fail.fastq.gz" : save_trimmed_fail && !meta.single_end ? "--failed_out ${prefix}.paired.fail.fastq.gz --unpaired1 ${prefix}_1.fail.fastq.gz --unpaired2 ${prefix}_2.fail.fastq.gz" : ''
    def out_fq1 = discard_trimmed_pass ?: ( meta.single_end ? "--out1 ${prefix}.fastp.fastq.gz" : "--out1 ${prefix}_1.fastp.fastq.gz" )
    def out_fq2 = discard_trimmed_pass ?: "--out2 ${prefix}_2.fastp.fastq.gz"
    if ( task.ext.args?.contains('--interleaved_in') ) {
        """
        [ ! -f  ${prefix}.fastq.gz ] && ln -sf $reads ${prefix}.fastq.gz

        fastp \\
            --stdout \\
            --in1 ${prefix}.fastq.gz \\
            --thread $task.cpus \\
            --json ${prefix}.fastp.json \\
            --html ${prefix}.fastp.html \\
            $adapter_list \\
            $fail_fastq \\
            $args \\
            2> >(tee ${prefix}.fastp.log >&2) \\
        | gzip -c > ${prefix}.fastp.fastq.gz

        cat <<-END_VERSIONS > versions.yml
        "${task.process}":
            fastp: \$(fastp --version 2>&1 | sed -e "s/fastp //g")
        END_VERSIONS
        """
    } else if (meta.single_end) {
        """
        [ ! -f  ${prefix}.fastq.gz ] && ln -sf $reads ${prefix}.fastq.gz

        fastp \\
            --in1 ${prefix}.fastq.gz \\
            $out_fq1 \\
            --thread $task.cpus \\
            --json ${prefix}.fastp.json \\
            --html ${prefix}.fastp.html \\
            $adapter_list \\
            $fail_fastq \\
            $args \\
            2> >(tee ${prefix}.fastp.log >&2)

        cat <<-END_VERSIONS > versions.yml
        "${task.process}":
            fastp: \$(fastp --version 2>&1 | sed -e "s/fastp //g")
        END_VERSIONS
        """
    } else {
        def merge_fastq = save_merged ? "-m --merged_out ${prefix}.merged.fastq.gz" : ''
        """
        [ ! -f  ${prefix}_1.fastq.gz ] && ln -sf ${reads[0]} ${prefix}_1.fastq.gz
        [ ! -f  ${prefix}_2.fastq.gz ] && ln -sf ${reads[1]} ${prefix}_2.fastq.gz
        fastp \\
            --in1 ${prefix}_1.fastq.gz \\
            --in2 ${prefix}_2.fastq.gz \\
            $out_fq1 \\
            $out_fq2 \\
            --json ${prefix}.fastp.json \\
            --html ${prefix}.fastp.html \\
            $adapter_list \\
            $fail_fastq \\
            $merge_fastq \\
            --thread $task.cpus \\
            --detect_adapter_for_pe \\
            $args \\
            2> >(tee ${prefix}.fastp.log >&2)

        cat <<-END_VERSIONS > versions.yml
        "${task.process}":
            fastp: \$(fastp --version 2>&1 | sed -e "s/fastp //g")
        END_VERSIONS
        """
    }
 
  22a9e5e0e97f0475e310f04c56b1393a [java.lang.String] meta 
  a4d063a06db7de870c71fb475d5f3241 [java.util.LinkedHashMap] [id:SRR1848804, species:Arabidopsis thaliana, species_id:null, project:PRJNA277424, metadata:/home/antonio/Escritorio/Repositorios_GitHub/miRPlan-nf/data/Additional_info/03-Metadata/arth_m_PRJNA277424.tsv, genome:https://ftp.ncbi.nlm.nih.gov/genomes/all/GCF/000/001/735/GCF_000001735.4_TAIR10.1/GCF_000001735.4_TAIR10.1_genomic.fna.gz, single_end:true, group_id:[]] 
  553096c532e666fb42214fdf0520fe4a [java.lang.String] reads 
  60cfbddd1edaa8b37aa0718adaca0fc4 [nextflow.util.ArrayBag] [FileHolder(sourceObj:/home/antonio/Escritorio/Repositorios_GitHub/miRPlan-nf/assets/PRJNA277424/SRR1848804.fastq.gz, storePath:/home/antonio/Escritorio/Repositorios_GitHub/miRPlan-nf/assets/PRJNA277424/SRR1848804.fastq.gz, stageName:SRR1848804.fastq.gz)] 
  81bd4426dd807ebce449111e4f064ea8 [java.lang.String] adapter_fasta 
  a11e2b3f7b6287491e5a5180862fbd54 [nextflow.util.ArrayBag] [FileHolder(sourceObj:/home/antonio/Escritorio/Repositorios_GitHub/miRPlan-nf/assets/illumina_adapters.fa, storePath:/home/antonio/Escritorio/Repositorios_GitHub/miRPlan-nf/assets/illumina_adapters.fa, stageName:illumina_adapters.fa)] 
  5d3e4d03ff6c63b64d1f472f0dd98eb6 [java.lang.String] discard_trimmed_pass 
  b55cff6ee5ab10468335f878aa2d6251 [java.lang.Boolean] false 
  b8fe9c5d8866384a61f2173561699f0b [java.lang.String] save_trimmed_fail 
  b55cff6ee5ab10468335f878aa2d6251 [java.lang.Boolean] false 
  11172150877c9773a66ab6be8a9de1c9 [java.lang.String] save_merged 
  b55cff6ee5ab10468335f878aa2d6251 [java.lang.Boolean] false 
  4f9d4b0d22865056c37fb6d9c2a04a67 [java.lang.String] $ 
  16fe7483905cce7a85670e43e4678877 [java.lang.Boolean] true 
  db1503409cedc49f906e35a0d53cef7b [java.util.HashMap$EntrySet] [task.ext.args=--cut_right --cut_right_window_size 4 --cut_right_mean_quality 20 --cut_front --cut_front_window_size 1 --cut_front_mean_quality 3 --length_required 20 --trim_poly_x --poly_x_min_len 10 --length_limit 25 --n_base_limit 0, task.ext.prefix=null] 

feb.-18 12:44:45.681 [Actor Thread 7] INFO  nextflow.processor.TaskProcessor - [MAIN_MIRPLAN:MIRPLAN:FASTP (21)] cache hash: 2b716159ea2c26f3aa44b6b57d15e8ab; mode: STANDARD; entries: 
  2ad8cea781a4a45e1ba87179f2662474 [java.util.UUID] ba89cd85-143a-443f-a9d1-dcf2039040f9 
  104e0b69705a0615a0fa12746b3d1013 [java.lang.String] MAIN_MIRPLAN:MIRPLAN:FASTP 
  5b15d3ed89c527d60357dfedb5bef80f [java.lang.String]     def args = task.ext.args ?: ''
    def prefix = task.ext.prefix ?: "${meta.id}"
    def adapter_list = adapter_fasta ? "--adapter_fasta ${adapter_fasta}" : ""
    def fail_fastq = save_trimmed_fail && meta.single_end ? "--failed_out ${prefix}.fail.fastq.gz" : save_trimmed_fail && !meta.single_end ? "--failed_out ${prefix}.paired.fail.fastq.gz --unpaired1 ${prefix}_1.fail.fastq.gz --unpaired2 ${prefix}_2.fail.fastq.gz" : ''
    def out_fq1 = discard_trimmed_pass ?: ( meta.single_end ? "--out1 ${prefix}.fastp.fastq.gz" : "--out1 ${prefix}_1.fastp.fastq.gz" )
    def out_fq2 = discard_trimmed_pass ?: "--out2 ${prefix}_2.fastp.fastq.gz"
    if ( task.ext.args?.contains('--interleaved_in') ) {
        """
        [ ! -f  ${prefix}.fastq.gz ] && ln -sf $reads ${prefix}.fastq.gz

        fastp \\
            --stdout \\
            --in1 ${prefix}.fastq.gz \\
            --thread $task.cpus \\
            --json ${prefix}.fastp.json \\
            --html ${prefix}.fastp.html \\
            $adapter_list \\
            $fail_fastq \\
            $args \\
            2> >(tee ${prefix}.fastp.log >&2) \\
        | gzip -c > ${prefix}.fastp.fastq.gz

        cat <<-END_VERSIONS > versions.yml
        "${task.process}":
            fastp: \$(fastp --version 2>&1 | sed -e "s/fastp //g")
        END_VERSIONS
        """
    } else if (meta.single_end) {
        """
        [ ! -f  ${prefix}.fastq.gz ] && ln -sf $reads ${prefix}.fastq.gz

        fastp \\
            --in1 ${prefix}.fastq.gz \\
            $out_fq1 \\
            --thread $task.cpus \\
            --json ${prefix}.fastp.json \\
            --html ${prefix}.fastp.html \\
            $adapter_list \\
            $fail_fastq \\
            $args \\
            2> >(tee ${prefix}.fastp.log >&2)

        cat <<-END_VERSIONS > versions.yml
        "${task.process}":
            fastp: \$(fastp --version 2>&1 | sed -e "s/fastp //g")
        END_VERSIONS
        """
    } else {
        def merge_fastq = save_merged ? "-m --merged_out ${prefix}.merged.fastq.gz" : ''
        """
        [ ! -f  ${prefix}_1.fastq.gz ] && ln -sf ${reads[0]} ${prefix}_1.fastq.gz
        [ ! -f  ${prefix}_2.fastq.gz ] && ln -sf ${reads[1]} ${prefix}_2.fastq.gz
        fastp \\
            --in1 ${prefix}_1.fastq.gz \\
            --in2 ${prefix}_2.fastq.gz \\
            $out_fq1 \\
            $out_fq2 \\
            --json ${prefix}.fastp.json \\
            --html ${prefix}.fastp.html \\
            $adapter_list \\
            $fail_fastq \\
            $merge_fastq \\
            --thread $task.cpus \\
            --detect_adapter_for_pe \\
            $args \\
            2> >(tee ${prefix}.fastp.log >&2)

        cat <<-END_VERSIONS > versions.yml
        "${task.process}":
            fastp: \$(fastp --version 2>&1 | sed -e "s/fastp //g")
        END_VERSIONS
        """
    }
 
  22a9e5e0e97f0475e310f04c56b1393a [java.lang.String] meta 
  f64f680d7c2e2c3289c72c26e4229d38 [java.util.LinkedHashMap] [id:SRR1848808, species:Arabidopsis thaliana, species_id:null, project:PRJNA277424, metadata:/home/antonio/Escritorio/Repositorios_GitHub/miRPlan-nf/data/Additional_info/03-Metadata/arth_m_PRJNA277424.tsv, genome:https://ftp.ncbi.nlm.nih.gov/genomes/all/GCF/000/001/735/GCF_000001735.4_TAIR10.1/GCF_000001735.4_TAIR10.1_genomic.fna.gz, single_end:true, group_id:[]] 
  553096c532e666fb42214fdf0520fe4a [java.lang.String] reads 
  f3be66ffebe0b3fb0c9742f466210649 [nextflow.util.ArrayBag] [FileHolder(sourceObj:/home/antonio/Escritorio/Repositorios_GitHub/miRPlan-nf/assets/PRJNA277424/SRR1848808.fastq.gz, storePath:/home/antonio/Escritorio/Repositorios_GitHub/miRPlan-nf/assets/PRJNA277424/SRR1848808.fastq.gz, stageName:SRR1848808.fastq.gz)] 
  81bd4426dd807ebce449111e4f064ea8 [java.lang.String] adapter_fasta 
  a11e2b3f7b6287491e5a5180862fbd54 [nextflow.util.ArrayBag] [FileHolder(sourceObj:/home/antonio/Escritorio/Repositorios_GitHub/miRPlan-nf/assets/illumina_adapters.fa, storePath:/home/antonio/Escritorio/Repositorios_GitHub/miRPlan-nf/assets/illumina_adapters.fa, stageName:illumina_adapters.fa)] 
  5d3e4d03ff6c63b64d1f472f0dd98eb6 [java.lang.String] discard_trimmed_pass 
  b55cff6ee5ab10468335f878aa2d6251 [java.lang.Boolean] false 
  b8fe9c5d8866384a61f2173561699f0b [java.lang.String] save_trimmed_fail 
  b55cff6ee5ab10468335f878aa2d6251 [java.lang.Boolean] false 
  11172150877c9773a66ab6be8a9de1c9 [java.lang.String] save_merged 
  b55cff6ee5ab10468335f878aa2d6251 [java.lang.Boolean] false 
  4f9d4b0d22865056c37fb6d9c2a04a67 [java.lang.String] $ 
  16fe7483905cce7a85670e43e4678877 [java.lang.Boolean] true 
  db1503409cedc49f906e35a0d53cef7b [java.util.HashMap$EntrySet] [task.ext.args=--cut_right --cut_right_window_size 4 --cut_right_mean_quality 20 --cut_front --cut_front_window_size 1 --cut_front_mean_quality 3 --length_required 20 --trim_poly_x --poly_x_min_len 10 --length_limit 25 --n_base_limit 0, task.ext.prefix=null] 

feb.-18 12:44:45.681 [Actor Thread 23] INFO  nextflow.processor.TaskProcessor - [ab/227905] Cached process > MAIN_MIRPLAN:MIRPLAN:FASTP (ERR4078855)
feb.-18 12:44:45.682 [Actor Thread 24] INFO  nextflow.processor.TaskProcessor - [ac/4c60c2] Cached process > MAIN_MIRPLAN:MIRPLAN:FASTP (ERR4078850)
feb.-18 12:44:45.683 [Actor Thread 5] INFO  nextflow.processor.TaskProcessor - [MAIN_MIRPLAN:MIRPLAN:FASTP (24)] cache hash: 233be99fae7aeca512b118e46db88309; mode: STANDARD; entries: 
  2ad8cea781a4a45e1ba87179f2662474 [java.util.UUID] ba89cd85-143a-443f-a9d1-dcf2039040f9 
  104e0b69705a0615a0fa12746b3d1013 [java.lang.String] MAIN_MIRPLAN:MIRPLAN:FASTP 
  5b15d3ed89c527d60357dfedb5bef80f [java.lang.String]     def args = task.ext.args ?: ''
    def prefix = task.ext.prefix ?: "${meta.id}"
    def adapter_list = adapter_fasta ? "--adapter_fasta ${adapter_fasta}" : ""
    def fail_fastq = save_trimmed_fail && meta.single_end ? "--failed_out ${prefix}.fail.fastq.gz" : save_trimmed_fail && !meta.single_end ? "--failed_out ${prefix}.paired.fail.fastq.gz --unpaired1 ${prefix}_1.fail.fastq.gz --unpaired2 ${prefix}_2.fail.fastq.gz" : ''
    def out_fq1 = discard_trimmed_pass ?: ( meta.single_end ? "--out1 ${prefix}.fastp.fastq.gz" : "--out1 ${prefix}_1.fastp.fastq.gz" )
    def out_fq2 = discard_trimmed_pass ?: "--out2 ${prefix}_2.fastp.fastq.gz"
    if ( task.ext.args?.contains('--interleaved_in') ) {
        """
        [ ! -f  ${prefix}.fastq.gz ] && ln -sf $reads ${prefix}.fastq.gz

        fastp \\
            --stdout \\
            --in1 ${prefix}.fastq.gz \\
            --thread $task.cpus \\
            --json ${prefix}.fastp.json \\
            --html ${prefix}.fastp.html \\
            $adapter_list \\
            $fail_fastq \\
            $args \\
            2> >(tee ${prefix}.fastp.log >&2) \\
        | gzip -c > ${prefix}.fastp.fastq.gz

        cat <<-END_VERSIONS > versions.yml
        "${task.process}":
            fastp: \$(fastp --version 2>&1 | sed -e "s/fastp //g")
        END_VERSIONS
        """
    } else if (meta.single_end) {
        """
        [ ! -f  ${prefix}.fastq.gz ] && ln -sf $reads ${prefix}.fastq.gz

        fastp \\
            --in1 ${prefix}.fastq.gz \\
            $out_fq1 \\
            --thread $task.cpus \\
            --json ${prefix}.fastp.json \\
            --html ${prefix}.fastp.html \\
            $adapter_list \\
            $fail_fastq \\
            $args \\
            2> >(tee ${prefix}.fastp.log >&2)

        cat <<-END_VERSIONS > versions.yml
        "${task.process}":
            fastp: \$(fastp --version 2>&1 | sed -e "s/fastp //g")
        END_VERSIONS
        """
    } else {
        def merge_fastq = save_merged ? "-m --merged_out ${prefix}.merged.fastq.gz" : ''
        """
        [ ! -f  ${prefix}_1.fastq.gz ] && ln -sf ${reads[0]} ${prefix}_1.fastq.gz
        [ ! -f  ${prefix}_2.fastq.gz ] && ln -sf ${reads[1]} ${prefix}_2.fastq.gz
        fastp \\
            --in1 ${prefix}_1.fastq.gz \\
            --in2 ${prefix}_2.fastq.gz \\
            $out_fq1 \\
            $out_fq2 \\
            --json ${prefix}.fastp.json \\
            --html ${prefix}.fastp.html \\
            $adapter_list \\
            $fail_fastq \\
            $merge_fastq \\
            --thread $task.cpus \\
            --detect_adapter_for_pe \\
            $args \\
            2> >(tee ${prefix}.fastp.log >&2)

        cat <<-END_VERSIONS > versions.yml
        "${task.process}":
            fastp: \$(fastp --version 2>&1 | sed -e "s/fastp //g")
        END_VERSIONS
        """
    }
 
  22a9e5e0e97f0475e310f04c56b1393a [java.lang.String] meta 
  0432b500dac41ae86b14a24b5640ab28 [java.util.LinkedHashMap] [id:SRR1848805, species:Arabidopsis thaliana, species_id:null, project:PRJNA277424, metadata:/home/antonio/Escritorio/Repositorios_GitHub/miRPlan-nf/data/Additional_info/03-Metadata/arth_m_PRJNA277424.tsv, genome:https://ftp.ncbi.nlm.nih.gov/genomes/all/GCF/000/001/735/GCF_000001735.4_TAIR10.1/GCF_000001735.4_TAIR10.1_genomic.fna.gz, single_end:true, group_id:[]] 
  553096c532e666fb42214fdf0520fe4a [java.lang.String] reads 
  39262054148eb0415d030c2f44a9f583 [nextflow.util.ArrayBag] [FileHolder(sourceObj:/home/antonio/Escritorio/Repositorios_GitHub/miRPlan-nf/assets/PRJNA277424/SRR1848805.fastq.gz, storePath:/home/antonio/Escritorio/Repositorios_GitHub/miRPlan-nf/assets/PRJNA277424/SRR1848805.fastq.gz, stageName:SRR1848805.fastq.gz)] 
  81bd4426dd807ebce449111e4f064ea8 [java.lang.String] adapter_fasta 
  a11e2b3f7b6287491e5a5180862fbd54 [nextflow.util.ArrayBag] [FileHolder(sourceObj:/home/antonio/Escritorio/Repositorios_GitHub/miRPlan-nf/assets/illumina_adapters.fa, storePath:/home/antonio/Escritorio/Repositorios_GitHub/miRPlan-nf/assets/illumina_adapters.fa, stageName:illumina_adapters.fa)] 
  5d3e4d03ff6c63b64d1f472f0dd98eb6 [java.lang.String] discard_trimmed_pass 
  b55cff6ee5ab10468335f878aa2d6251 [java.lang.Boolean] false 
  b8fe9c5d8866384a61f2173561699f0b [java.lang.String] save_trimmed_fail 
  b55cff6ee5ab10468335f878aa2d6251 [java.lang.Boolean] false 
  11172150877c9773a66ab6be8a9de1c9 [java.lang.String] save_merged 
  b55cff6ee5ab10468335f878aa2d6251 [java.lang.Boolean] false 
  4f9d4b0d22865056c37fb6d9c2a04a67 [java.lang.String] $ 
  16fe7483905cce7a85670e43e4678877 [java.lang.Boolean] true 
  db1503409cedc49f906e35a0d53cef7b [java.util.HashMap$EntrySet] [task.ext.args=--cut_right --cut_right_window_size 4 --cut_right_mean_quality 20 --cut_front --cut_front_window_size 1 --cut_front_mean_quality 3 --length_required 20 --trim_poly_x --poly_x_min_len 10 --length_limit 25 --n_base_limit 0, task.ext.prefix=null] 

feb.-18 12:44:45.697 [Actor Thread 18] DEBUG nextflow.processor.TaskProcessor - Process MAIN_MIRPLAN:MIRPLAN:FASTP > Skipping output binding because one or more optional files are missing: fileoutparam<4:1>
feb.-18 12:44:45.697 [Actor Thread 4] INFO  nextflow.processor.TaskProcessor - [d7/407a49] Cached process > MAIN_MIRPLAN:MIRPLAN:FASTP (SRR1848806)
feb.-18 12:44:45.697 [Actor Thread 18] DEBUG nextflow.processor.TaskProcessor - Process MAIN_MIRPLAN:MIRPLAN:FASTP > Skipping output binding because one or more optional files are missing: fileoutparam<5:1>
feb.-18 12:44:45.699 [Actor Thread 4] DEBUG nextflow.processor.TaskProcessor - Process MAIN_MIRPLAN:MIRPLAN:FASTP > Skipping output binding because one or more optional files are missing: fileoutparam<4:1>
feb.-18 12:44:45.699 [Actor Thread 4] DEBUG nextflow.processor.TaskProcessor - Process MAIN_MIRPLAN:MIRPLAN:FASTP > Skipping output binding because one or more optional files are missing: fileoutparam<5:1>
feb.-18 12:44:45.699 [Actor Thread 25] INFO  nextflow.processor.TaskProcessor - [7e/86f989] Cached process > MAIN_MIRPLAN:MIRPLAN:FASTP (SRR1848804)
feb.-18 12:44:45.700 [Actor Thread 24] DEBUG nextflow.processor.TaskProcessor - Process MAIN_MIRPLAN:MIRPLAN:FASTP > Skipping output binding because one or more optional files are missing: fileoutparam<4:1>
feb.-18 12:44:45.700 [Actor Thread 24] DEBUG nextflow.processor.TaskProcessor - Process MAIN_MIRPLAN:MIRPLAN:FASTP > Skipping output binding because one or more optional files are missing: fileoutparam<5:1>
feb.-18 12:44:45.700 [Actor Thread 23] DEBUG nextflow.processor.TaskProcessor - Process MAIN_MIRPLAN:MIRPLAN:FASTP > Skipping output binding because one or more optional files are missing: fileoutparam<4:1>
feb.-18 12:44:45.701 [Actor Thread 23] DEBUG nextflow.processor.TaskProcessor - Process MAIN_MIRPLAN:MIRPLAN:FASTP > Skipping output binding because one or more optional files are missing: fileoutparam<5:1>
feb.-18 12:44:45.701 [Actor Thread 19] DEBUG nextflow.processor.TaskProcessor - Process MAIN_MIRPLAN:MIRPLAN:FASTP > Skipping output binding because one or more optional files are missing: fileoutparam<4:1>
feb.-18 12:44:45.701 [Actor Thread 19] DEBUG nextflow.processor.TaskProcessor - Process MAIN_MIRPLAN:MIRPLAN:FASTP > Skipping output binding because one or more optional files are missing: fileoutparam<5:1>
feb.-18 12:44:45.701 [Actor Thread 7] INFO  nextflow.processor.TaskProcessor - [17/6ccbc7] Cached process > MAIN_MIRPLAN:MIRPLAN:FASTP (SRR1848808)
feb.-18 12:44:45.702 [Actor Thread 10] DEBUG nextflow.processor.TaskProcessor - Process MAIN_MIRPLAN:MIRPLAN:FASTP > Skipping output binding because one or more optional files are missing: fileoutparam<4:1>
feb.-18 12:44:45.702 [Actor Thread 10] DEBUG nextflow.processor.TaskProcessor - Process MAIN_MIRPLAN:MIRPLAN:FASTP > Skipping output binding because one or more optional files are missing: fileoutparam<5:1>
feb.-18 12:44:45.703 [Actor Thread 13] DEBUG nextflow.processor.TaskProcessor - Process MAIN_MIRPLAN:MIRPLAN:FASTP > Skipping output binding because one or more optional files are missing: fileoutparam<4:1>
feb.-18 12:44:45.703 [Actor Thread 13] DEBUG nextflow.processor.TaskProcessor - Process MAIN_MIRPLAN:MIRPLAN:FASTP > Skipping output binding because one or more optional files are missing: fileoutparam<5:1>
feb.-18 12:44:45.705 [Actor Thread 22] DEBUG nextflow.processor.TaskProcessor - Process MAIN_MIRPLAN:MIRPLAN:FASTP > Skipping output binding because one or more optional files are missing: fileoutparam<4:1>
feb.-18 12:44:45.705 [Actor Thread 22] DEBUG nextflow.processor.TaskProcessor - Process MAIN_MIRPLAN:MIRPLAN:FASTP > Skipping output binding because one or more optional files are missing: fileoutparam<5:1>
feb.-18 12:44:45.705 [Actor Thread 26] DEBUG nextflow.processor.TaskProcessor - Process MAIN_MIRPLAN:MIRPLAN:FASTP > Skipping output binding because one or more optional files are missing: fileoutparam<4:1>
feb.-18 12:44:45.705 [Actor Thread 26] DEBUG nextflow.processor.TaskProcessor - Process MAIN_MIRPLAN:MIRPLAN:FASTP > Skipping output binding because one or more optional files are missing: fileoutparam<5:1>
feb.-18 12:44:45.706 [Actor Thread 9] DEBUG nextflow.processor.TaskProcessor - Process MAIN_MIRPLAN:MIRPLAN:FASTP > Skipping output binding because one or more optional files are missing: fileoutparam<4:1>
feb.-18 12:44:45.706 [Actor Thread 9] DEBUG nextflow.processor.TaskProcessor - Process MAIN_MIRPLAN:MIRPLAN:FASTP > Skipping output binding because one or more optional files are missing: fileoutparam<5:1>
feb.-18 12:44:45.707 [Actor Thread 21] DEBUG nextflow.processor.TaskProcessor - Process MAIN_MIRPLAN:MIRPLAN:FASTP > Skipping output binding because one or more optional files are missing: fileoutparam<4:1>
feb.-18 12:44:45.708 [Actor Thread 21] DEBUG nextflow.processor.TaskProcessor - Process MAIN_MIRPLAN:MIRPLAN:FASTP > Skipping output binding because one or more optional files are missing: fileoutparam<5:1>
feb.-18 12:44:45.709 [Actor Thread 14] DEBUG nextflow.processor.TaskProcessor - Process MAIN_MIRPLAN:MIRPLAN:FASTP > Skipping output binding because one or more optional files are missing: fileoutparam<4:1>
feb.-18 12:44:45.709 [Actor Thread 14] DEBUG nextflow.processor.TaskProcessor - Process MAIN_MIRPLAN:MIRPLAN:FASTP > Skipping output binding because one or more optional files are missing: fileoutparam<5:1>
feb.-18 12:44:45.710 [Actor Thread 11] DEBUG nextflow.processor.TaskProcessor - Process MAIN_MIRPLAN:MIRPLAN:FASTP > Skipping output binding because one or more optional files are missing: fileoutparam<4:1>
feb.-18 12:44:45.710 [Actor Thread 11] DEBUG nextflow.processor.TaskProcessor - Process MAIN_MIRPLAN:MIRPLAN:FASTP > Skipping output binding because one or more optional files are missing: fileoutparam<5:1>
feb.-18 12:44:45.712 [Actor Thread 17] DEBUG nextflow.processor.TaskProcessor - Process MAIN_MIRPLAN:MIRPLAN:FASTP > Skipping output binding because one or more optional files are missing: fileoutparam<4:1>
feb.-18 12:44:45.712 [Actor Thread 17] DEBUG nextflow.processor.TaskProcessor - Process MAIN_MIRPLAN:MIRPLAN:FASTP > Skipping output binding because one or more optional files are missing: fileoutparam<5:1>
feb.-18 12:44:45.713 [Actor Thread 3] DEBUG nextflow.processor.TaskProcessor - Process MAIN_MIRPLAN:MIRPLAN:FASTP > Skipping output binding because one or more optional files are missing: fileoutparam<4:1>
feb.-18 12:44:45.713 [Actor Thread 3] DEBUG nextflow.processor.TaskProcessor - Process MAIN_MIRPLAN:MIRPLAN:FASTP > Skipping output binding because one or more optional files are missing: fileoutparam<5:1>
feb.-18 12:44:45.714 [Actor Thread 1] DEBUG nextflow.processor.TaskProcessor - Process MAIN_MIRPLAN:MIRPLAN:FASTP > Skipping output binding because one or more optional files are missing: fileoutparam<4:1>
feb.-18 12:44:45.714 [Actor Thread 1] DEBUG nextflow.processor.TaskProcessor - Process MAIN_MIRPLAN:MIRPLAN:FASTP > Skipping output binding because one or more optional files are missing: fileoutparam<5:1>
feb.-18 12:44:45.716 [Actor Thread 6] DEBUG nextflow.processor.TaskProcessor - Process MAIN_MIRPLAN:MIRPLAN:FASTP > Skipping output binding because one or more optional files are missing: fileoutparam<4:1>
feb.-18 12:44:45.716 [Actor Thread 6] DEBUG nextflow.processor.TaskProcessor - Process MAIN_MIRPLAN:MIRPLAN:FASTP > Skipping output binding because one or more optional files are missing: fileoutparam<5:1>
feb.-18 12:44:45.717 [Actor Thread 7] DEBUG nextflow.processor.TaskProcessor - Process MAIN_MIRPLAN:MIRPLAN:FASTP > Skipping output binding because one or more optional files are missing: fileoutparam<4:1>
feb.-18 12:44:45.717 [Actor Thread 7] DEBUG nextflow.processor.TaskProcessor - Process MAIN_MIRPLAN:MIRPLAN:FASTP > Skipping output binding because one or more optional files are missing: fileoutparam<5:1>
feb.-18 12:44:45.719 [Actor Thread 25] DEBUG nextflow.processor.TaskProcessor - Process MAIN_MIRPLAN:MIRPLAN:FASTP > Skipping output binding because one or more optional files are missing: fileoutparam<4:1>
feb.-18 12:44:45.719 [Actor Thread 25] DEBUG nextflow.processor.TaskProcessor - Process MAIN_MIRPLAN:MIRPLAN:FASTP > Skipping output binding because one or more optional files are missing: fileoutparam<5:1>
feb.-18 12:44:45.722 [Actor Thread 8] INFO  nextflow.processor.TaskProcessor - [06/a2ca47] Cached process > MAIN_MIRPLAN:MIRPLAN:FASTP (ERR4078856)
feb.-18 12:44:45.723 [Actor Thread 8] DEBUG nextflow.processor.TaskProcessor - Process MAIN_MIRPLAN:MIRPLAN:FASTP > Skipping output binding because one or more optional files are missing: fileoutparam<4:1>
feb.-18 12:44:45.723 [Actor Thread 8] DEBUG nextflow.processor.TaskProcessor - Process MAIN_MIRPLAN:MIRPLAN:FASTP > Skipping output binding because one or more optional files are missing: fileoutparam<5:1>
feb.-18 12:44:46.002 [Actor Thread 5] INFO  nextflow.processor.TaskProcessor - [ba/0cbdc9] Cached process > MAIN_MIRPLAN:MIRPLAN:FASTP (SRR1848805)
feb.-18 12:44:46.003 [Actor Thread 5] DEBUG nextflow.processor.TaskProcessor - Process MAIN_MIRPLAN:MIRPLAN:FASTP > Skipping output binding because one or more optional files are missing: fileoutparam<4:1>
feb.-18 12:44:46.003 [Actor Thread 5] DEBUG nextflow.processor.TaskProcessor - Process MAIN_MIRPLAN:MIRPLAN:FASTP > Skipping output binding because one or more optional files are missing: fileoutparam<5:1>
feb.-18 12:44:47.671 [Actor Thread 15] INFO  nextflow.processor.TaskProcessor - [af/5d4811] Cached process > MAIN_MIRPLAN:MIRPLAN:FASTP (SRR14182747)
feb.-18 12:44:47.671 [Actor Thread 16] INFO  nextflow.processor.TaskProcessor - [ec/62c320] Cached process > MAIN_MIRPLAN:MIRPLAN:FASTP (SRR1848803)
feb.-18 12:44:47.671 [Actor Thread 2] INFO  nextflow.processor.TaskProcessor - [d0/30ac64] Cached process > MAIN_MIRPLAN:MIRPLAN:FASTP (SRR1848807)
feb.-18 12:44:47.672 [Actor Thread 15] DEBUG nextflow.processor.TaskProcessor - Process MAIN_MIRPLAN:MIRPLAN:FASTP > Skipping output binding because one or more optional files are missing: fileoutparam<4:1>
feb.-18 12:44:47.672 [Actor Thread 15] DEBUG nextflow.processor.TaskProcessor - Process MAIN_MIRPLAN:MIRPLAN:FASTP > Skipping output binding because one or more optional files are missing: fileoutparam<5:1>
feb.-18 12:44:47.672 [Actor Thread 2] DEBUG nextflow.processor.TaskProcessor - Process MAIN_MIRPLAN:MIRPLAN:FASTP > Skipping output binding because one or more optional files are missing: fileoutparam<4:1>
feb.-18 12:44:47.672 [Actor Thread 2] DEBUG nextflow.processor.TaskProcessor - Process MAIN_MIRPLAN:MIRPLAN:FASTP > Skipping output binding because one or more optional files are missing: fileoutparam<5:1>
feb.-18 12:44:47.673 [Actor Thread 16] DEBUG nextflow.processor.TaskProcessor - Process MAIN_MIRPLAN:MIRPLAN:FASTP > Skipping output binding because one or more optional files are missing: fileoutparam<4:1>
feb.-18 12:44:47.673 [Actor Thread 16] DEBUG nextflow.processor.TaskProcessor - Process MAIN_MIRPLAN:MIRPLAN:FASTP > Skipping output binding because one or more optional files are missing: fileoutparam<5:1>
feb.-18 12:44:47.680 [Actor Thread 2] INFO  nextflow.processor.TaskProcessor - [MAIN_MIRPLAN:MIRPLAN:VALIDATION:LIBRARIES_VALIDATION (2)] cache hash: 0538dd1ae9cd55f87d0de2c53b80d970; mode: STANDARD; entries: 
  2ad8cea781a4a45e1ba87179f2662474 [java.util.UUID] ba89cd85-143a-443f-a9d1-dcf2039040f9 
  51fc485e0cc92e834c7719a371ad8a5b [java.lang.String] MAIN_MIRPLAN:MIRPLAN:VALIDATION:LIBRARIES_VALIDATION 
  f32af1877fdb68a070abff62c012430f [java.lang.String]     """
    03-Validate_libraries.py \
        -i ${fastq_files} \
        -j ${meta.id} \
        -m ${meta.metadata} \
        -d ${depth_threshold} \
        -r ${rep_threshold} \
        -p ${task.cpus}
    """
 
  22a9e5e0e97f0475e310f04c56b1393a [java.lang.String] meta 
  45d01d82f8817b34a04e6993c0fb35d4 [java.util.LinkedHashMap] [id:PRJNA277424, species:Arabidopsis thaliana, species_id:null, project:PRJNA277424, metadata:/home/antonio/Escritorio/Repositorios_GitHub/miRPlan-nf/data/Additional_info/03-Metadata/arth_m_PRJNA277424.tsv, genome:https://ftp.ncbi.nlm.nih.gov/genomes/all/GCF/000/001/735/GCF_000001735.4_TAIR10.1/GCF_000001735.4_TAIR10.1_genomic.fna.gz, single_end:true, group_id:[]] 
  84769b0d9e9d6c89ea60b583af1e91d7 [java.lang.String] fastq_files 
  0917f68e53e00c0735641a9a40d2d200 [nextflow.util.ArrayBag] [FileHolder(sourceObj:/home/antonio/Escritorio/Repositorios_GitHub/miRPlan-nf/work/17/6ccbc7d857c14db2e7b6f56e0ae3c5/SRR1848808.fastp.fastq.gz, storePath:/home/antonio/Escritorio/Repositorios_GitHub/miRPlan-nf/work/17/6ccbc7d857c14db2e7b6f56e0ae3c5/SRR1848808.fastp.fastq.gz, stageName:SRR1848808.fastp.fastq.gz), FileHolder(sourceObj:/home/antonio/Escritorio/Repositorios_GitHub/miRPlan-nf/work/7e/86f9890520d4840b0cda8135608ce0/SRR1848804.fastp.fastq.gz, storePath:/home/antonio/Escritorio/Repositorios_GitHub/miRPlan-nf/work/7e/86f9890520d4840b0cda8135608ce0/SRR1848804.fastp.fastq.gz, stageName:SRR1848804.fastp.fastq.gz), FileHolder(sourceObj:/home/antonio/Escritorio/Repositorios_GitHub/miRPlan-nf/work/ba/0cbdc9aac88f61a257753915668b17/SRR1848805.fastp.fastq.gz, storePath:/home/antonio/Escritorio/Repositorios_GitHub/miRPlan-nf/work/ba/0cbdc9aac88f61a257753915668b17/SRR1848805.fastp.fastq.gz, stageName:SRR1848805.fastp.fastq.gz), FileHolder(sourceObj:/home/antonio/Escritorio/Repositorios_GitHub/miRPlan-nf/work/d0/30ac64ca76123b48051e2fb2ae8acc/SRR1848807.fastp.fastq.gz, storePath:/home/antonio/Escritorio/Repositorios_GitHub/miRPlan-nf/work/d0/30ac64ca76123b48051e2fb2ae8acc/SRR1848807.fastp.fastq.gz, stageName:SRR1848807.fastp.fastq.gz), FileHolder(sourceObj:/home/antonio/Escritorio/Repositorios_GitHub/miRPlan-nf/work/d7/407a49254601388eb2751231125842/SRR1848806.fastp.fastq.gz, storePath:/home/antonio/Escritorio/Repositorios_GitHub/miRPlan-nf/work/d7/407a49254601388eb2751231125842/SRR1848806.fastp.fastq.gz, stageName:SRR1848806.fastp.fastq.gz), FileHolder(sourceObj:/home/antonio/Escritorio/Repositorios_GitHub/miRPlan-nf/work/ec/62c3208f6d4a26c0e714a02dc17c7d/SRR1848803.fastp.fastq.gz, storePath:/home/antonio/Escritorio/Repositorios_GitHub/miRPlan-nf/work/ec/62c3208f6d4a26c0e714a02dc17c7d/SRR1848803.fastp.fastq.gz, stageName:SRR1848803.fastp.fastq.gz)] 
  d3ac4b991a91c90eeb0fb77dfd3e525b [java.lang.String] depth_threshold 
  b7a7bdac38235793e18822ee357a5647 [java.lang.Integer] 500000 
  bed29547e9049be1c5c923abefeab64d [java.lang.String] rep_threshold 
  605b35e407e90cda15ad084365733fdd [java.lang.Integer] 2 
  4f9d4b0d22865056c37fb6d9c2a04a67 [java.lang.String] $ 
  16fe7483905cce7a85670e43e4678877 [java.lang.Boolean] true 
  b622946955acd29d34dbe541a5896ea8 [sun.nio.fs.UnixPath] /home/antonio/Escritorio/Repositorios_GitHub/miRPlan-nf/bin/03-Validate_libraries.py 

feb.-18 12:44:47.680 [Actor Thread 7] INFO  nextflow.processor.TaskProcessor - [MAIN_MIRPLAN:MIRPLAN:VALIDATION:LIBRARIES_VALIDATION (3)] cache hash: 913c4b7930b97744d85c5b39528133a8; mode: STANDARD; entries: 
  2ad8cea781a4a45e1ba87179f2662474 [java.util.UUID] ba89cd85-143a-443f-a9d1-dcf2039040f9 
  51fc485e0cc92e834c7719a371ad8a5b [java.lang.String] MAIN_MIRPLAN:MIRPLAN:VALIDATION:LIBRARIES_VALIDATION 
  f32af1877fdb68a070abff62c012430f [java.lang.String]     """
    03-Validate_libraries.py \
        -i ${fastq_files} \
        -j ${meta.id} \
        -m ${meta.metadata} \
        -d ${depth_threshold} \
        -r ${rep_threshold} \
        -p ${task.cpus}
    """
 
  22a9e5e0e97f0475e310f04c56b1393a [java.lang.String] meta 
  c6e19b561772dc965456c04b79c1eafa [java.util.LinkedHashMap] [id:PRJEB38055, species:Amaranthus hypochondriacus, species_id:null, project:PRJEB38055, metadata:/home/antonio/Escritorio/Repositorios_GitHub/miRPlan-nf/data/Additional_info/03-Metadata/amhy_m_PRJEB38055.tsv, genome:https://ftp.ncbi.nlm.nih.gov/genomes/all/GCA/000/753/965/GCA_000753965.2_IBAB_Ahyp_2.0/GCA_000753965.2_IBAB_Ahyp_2.0_genomic.fna.gz, single_end:true, group_id:[]] 
  84769b0d9e9d6c89ea60b583af1e91d7 [java.lang.String] fastq_files 
  e03f268f58f73c99e8efeaa609e14946 [nextflow.util.ArrayBag] [FileHolder(sourceObj:/home/antonio/Escritorio/Repositorios_GitHub/miRPlan-nf/work/05/2953c4f2790b2a57f572c5fa671d5b/ERR4078852.fastp.fastq.gz, storePath:/home/antonio/Escritorio/Repositorios_GitHub/miRPlan-nf/work/05/2953c4f2790b2a57f572c5fa671d5b/ERR4078852.fastp.fastq.gz, stageName:ERR4078852.fastp.fastq.gz), FileHolder(sourceObj:/home/antonio/Escritorio/Repositorios_GitHub/miRPlan-nf/work/06/a2ca470e18f7afe668e80bb4e4def5/ERR4078856.fastp.fastq.gz, storePath:/home/antonio/Escritorio/Repositorios_GitHub/miRPlan-nf/work/06/a2ca470e18f7afe668e80bb4e4def5/ERR4078856.fastp.fastq.gz, stageName:ERR4078856.fastp.fastq.gz), FileHolder(sourceObj:/home/antonio/Escritorio/Repositorios_GitHub/miRPlan-nf/work/0f/2f99adef81f8fc85351522d230e727/ERR4078853.fastp.fastq.gz, storePath:/home/antonio/Escritorio/Repositorios_GitHub/miRPlan-nf/work/0f/2f99adef81f8fc85351522d230e727/ERR4078853.fastp.fastq.gz, stageName:ERR4078853.fastp.fastq.gz), FileHolder(sourceObj:/home/antonio/Escritorio/Repositorios_GitHub/miRPlan-nf/work/11/2dd9b671677c4e2fa157c32eb75b9e/ERR4078848.fastp.fastq.gz, storePath:/home/antonio/Escritorio/Repositorios_GitHub/miRPlan-nf/work/11/2dd9b671677c4e2fa157c32eb75b9e/ERR4078848.fastp.fastq.gz, stageName:ERR4078848.fastp.fastq.gz), FileHolder(sourceObj:/home/antonio/Escritorio/Repositorios_GitHub/miRPlan-nf/work/42/cd4495a639ec2e898d7e316c8a1470/ERR4078854.fastp.fastq.gz, storePath:/home/antonio/Escritorio/Repositorios_GitHub/miRPlan-nf/work/42/cd4495a639ec2e898d7e316c8a1470/ERR4078854.fastp.fastq.gz, stageName:ERR4078854.fastp.fastq.gz), FileHolder(sourceObj:/home/antonio/Escritorio/Repositorios_GitHub/miRPlan-nf/work/89/aaa93eeb60744a21c7a89fe809db90/ERR4078851.fastp.fastq.gz, storePath:/home/antonio/Escritorio/Repositorios_GitHub/miRPlan-nf/work/89/aaa93eeb60744a21c7a89fe809db90/ERR4078851.fastp.fastq.gz, stageName:ERR4078851.fastp.fastq.gz), FileHolder(sourceObj:/home/antonio/Escritorio/Repositorios_GitHub/miRPlan-nf/work/a4/cbc6262216f09d3ad20229aae2cb0f/ERR4078849.fastp.fastq.gz, storePath:/home/antonio/Escritorio/Repositorios_GitHub/miRPlan-nf/work/a4/cbc6262216f09d3ad20229aae2cb0f/ERR4078849.fastp.fastq.gz, stageName:ERR4078849.fastp.fastq.gz), FileHolder(sourceObj:/home/antonio/Escritorio/Repositorios_GitHub/miRPlan-nf/work/a7/8306864127aef73262b15f105ec6dd/ERR4078857.fastp.fastq.gz, storePath:/home/antonio/Escritorio/Repositorios_GitHub/miRPlan-nf/work/a7/8306864127aef73262b15f105ec6dd/ERR4078857.fastp.fastq.gz, stageName:ERR4078857.fastp.fastq.gz), FileHolder(sourceObj:/home/antonio/Escritorio/Repositorios_GitHub/miRPlan-nf/work/ab/227905f5a804d59ce7769fe69cd07f/ERR4078855.fastp.fastq.gz, storePath:/home/antonio/Escritorio/Repositorios_GitHub/miRPlan-nf/work/ab/227905f5a804d59ce7769fe69cd07f/ERR4078855.fastp.fastq.gz, stageName:ERR4078855.fastp.fastq.gz), FileHolder(sourceObj:/home/antonio/Escritorio/Repositorios_GitHub/miRPlan-nf/work/ac/4c60c2b203aad14e4dd1ec1184626b/ERR4078850.fastp.fastq.gz, storePath:/home/antonio/Escritorio/Repositorios_GitHub/miRPlan-nf/work/ac/4c60c2b203aad14e4dd1ec1184626b/ERR4078850.fastp.fastq.gz, stageName:ERR4078850.fastp.fastq.gz), FileHolder(sourceObj:/home/antonio/Escritorio/Repositorios_GitHub/miRPlan-nf/work/d2/bcd86fd1eeb45dca7f50b2b3c71ec2/ERR4078858.fastp.fastq.gz, storePath:/home/antonio/Escritorio/Repositorios_GitHub/miRPlan-nf/work/d2/bcd86fd1eeb45dca7f50b2b3c71ec2/ERR4078858.fastp.fastq.gz, stageName:ERR4078858.fastp.fastq.gz), FileHolder(sourceObj:/home/antonio/Escritorio/Repositorios_GitHub/miRPlan-nf/work/f9/7c36869a94448aa0888d8db1bed529/ERR4078847.fastp.fastq.gz, storePath:/home/antonio/Escritorio/Repositorios_GitHub/miRPlan-nf/work/f9/7c36869a94448aa0888d8db1bed529/ERR4078847.fastp.fastq.gz, stageName:ERR4078847.fastp.fastq.gz)] 
  d3ac4b991a91c90eeb0fb77dfd3e525b [java.lang.String] depth_threshold 
  b7a7bdac38235793e18822ee357a5647 [java.lang.Integer] 500000 
  bed29547e9049be1c5c923abefeab64d [java.lang.String] rep_threshold 
  605b35e407e90cda15ad084365733fdd [java.lang.Integer] 2 
  4f9d4b0d22865056c37fb6d9c2a04a67 [java.lang.String] $ 
  16fe7483905cce7a85670e43e4678877 [java.lang.Boolean] true 
  b622946955acd29d34dbe541a5896ea8 [sun.nio.fs.UnixPath] /home/antonio/Escritorio/Repositorios_GitHub/miRPlan-nf/bin/03-Validate_libraries.py 

feb.-18 12:44:47.680 [Actor Thread 16] INFO  nextflow.processor.TaskProcessor - [MAIN_MIRPLAN:MIRPLAN:VALIDATION:LIBRARIES_VALIDATION (1)] cache hash: 897260826fab080bfedd4dc1cd26370a; mode: STANDARD; entries: 
  2ad8cea781a4a45e1ba87179f2662474 [java.util.UUID] ba89cd85-143a-443f-a9d1-dcf2039040f9 
  51fc485e0cc92e834c7719a371ad8a5b [java.lang.String] MAIN_MIRPLAN:MIRPLAN:VALIDATION:LIBRARIES_VALIDATION 
  f32af1877fdb68a070abff62c012430f [java.lang.String]     """
    03-Validate_libraries.py \
        -i ${fastq_files} \
        -j ${meta.id} \
        -m ${meta.metadata} \
        -d ${depth_threshold} \
        -r ${rep_threshold} \
        -p ${task.cpus}
    """
 
  22a9e5e0e97f0475e310f04c56b1393a [java.lang.String] meta 
  3599c725d2ed48d2d5c17d483f0dcc94 [java.util.LinkedHashMap] [id:PRJNA720229, species:Glycine max, species_id:null, project:PRJNA720229, metadata:/home/antonio/Escritorio/Repositorios_GitHub/miRPlan-nf/data/Additional_info/03-Metadata/glma_m_PRJNA720229.tsv, genome:https://ftp.ncbi.nlm.nih.gov/genomes/all/GCF/000/004/515/GCF_000004515.6_Glycine_max_v4.0/GCF_000004515.6_Glycine_max_v4.0_genomic.fna.gz, single_end:true, group_id:[]] 
  84769b0d9e9d6c89ea60b583af1e91d7 [java.lang.String] fastq_files 
  80d01616c0c3be91b1556bfc86430f88 [nextflow.util.ArrayBag] [FileHolder(sourceObj:/home/antonio/Escritorio/Repositorios_GitHub/miRPlan-nf/work/08/970ea6aa7d697269cd5ee0c0267363/SRR14182735.fastp.fastq.gz, storePath:/home/antonio/Escritorio/Repositorios_GitHub/miRPlan-nf/work/08/970ea6aa7d697269cd5ee0c0267363/SRR14182735.fastp.fastq.gz, stageName:SRR14182735.fastp.fastq.gz), FileHolder(sourceObj:/home/antonio/Escritorio/Repositorios_GitHub/miRPlan-nf/work/45/4b651ebb72fe6f270b6f395d27a188/SRR14182734.fastp.fastq.gz, storePath:/home/antonio/Escritorio/Repositorios_GitHub/miRPlan-nf/work/45/4b651ebb72fe6f270b6f395d27a188/SRR14182734.fastp.fastq.gz, stageName:SRR14182734.fastp.fastq.gz), FileHolder(sourceObj:/home/antonio/Escritorio/Repositorios_GitHub/miRPlan-nf/work/4c/3335dc9082779c1e735c9b3a9e7104/SRR14182750.fastp.fastq.gz, storePath:/home/antonio/Escritorio/Repositorios_GitHub/miRPlan-nf/work/4c/3335dc9082779c1e735c9b3a9e7104/SRR14182750.fastp.fastq.gz, stageName:SRR14182750.fastp.fastq.gz), FileHolder(sourceObj:/home/antonio/Escritorio/Repositorios_GitHub/miRPlan-nf/work/69/e406e9af9be9aed6e9ea2e226b5db2/SRR14182749.fastp.fastq.gz, storePath:/home/antonio/Escritorio/Repositorios_GitHub/miRPlan-nf/work/69/e406e9af9be9aed6e9ea2e226b5db2/SRR14182749.fastp.fastq.gz, stageName:SRR14182749.fastp.fastq.gz), FileHolder(sourceObj:/home/antonio/Escritorio/Repositorios_GitHub/miRPlan-nf/work/af/5d4811d7c7bb976b5f158421d5544a/SRR14182747.fastp.fastq.gz, storePath:/home/antonio/Escritorio/Repositorios_GitHub/miRPlan-nf/work/af/5d4811d7c7bb976b5f158421d5544a/SRR14182747.fastp.fastq.gz, stageName:SRR14182747.fastp.fastq.gz), FileHolder(sourceObj:/home/antonio/Escritorio/Repositorios_GitHub/miRPlan-nf/work/ce/ab85f9cc76bb793abe3675d7e0aa4e/SRR14182736.fastp.fastq.gz, storePath:/home/antonio/Escritorio/Repositorios_GitHub/miRPlan-nf/work/ce/ab85f9cc76bb793abe3675d7e0aa4e/SRR14182736.fastp.fastq.gz, stageName:SRR14182736.fastp.fastq.gz)] 
  d3ac4b991a91c90eeb0fb77dfd3e525b [java.lang.String] depth_threshold 
  b7a7bdac38235793e18822ee357a5647 [java.lang.Integer] 500000 
  bed29547e9049be1c5c923abefeab64d [java.lang.String] rep_threshold 
  605b35e407e90cda15ad084365733fdd [java.lang.Integer] 2 
  4f9d4b0d22865056c37fb6d9c2a04a67 [java.lang.String] $ 
  16fe7483905cce7a85670e43e4678877 [java.lang.Boolean] true 
  b622946955acd29d34dbe541a5896ea8 [sun.nio.fs.UnixPath] /home/antonio/Escritorio/Repositorios_GitHub/miRPlan-nf/bin/03-Validate_libraries.py 

feb.-18 12:44:47.704 [Actor Thread 7] INFO  nextflow.processor.TaskProcessor - [43/392a74] Cached process > MAIN_MIRPLAN:MIRPLAN:VALIDATION:LIBRARIES_VALIDATION (PRJEB38055)
feb.-18 12:44:47.705 [Actor Thread 16] INFO  nextflow.processor.TaskProcessor - [5d/40ca16] Cached process > MAIN_MIRPLAN:MIRPLAN:VALIDATION:LIBRARIES_VALIDATION (PRJNA720229)
feb.-18 12:44:47.705 [Actor Thread 7] DEBUG nextflow.processor.TaskProcessor - Process MAIN_MIRPLAN:MIRPLAN:VALIDATION:LIBRARIES_VALIDATION > Skipping output binding because one or more optional files are missing: fileoutparam<0:1>
feb.-18 12:44:47.706 [Actor Thread 16] DEBUG nextflow.processor.TaskProcessor - Process MAIN_MIRPLAN:MIRPLAN:VALIDATION:LIBRARIES_VALIDATION > Skipping output binding because one or more optional files are missing: fileoutparam<1:1>
feb.-18 12:44:47.975 [Actor Thread 2] INFO  nextflow.processor.TaskProcessor - [0e/9ae275] Cached process > MAIN_MIRPLAN:MIRPLAN:VALIDATION:LIBRARIES_VALIDATION (PRJNA277424)
feb.-18 12:44:47.975 [Actor Thread 2] DEBUG nextflow.processor.TaskProcessor - Process MAIN_MIRPLAN:MIRPLAN:VALIDATION:LIBRARIES_VALIDATION > Skipping output binding because one or more optional files are missing: fileoutparam<1:1>
feb.-18 12:44:48.536 [Actor Thread 13] INFO  nextflow.processor.TaskProcessor - [MAIN_MIRPLAN:MIRPLAN:FILTERING_DB:BOWTIE_ALIGN (8)] cache hash: 08f980ab372a5a6fb5b0ab6a88485ebf; mode: STANDARD; entries: 
  2ad8cea781a4a45e1ba87179f2662474 [java.util.UUID] ba89cd85-143a-443f-a9d1-dcf2039040f9 
  ad5b9f570d9e5985470f78988545daf2 [java.lang.String] MAIN_MIRPLAN:MIRPLAN:FILTERING_DB:BOWTIE_ALIGN 
  d8fc2dbd4b7f6e3faf89e3477a673aec [java.lang.String]     def args = task.ext.args ?: ''
    def args2 = task.ext.args2 ?: ''
    def prefix = task.ext.prefix ?: "${meta.id}"
    def aligned = save_aligned ? "--al ${prefix}.${meta.type}.aligned.fastq" : ''
    def unaligned = save_unaligned ? "--un ${prefix}.${meta.type}.unaligned.fastq" : ''
    def endedness = meta.single_end ? "$reads".toString().replaceAll('.gz$', '') : "-1 ${reads[0].toString().replaceAll('.gz$', '')} -2  ${reads[1].toString().replaceAll('.gz$', '')}"
    """
    # Decompress query files
    if [[ ${meta.single_end} == true ]]; then
        # Decompress file if it is required
        if [[ ${reads} == *.gz ]]; then
            gzip -d -f ${reads}
        fi
    else
        # Decompress file 1
        if [[ ${reads[1]} == *.gz ]]; then
            gzip -d -f ${reads[1]}
        fi

        # Decompress file 2
        if [[ ${reads[2]} == *.gz ]]; then
            gzip -d -f ${reads[2]}
        fi
    fi

    INDEX=\$(find -L ./ -name "*.3.ebwt" | sed 's/\\.3.ebwt\$//')
    bowtie \\
        --threads $task.cpus \\
        --sam \\
        -x \$INDEX \\
        -q \\
        $aligned \\
        $unaligned \\
        $args \\
        $endedness \\
        2> >(tee ${prefix}.out >&2) \\
        | samtools view $args2 -@ $task.cpus -bS -o ${prefix}.bam -

    # Compress aligned sequences file
    if [ -f ${prefix}.${meta.type}.aligned.fastq ]; then
        gzip ${prefix}.${meta.type}.aligned.fastq
    fi
    if [ -f ${prefix}.${meta.type}.aligned_1.fastq ]; then
        gzip ${prefix}.${meta.type}.aligned_1.fastq
        gzip ${prefix}.${meta.type}.aligned_2.fastq
    fi

    # Compress unaligned sequences file
    if [ -f ${prefix}.${meta.type}.unaligned.fastq ]; then
        gzip ${prefix}.${meta.type}.unaligned.fastq
    fi
    if [ -f ${prefix}.${meta.type}.unaligned_1.fastq ]; then
        gzip ${prefix}.${meta.type}.unaligned_1.fastq
        gzip ${prefix}.${meta.type}.unaligned_2.fastq
    fi

    cat <<-END_VERSIONS > versions.yml
    "${task.process}":
        bowtie: \$(echo \$(bowtie --version 2>&1) | sed 's/^.*bowtie-align-s version //; s/ .*\$//')
        samtools: \$(echo \$(samtools --version 2>&1) | sed 's/^.*samtools //; s/Using.*\$//')
    END_VERSIONS
    """
 
  22a9e5e0e97f0475e310f04c56b1393a [java.lang.String] meta 
  073e03007596964014d2fb6a6325b86a [java.util.LinkedHashMap] [id:SRR1848804, species:Arabidopsis thaliana, species_id:null, project:PRJNA277424, metadata:/home/antonio/Escritorio/Repositorios_GitHub/miRPlan-nf/data/Additional_info/03-Metadata/arth_m_PRJNA277424.tsv, genome:https://ftp.ncbi.nlm.nih.gov/genomes/all/GCF/000/001/735/GCF_000001735.4_TAIR10.1/GCF_000001735.4_TAIR10.1_genomic.fna.gz, single_end:true, group_id:[], depth:9600746, depth_validity:valid, replicates_validity:valid, valid_groups:[3], notvalid_groups:[1, 2, 4], type:database] 
  553096c532e666fb42214fdf0520fe4a [java.lang.String] reads 
  d9aa67e75b49359932691ec339262f5e [nextflow.util.ArrayBag] [FileHolder(sourceObj:/home/antonio/Escritorio/Repositorios_GitHub/miRPlan-nf/work/0e/9ae275835f040c11de761fcc5673fd/SRR1848804.valid.fastq.gz, storePath:/home/antonio/Escritorio/Repositorios_GitHub/miRPlan-nf/work/7e/86f9890520d4840b0cda8135608ce0/SRR1848804.fastp.fastq.gz, stageName:SRR1848804.valid.fastq.gz)] 
  409b6322c96c5aed2e508e57cc521d5d [java.lang.String] meta2 
  0e0aef32743531f5cf1b57f965c564bf [java.util.LinkedHashMap] [id:Filtering database] 
  105e03d70ef5c389e573ff1c323ba2e5 [java.lang.String] index 
  b3669a693e6108a0cb344ede2ccceda9 [nextflow.util.ArrayBag] [FileHolder(sourceObj:/home/antonio/Escritorio/Repositorios_GitHub/miRPlan-nf/work/21/16853780850fe2282120cab2320e2d/bowtie, storePath:/home/antonio/Escritorio/Repositorios_GitHub/miRPlan-nf/work/21/16853780850fe2282120cab2320e2d/bowtie, stageName:bowtie)] 
  66c252adc084b98a341baf36fe433d99 [java.lang.String] save_aligned 
  16fe7483905cce7a85670e43e4678877 [java.lang.Boolean] true 
  0de2392ec6ba747d6f52fe70934fb8d8 [java.lang.String] save_unaligned 
  16fe7483905cce7a85670e43e4678877 [java.lang.Boolean] true 
  4f9d4b0d22865056c37fb6d9c2a04a67 [java.lang.String] $ 
  16fe7483905cce7a85670e43e4678877 [java.lang.Boolean] true 
  d59345b4b93cc35283c8bd08580f01d4 [java.util.HashMap$EntrySet] [task.ext.args=-v 0, task.ext.args2=null, task.ext.prefix=null] 

feb.-18 12:44:48.537 [Actor Thread 8] INFO  nextflow.processor.TaskProcessor - [MAIN_MIRPLAN:MIRPLAN:FILTERING_DB:BOWTIE_ALIGN (11)] cache hash: 4a2c87a3fa502719695dbcaed8252700; mode: STANDARD; entries: 
  2ad8cea781a4a45e1ba87179f2662474 [java.util.UUID] ba89cd85-143a-443f-a9d1-dcf2039040f9 
  ad5b9f570d9e5985470f78988545daf2 [java.lang.String] MAIN_MIRPLAN:MIRPLAN:FILTERING_DB:BOWTIE_ALIGN 
  d8fc2dbd4b7f6e3faf89e3477a673aec [java.lang.String]     def args = task.ext.args ?: ''
    def args2 = task.ext.args2 ?: ''
    def prefix = task.ext.prefix ?: "${meta.id}"
    def aligned = save_aligned ? "--al ${prefix}.${meta.type}.aligned.fastq" : ''
    def unaligned = save_unaligned ? "--un ${prefix}.${meta.type}.unaligned.fastq" : ''
    def endedness = meta.single_end ? "$reads".toString().replaceAll('.gz$', '') : "-1 ${reads[0].toString().replaceAll('.gz$', '')} -2  ${reads[1].toString().replaceAll('.gz$', '')}"
    """
    # Decompress query files
    if [[ ${meta.single_end} == true ]]; then
        # Decompress file if it is required
        if [[ ${reads} == *.gz ]]; then
            gzip -d -f ${reads}
        fi
    else
        # Decompress file 1
        if [[ ${reads[1]} == *.gz ]]; then
            gzip -d -f ${reads[1]}
        fi

        # Decompress file 2
        if [[ ${reads[2]} == *.gz ]]; then
            gzip -d -f ${reads[2]}
        fi
    fi

    INDEX=\$(find -L ./ -name "*.3.ebwt" | sed 's/\\.3.ebwt\$//')
    bowtie \\
        --threads $task.cpus \\
        --sam \\
        -x \$INDEX \\
        -q \\
        $aligned \\
        $unaligned \\
        $args \\
        $endedness \\
        2> >(tee ${prefix}.out >&2) \\
        | samtools view $args2 -@ $task.cpus -bS -o ${prefix}.bam -

    # Compress aligned sequences file
    if [ -f ${prefix}.${meta.type}.aligned.fastq ]; then
        gzip ${prefix}.${meta.type}.aligned.fastq
    fi
    if [ -f ${prefix}.${meta.type}.aligned_1.fastq ]; then
        gzip ${prefix}.${meta.type}.aligned_1.fastq
        gzip ${prefix}.${meta.type}.aligned_2.fastq
    fi

    # Compress unaligned sequences file
    if [ -f ${prefix}.${meta.type}.unaligned.fastq ]; then
        gzip ${prefix}.${meta.type}.unaligned.fastq
    fi
    if [ -f ${prefix}.${meta.type}.unaligned_1.fastq ]; then
        gzip ${prefix}.${meta.type}.unaligned_1.fastq
        gzip ${prefix}.${meta.type}.unaligned_2.fastq
    fi

    cat <<-END_VERSIONS > versions.yml
    "${task.process}":
        bowtie: \$(echo \$(bowtie --version 2>&1) | sed 's/^.*bowtie-align-s version //; s/ .*\$//')
        samtools: \$(echo \$(samtools --version 2>&1) | sed 's/^.*samtools //; s/Using.*\$//')
    END_VERSIONS
    """
 
  22a9e5e0e97f0475e310f04c56b1393a [java.lang.String] meta 
  d383528e3460abf1d1fcc6b9b2d7f3bd [java.util.LinkedHashMap] [id:SRR1848807, species:Arabidopsis thaliana, species_id:null, project:PRJNA277424, metadata:/home/antonio/Escritorio/Repositorios_GitHub/miRPlan-nf/data/Additional_info/03-Metadata/arth_m_PRJNA277424.tsv, genome:https://ftp.ncbi.nlm.nih.gov/genomes/all/GCF/000/001/735/GCF_000001735.4_TAIR10.1/GCF_000001735.4_TAIR10.1_genomic.fna.gz, single_end:true, group_id:[], depth:9458937, depth_validity:valid, replicates_validity:valid, valid_groups:[3], notvalid_groups:[1, 2, 4], type:database] 
  553096c532e666fb42214fdf0520fe4a [java.lang.String] reads 
  97995e34d888ec99e2ddfe7a4ec68d63 [nextflow.util.ArrayBag] [FileHolder(sourceObj:/home/antonio/Escritorio/Repositorios_GitHub/miRPlan-nf/work/0e/9ae275835f040c11de761fcc5673fd/SRR1848807.valid.fastq.gz, storePath:/home/antonio/Escritorio/Repositorios_GitHub/miRPlan-nf/work/d0/30ac64ca76123b48051e2fb2ae8acc/SRR1848807.fastp.fastq.gz, stageName:SRR1848807.valid.fastq.gz)] 
  409b6322c96c5aed2e508e57cc521d5d [java.lang.String] meta2 
  0e0aef32743531f5cf1b57f965c564bf [java.util.LinkedHashMap] [id:Filtering database] 
  105e03d70ef5c389e573ff1c323ba2e5 [java.lang.String] index 
  b3669a693e6108a0cb344ede2ccceda9 [nextflow.util.ArrayBag] [FileHolder(sourceObj:/home/antonio/Escritorio/Repositorios_GitHub/miRPlan-nf/work/21/16853780850fe2282120cab2320e2d/bowtie, storePath:/home/antonio/Escritorio/Repositorios_GitHub/miRPlan-nf/work/21/16853780850fe2282120cab2320e2d/bowtie, stageName:bowtie)] 
  66c252adc084b98a341baf36fe433d99 [java.lang.String] save_aligned 
  16fe7483905cce7a85670e43e4678877 [java.lang.Boolean] true 
  0de2392ec6ba747d6f52fe70934fb8d8 [java.lang.String] save_unaligned 
  16fe7483905cce7a85670e43e4678877 [java.lang.Boolean] true 
  4f9d4b0d22865056c37fb6d9c2a04a67 [java.lang.String] $ 
  16fe7483905cce7a85670e43e4678877 [java.lang.Boolean] true 
  d59345b4b93cc35283c8bd08580f01d4 [java.util.HashMap$EntrySet] [task.ext.args=-v 0, task.ext.args2=null, task.ext.prefix=null] 

feb.-18 12:44:48.538 [Actor Thread 3] INFO  nextflow.processor.TaskProcessor - [MAIN_MIRPLAN:MIRPLAN:FILTERING_DB:BOWTIE_ALIGN (7)] cache hash: cfba81ea379f1d3c9dc6b20605af47cb; mode: STANDARD; entries: 
  2ad8cea781a4a45e1ba87179f2662474 [java.util.UUID] ba89cd85-143a-443f-a9d1-dcf2039040f9 
  ad5b9f570d9e5985470f78988545daf2 [java.lang.String] MAIN_MIRPLAN:MIRPLAN:FILTERING_DB:BOWTIE_ALIGN 
  d8fc2dbd4b7f6e3faf89e3477a673aec [java.lang.String]     def args = task.ext.args ?: ''
    def args2 = task.ext.args2 ?: ''
    def prefix = task.ext.prefix ?: "${meta.id}"
    def aligned = save_aligned ? "--al ${prefix}.${meta.type}.aligned.fastq" : ''
    def unaligned = save_unaligned ? "--un ${prefix}.${meta.type}.unaligned.fastq" : ''
    def endedness = meta.single_end ? "$reads".toString().replaceAll('.gz$', '') : "-1 ${reads[0].toString().replaceAll('.gz$', '')} -2  ${reads[1].toString().replaceAll('.gz$', '')}"
    """
    # Decompress query files
    if [[ ${meta.single_end} == true ]]; then
        # Decompress file if it is required
        if [[ ${reads} == *.gz ]]; then
            gzip -d -f ${reads}
        fi
    else
        # Decompress file 1
        if [[ ${reads[1]} == *.gz ]]; then
            gzip -d -f ${reads[1]}
        fi

        # Decompress file 2
        if [[ ${reads[2]} == *.gz ]]; then
            gzip -d -f ${reads[2]}
        fi
    fi

    INDEX=\$(find -L ./ -name "*.3.ebwt" | sed 's/\\.3.ebwt\$//')
    bowtie \\
        --threads $task.cpus \\
        --sam \\
        -x \$INDEX \\
        -q \\
        $aligned \\
        $unaligned \\
        $args \\
        $endedness \\
        2> >(tee ${prefix}.out >&2) \\
        | samtools view $args2 -@ $task.cpus -bS -o ${prefix}.bam -

    # Compress aligned sequences file
    if [ -f ${prefix}.${meta.type}.aligned.fastq ]; then
        gzip ${prefix}.${meta.type}.aligned.fastq
    fi
    if [ -f ${prefix}.${meta.type}.aligned_1.fastq ]; then
        gzip ${prefix}.${meta.type}.aligned_1.fastq
        gzip ${prefix}.${meta.type}.aligned_2.fastq
    fi

    # Compress unaligned sequences file
    if [ -f ${prefix}.${meta.type}.unaligned.fastq ]; then
        gzip ${prefix}.${meta.type}.unaligned.fastq
    fi
    if [ -f ${prefix}.${meta.type}.unaligned_1.fastq ]; then
        gzip ${prefix}.${meta.type}.unaligned_1.fastq
        gzip ${prefix}.${meta.type}.unaligned_2.fastq
    fi

    cat <<-END_VERSIONS > versions.yml
    "${task.process}":
        bowtie: \$(echo \$(bowtie --version 2>&1) | sed 's/^.*bowtie-align-s version //; s/ .*\$//')
        samtools: \$(echo \$(samtools --version 2>&1) | sed 's/^.*samtools //; s/Using.*\$//')
    END_VERSIONS
    """
 
  22a9e5e0e97f0475e310f04c56b1393a [java.lang.String] meta 
  438349a10a6a065a31ee649c5214311c [java.util.LinkedHashMap] [id:SRR1848803, species:Arabidopsis thaliana, species_id:null, project:PRJNA277424, metadata:/home/antonio/Escritorio/Repositorios_GitHub/miRPlan-nf/data/Additional_info/03-Metadata/arth_m_PRJNA277424.tsv, genome:https://ftp.ncbi.nlm.nih.gov/genomes/all/GCF/000/001/735/GCF_000001735.4_TAIR10.1/GCF_000001735.4_TAIR10.1_genomic.fna.gz, single_end:true, group_id:[], depth:9561597, depth_validity:valid, replicates_validity:valid, valid_groups:[3], notvalid_groups:[1, 2, 4], type:database] 
  553096c532e666fb42214fdf0520fe4a [java.lang.String] reads 
  d16891bdb70fbd276dc7aa2b2ea9b386 [nextflow.util.ArrayBag] [FileHolder(sourceObj:/home/antonio/Escritorio/Repositorios_GitHub/miRPlan-nf/work/0e/9ae275835f040c11de761fcc5673fd/SRR1848803.valid.fastq.gz, storePath:/home/antonio/Escritorio/Repositorios_GitHub/miRPlan-nf/work/ec/62c3208f6d4a26c0e714a02dc17c7d/SRR1848803.fastp.fastq.gz, stageName:SRR1848803.valid.fastq.gz)] 
  409b6322c96c5aed2e508e57cc521d5d [java.lang.String] meta2 
  0e0aef32743531f5cf1b57f965c564bf [java.util.LinkedHashMap] [id:Filtering database] 
  105e03d70ef5c389e573ff1c323ba2e5 [java.lang.String] index 
  b3669a693e6108a0cb344ede2ccceda9 [nextflow.util.ArrayBag] [FileHolder(sourceObj:/home/antonio/Escritorio/Repositorios_GitHub/miRPlan-nf/work/21/16853780850fe2282120cab2320e2d/bowtie, storePath:/home/antonio/Escritorio/Repositorios_GitHub/miRPlan-nf/work/21/16853780850fe2282120cab2320e2d/bowtie, stageName:bowtie)] 
  66c252adc084b98a341baf36fe433d99 [java.lang.String] save_aligned 
  16fe7483905cce7a85670e43e4678877 [java.lang.Boolean] true 
  0de2392ec6ba747d6f52fe70934fb8d8 [java.lang.String] save_unaligned 
  16fe7483905cce7a85670e43e4678877 [java.lang.Boolean] true 
  4f9d4b0d22865056c37fb6d9c2a04a67 [java.lang.String] $ 
  16fe7483905cce7a85670e43e4678877 [java.lang.Boolean] true 
  d59345b4b93cc35283c8bd08580f01d4 [java.util.HashMap$EntrySet] [task.ext.args=-v 0, task.ext.args2=null, task.ext.prefix=null] 

feb.-18 12:44:48.538 [Actor Thread 2] INFO  nextflow.processor.TaskProcessor - [MAIN_MIRPLAN:MIRPLAN:FILTERING_DB:BOWTIE_ALIGN (3)] cache hash: 553c9a7b01a5b9b7cb8ca67d3932c880; mode: STANDARD; entries: 
  2ad8cea781a4a45e1ba87179f2662474 [java.util.UUID] ba89cd85-143a-443f-a9d1-dcf2039040f9 
  ad5b9f570d9e5985470f78988545daf2 [java.lang.String] MAIN_MIRPLAN:MIRPLAN:FILTERING_DB:BOWTIE_ALIGN 
  d8fc2dbd4b7f6e3faf89e3477a673aec [java.lang.String]     def args = task.ext.args ?: ''
    def args2 = task.ext.args2 ?: ''
    def prefix = task.ext.prefix ?: "${meta.id}"
    def aligned = save_aligned ? "--al ${prefix}.${meta.type}.aligned.fastq" : ''
    def unaligned = save_unaligned ? "--un ${prefix}.${meta.type}.unaligned.fastq" : ''
    def endedness = meta.single_end ? "$reads".toString().replaceAll('.gz$', '') : "-1 ${reads[0].toString().replaceAll('.gz$', '')} -2  ${reads[1].toString().replaceAll('.gz$', '')}"
    """
    # Decompress query files
    if [[ ${meta.single_end} == true ]]; then
        # Decompress file if it is required
        if [[ ${reads} == *.gz ]]; then
            gzip -d -f ${reads}
        fi
    else
        # Decompress file 1
        if [[ ${reads[1]} == *.gz ]]; then
            gzip -d -f ${reads[1]}
        fi

        # Decompress file 2
        if [[ ${reads[2]} == *.gz ]]; then
            gzip -d -f ${reads[2]}
        fi
    fi

    INDEX=\$(find -L ./ -name "*.3.ebwt" | sed 's/\\.3.ebwt\$//')
    bowtie \\
        --threads $task.cpus \\
        --sam \\
        -x \$INDEX \\
        -q \\
        $aligned \\
        $unaligned \\
        $args \\
        $endedness \\
        2> >(tee ${prefix}.out >&2) \\
        | samtools view $args2 -@ $task.cpus -bS -o ${prefix}.bam -

    # Compress aligned sequences file
    if [ -f ${prefix}.${meta.type}.aligned.fastq ]; then
        gzip ${prefix}.${meta.type}.aligned.fastq
    fi
    if [ -f ${prefix}.${meta.type}.aligned_1.fastq ]; then
        gzip ${prefix}.${meta.type}.aligned_1.fastq
        gzip ${prefix}.${meta.type}.aligned_2.fastq
    fi

    # Compress unaligned sequences file
    if [ -f ${prefix}.${meta.type}.unaligned.fastq ]; then
        gzip ${prefix}.${meta.type}.unaligned.fastq
    fi
    if [ -f ${prefix}.${meta.type}.unaligned_1.fastq ]; then
        gzip ${prefix}.${meta.type}.unaligned_1.fastq
        gzip ${prefix}.${meta.type}.unaligned_2.fastq
    fi

    cat <<-END_VERSIONS > versions.yml
    "${task.process}":
        bowtie: \$(echo \$(bowtie --version 2>&1) | sed 's/^.*bowtie-align-s version //; s/ .*\$//')
        samtools: \$(echo \$(samtools --version 2>&1) | sed 's/^.*samtools //; s/Using.*\$//')
    END_VERSIONS
    """
 
  22a9e5e0e97f0475e310f04c56b1393a [java.lang.String] meta 
  ee1b2c2adb144471199974f28a3e13de [java.util.LinkedHashMap] [id:SRR14182736, species:Glycine max, species_id:null, project:PRJNA720229, metadata:/home/antonio/Escritorio/Repositorios_GitHub/miRPlan-nf/data/Additional_info/03-Metadata/glma_m_PRJNA720229.tsv, genome:https://ftp.ncbi.nlm.nih.gov/genomes/all/GCF/000/004/515/GCF_000004515.6_Glycine_max_v4.0/GCF_000004515.6_Glycine_max_v4.0_genomic.fna.gz, single_end:true, group_id:[], depth:18485787, depth_validity:valid, replicates_validity:valid, valid_groups:[3], notvalid_groups:[1, 2, 4], type:database] 
  553096c532e666fb42214fdf0520fe4a [java.lang.String] reads 
  ddf19b5dc610f49d9f160b323b8e57bf [nextflow.util.ArrayBag] [FileHolder(sourceObj:/home/antonio/Escritorio/Repositorios_GitHub/miRPlan-nf/work/5d/40ca164b44e3302c2b13286696b89b/SRR14182736.valid.fastq.gz, storePath:/home/antonio/Escritorio/Repositorios_GitHub/miRPlan-nf/work/ce/ab85f9cc76bb793abe3675d7e0aa4e/SRR14182736.fastp.fastq.gz, stageName:SRR14182736.valid.fastq.gz)] 
  409b6322c96c5aed2e508e57cc521d5d [java.lang.String] meta2 
  0e0aef32743531f5cf1b57f965c564bf [java.util.LinkedHashMap] [id:Filtering database] 
  105e03d70ef5c389e573ff1c323ba2e5 [java.lang.String] index 
  b3669a693e6108a0cb344ede2ccceda9 [nextflow.util.ArrayBag] [FileHolder(sourceObj:/home/antonio/Escritorio/Repositorios_GitHub/miRPlan-nf/work/21/16853780850fe2282120cab2320e2d/bowtie, storePath:/home/antonio/Escritorio/Repositorios_GitHub/miRPlan-nf/work/21/16853780850fe2282120cab2320e2d/bowtie, stageName:bowtie)] 
  66c252adc084b98a341baf36fe433d99 [java.lang.String] save_aligned 
  16fe7483905cce7a85670e43e4678877 [java.lang.Boolean] true 
  0de2392ec6ba747d6f52fe70934fb8d8 [java.lang.String] save_unaligned 
  16fe7483905cce7a85670e43e4678877 [java.lang.Boolean] true 
  4f9d4b0d22865056c37fb6d9c2a04a67 [java.lang.String] $ 
  16fe7483905cce7a85670e43e4678877 [java.lang.Boolean] true 
  d59345b4b93cc35283c8bd08580f01d4 [java.util.HashMap$EntrySet] [task.ext.args=-v 0, task.ext.args2=null, task.ext.prefix=null] 

feb.-18 12:44:48.538 [Actor Thread 5] INFO  nextflow.processor.TaskProcessor - [MAIN_MIRPLAN:MIRPLAN:FILTERING_DB:BOWTIE_ALIGN (2)] cache hash: 92e094a8ba41211c6e878d4aeef0a59a; mode: STANDARD; entries: 
  2ad8cea781a4a45e1ba87179f2662474 [java.util.UUID] ba89cd85-143a-443f-a9d1-dcf2039040f9 
  ad5b9f570d9e5985470f78988545daf2 [java.lang.String] MAIN_MIRPLAN:MIRPLAN:FILTERING_DB:BOWTIE_ALIGN 
  d8fc2dbd4b7f6e3faf89e3477a673aec [java.lang.String]     def args = task.ext.args ?: ''
    def args2 = task.ext.args2 ?: ''
    def prefix = task.ext.prefix ?: "${meta.id}"
    def aligned = save_aligned ? "--al ${prefix}.${meta.type}.aligned.fastq" : ''
    def unaligned = save_unaligned ? "--un ${prefix}.${meta.type}.unaligned.fastq" : ''
    def endedness = meta.single_end ? "$reads".toString().replaceAll('.gz$', '') : "-1 ${reads[0].toString().replaceAll('.gz$', '')} -2  ${reads[1].toString().replaceAll('.gz$', '')}"
    """
    # Decompress query files
    if [[ ${meta.single_end} == true ]]; then
        # Decompress file if it is required
        if [[ ${reads} == *.gz ]]; then
            gzip -d -f ${reads}
        fi
    else
        # Decompress file 1
        if [[ ${reads[1]} == *.gz ]]; then
            gzip -d -f ${reads[1]}
        fi

        # Decompress file 2
        if [[ ${reads[2]} == *.gz ]]; then
            gzip -d -f ${reads[2]}
        fi
    fi

    INDEX=\$(find -L ./ -name "*.3.ebwt" | sed 's/\\.3.ebwt\$//')
    bowtie \\
        --threads $task.cpus \\
        --sam \\
        -x \$INDEX \\
        -q \\
        $aligned \\
        $unaligned \\
        $args \\
        $endedness \\
        2> >(tee ${prefix}.out >&2) \\
        | samtools view $args2 -@ $task.cpus -bS -o ${prefix}.bam -

    # Compress aligned sequences file
    if [ -f ${prefix}.${meta.type}.aligned.fastq ]; then
        gzip ${prefix}.${meta.type}.aligned.fastq
    fi
    if [ -f ${prefix}.${meta.type}.aligned_1.fastq ]; then
        gzip ${prefix}.${meta.type}.aligned_1.fastq
        gzip ${prefix}.${meta.type}.aligned_2.fastq
    fi

    # Compress unaligned sequences file
    if [ -f ${prefix}.${meta.type}.unaligned.fastq ]; then
        gzip ${prefix}.${meta.type}.unaligned.fastq
    fi
    if [ -f ${prefix}.${meta.type}.unaligned_1.fastq ]; then
        gzip ${prefix}.${meta.type}.unaligned_1.fastq
        gzip ${prefix}.${meta.type}.unaligned_2.fastq
    fi

    cat <<-END_VERSIONS > versions.yml
    "${task.process}":
        bowtie: \$(echo \$(bowtie --version 2>&1) | sed 's/^.*bowtie-align-s version //; s/ .*\$//')
        samtools: \$(echo \$(samtools --version 2>&1) | sed 's/^.*samtools //; s/Using.*\$//')
    END_VERSIONS
    """
 
  22a9e5e0e97f0475e310f04c56b1393a [java.lang.String] meta 
  52ba78be6265cb6430c1cca419c1221d [java.util.LinkedHashMap] [id:SRR14182735, species:Glycine max, species_id:null, project:PRJNA720229, metadata:/home/antonio/Escritorio/Repositorios_GitHub/miRPlan-nf/data/Additional_info/03-Metadata/glma_m_PRJNA720229.tsv, genome:https://ftp.ncbi.nlm.nih.gov/genomes/all/GCF/000/004/515/GCF_000004515.6_Glycine_max_v4.0/GCF_000004515.6_Glycine_max_v4.0_genomic.fna.gz, single_end:true, group_id:[], depth:16977623, depth_validity:valid, replicates_validity:valid, valid_groups:[3], notvalid_groups:[1, 2, 4], type:database] 
  553096c532e666fb42214fdf0520fe4a [java.lang.String] reads 
  3277e0ce2e61eebd2556dddb34040edb [nextflow.util.ArrayBag] [FileHolder(sourceObj:/home/antonio/Escritorio/Repositorios_GitHub/miRPlan-nf/work/5d/40ca164b44e3302c2b13286696b89b/SRR14182735.valid.fastq.gz, storePath:/home/antonio/Escritorio/Repositorios_GitHub/miRPlan-nf/work/08/970ea6aa7d697269cd5ee0c0267363/SRR14182735.fastp.fastq.gz, stageName:SRR14182735.valid.fastq.gz)] 
  409b6322c96c5aed2e508e57cc521d5d [java.lang.String] meta2 
  0e0aef32743531f5cf1b57f965c564bf [java.util.LinkedHashMap] [id:Filtering database] 
  105e03d70ef5c389e573ff1c323ba2e5 [java.lang.String] index 
  b3669a693e6108a0cb344ede2ccceda9 [nextflow.util.ArrayBag] [FileHolder(sourceObj:/home/antonio/Escritorio/Repositorios_GitHub/miRPlan-nf/work/21/16853780850fe2282120cab2320e2d/bowtie, storePath:/home/antonio/Escritorio/Repositorios_GitHub/miRPlan-nf/work/21/16853780850fe2282120cab2320e2d/bowtie, stageName:bowtie)] 
  66c252adc084b98a341baf36fe433d99 [java.lang.String] save_aligned 
  16fe7483905cce7a85670e43e4678877 [java.lang.Boolean] true 
  0de2392ec6ba747d6f52fe70934fb8d8 [java.lang.String] save_unaligned 
  16fe7483905cce7a85670e43e4678877 [java.lang.Boolean] true 
  4f9d4b0d22865056c37fb6d9c2a04a67 [java.lang.String] $ 
  16fe7483905cce7a85670e43e4678877 [java.lang.Boolean] true 
  d59345b4b93cc35283c8bd08580f01d4 [java.util.HashMap$EntrySet] [task.ext.args=-v 0, task.ext.args2=null, task.ext.prefix=null] 

feb.-18 12:44:48.542 [Actor Thread 21] INFO  nextflow.processor.TaskProcessor - [MAIN_MIRPLAN:MIRPLAN:FILTERING_DB:BOWTIE_ALIGN (9)] cache hash: cf0a1ef44eb8246eb792d89916d11023; mode: STANDARD; entries: 
  2ad8cea781a4a45e1ba87179f2662474 [java.util.UUID] ba89cd85-143a-443f-a9d1-dcf2039040f9 
  ad5b9f570d9e5985470f78988545daf2 [java.lang.String] MAIN_MIRPLAN:MIRPLAN:FILTERING_DB:BOWTIE_ALIGN 
  d8fc2dbd4b7f6e3faf89e3477a673aec [java.lang.String]     def args = task.ext.args ?: ''
    def args2 = task.ext.args2 ?: ''
    def prefix = task.ext.prefix ?: "${meta.id}"
    def aligned = save_aligned ? "--al ${prefix}.${meta.type}.aligned.fastq" : ''
    def unaligned = save_unaligned ? "--un ${prefix}.${meta.type}.unaligned.fastq" : ''
    def endedness = meta.single_end ? "$reads".toString().replaceAll('.gz$', '') : "-1 ${reads[0].toString().replaceAll('.gz$', '')} -2  ${reads[1].toString().replaceAll('.gz$', '')}"
    """
    # Decompress query files
    if [[ ${meta.single_end} == true ]]; then
        # Decompress file if it is required
        if [[ ${reads} == *.gz ]]; then
            gzip -d -f ${reads}
        fi
    else
        # Decompress file 1
        if [[ ${reads[1]} == *.gz ]]; then
            gzip -d -f ${reads[1]}
        fi

        # Decompress file 2
        if [[ ${reads[2]} == *.gz ]]; then
            gzip -d -f ${reads[2]}
        fi
    fi

    INDEX=\$(find -L ./ -name "*.3.ebwt" | sed 's/\\.3.ebwt\$//')
    bowtie \\
        --threads $task.cpus \\
        --sam \\
        -x \$INDEX \\
        -q \\
        $aligned \\
        $unaligned \\
        $args \\
        $endedness \\
        2> >(tee ${prefix}.out >&2) \\
        | samtools view $args2 -@ $task.cpus -bS -o ${prefix}.bam -

    # Compress aligned sequences file
    if [ -f ${prefix}.${meta.type}.aligned.fastq ]; then
        gzip ${prefix}.${meta.type}.aligned.fastq
    fi
    if [ -f ${prefix}.${meta.type}.aligned_1.fastq ]; then
        gzip ${prefix}.${meta.type}.aligned_1.fastq
        gzip ${prefix}.${meta.type}.aligned_2.fastq
    fi

    # Compress unaligned sequences file
    if [ -f ${prefix}.${meta.type}.unaligned.fastq ]; then
        gzip ${prefix}.${meta.type}.unaligned.fastq
    fi
    if [ -f ${prefix}.${meta.type}.unaligned_1.fastq ]; then
        gzip ${prefix}.${meta.type}.unaligned_1.fastq
        gzip ${prefix}.${meta.type}.unaligned_2.fastq
    fi

    cat <<-END_VERSIONS > versions.yml
    "${task.process}":
        bowtie: \$(echo \$(bowtie --version 2>&1) | sed 's/^.*bowtie-align-s version //; s/ .*\$//')
        samtools: \$(echo \$(samtools --version 2>&1) | sed 's/^.*samtools //; s/Using.*\$//')
    END_VERSIONS
    """
 
  22a9e5e0e97f0475e310f04c56b1393a [java.lang.String] meta 
  d72603d8fe6e28b57d3631a0dbfb3d4a [java.util.LinkedHashMap] [id:SRR1848805, species:Arabidopsis thaliana, species_id:null, project:PRJNA277424, metadata:/home/antonio/Escritorio/Repositorios_GitHub/miRPlan-nf/data/Additional_info/03-Metadata/arth_m_PRJNA277424.tsv, genome:https://ftp.ncbi.nlm.nih.gov/genomes/all/GCF/000/001/735/GCF_000001735.4_TAIR10.1/GCF_000001735.4_TAIR10.1_genomic.fna.gz, single_end:true, group_id:[], depth:9315723, depth_validity:valid, replicates_validity:valid, valid_groups:[3], notvalid_groups:[1, 2, 4], type:database] 
  553096c532e666fb42214fdf0520fe4a [java.lang.String] reads 
  a398e5c2dbd81647bd1206ac4ec2f423 [nextflow.util.ArrayBag] [FileHolder(sourceObj:/home/antonio/Escritorio/Repositorios_GitHub/miRPlan-nf/work/0e/9ae275835f040c11de761fcc5673fd/SRR1848805.valid.fastq.gz, storePath:/home/antonio/Escritorio/Repositorios_GitHub/miRPlan-nf/work/ba/0cbdc9aac88f61a257753915668b17/SRR1848805.fastp.fastq.gz, stageName:SRR1848805.valid.fastq.gz)] 
  409b6322c96c5aed2e508e57cc521d5d [java.lang.String] meta2 
  0e0aef32743531f5cf1b57f965c564bf [java.util.LinkedHashMap] [id:Filtering database] 
  105e03d70ef5c389e573ff1c323ba2e5 [java.lang.String] index 
  b3669a693e6108a0cb344ede2ccceda9 [nextflow.util.ArrayBag] [FileHolder(sourceObj:/home/antonio/Escritorio/Repositorios_GitHub/miRPlan-nf/work/21/16853780850fe2282120cab2320e2d/bowtie, storePath:/home/antonio/Escritorio/Repositorios_GitHub/miRPlan-nf/work/21/16853780850fe2282120cab2320e2d/bowtie, stageName:bowtie)] 
  66c252adc084b98a341baf36fe433d99 [java.lang.String] save_aligned 
  16fe7483905cce7a85670e43e4678877 [java.lang.Boolean] true 
  0de2392ec6ba747d6f52fe70934fb8d8 [java.lang.String] save_unaligned 
  16fe7483905cce7a85670e43e4678877 [java.lang.Boolean] true 
  4f9d4b0d22865056c37fb6d9c2a04a67 [java.lang.String] $ 
  16fe7483905cce7a85670e43e4678877 [java.lang.Boolean] true 
  d59345b4b93cc35283c8bd08580f01d4 [java.util.HashMap$EntrySet] [task.ext.args=-v 0, task.ext.args2=null, task.ext.prefix=null] 

feb.-18 12:44:48.544 [Actor Thread 22] INFO  nextflow.processor.TaskProcessor - [MAIN_MIRPLAN:MIRPLAN:FILTERING_DB:BOWTIE_ALIGN (12)] cache hash: 3b12995f498eef8bb8abf4f9021b4abf; mode: STANDARD; entries: 
  2ad8cea781a4a45e1ba87179f2662474 [java.util.UUID] ba89cd85-143a-443f-a9d1-dcf2039040f9 
  ad5b9f570d9e5985470f78988545daf2 [java.lang.String] MAIN_MIRPLAN:MIRPLAN:FILTERING_DB:BOWTIE_ALIGN 
  d8fc2dbd4b7f6e3faf89e3477a673aec [java.lang.String]     def args = task.ext.args ?: ''
    def args2 = task.ext.args2 ?: ''
    def prefix = task.ext.prefix ?: "${meta.id}"
    def aligned = save_aligned ? "--al ${prefix}.${meta.type}.aligned.fastq" : ''
    def unaligned = save_unaligned ? "--un ${prefix}.${meta.type}.unaligned.fastq" : ''
    def endedness = meta.single_end ? "$reads".toString().replaceAll('.gz$', '') : "-1 ${reads[0].toString().replaceAll('.gz$', '')} -2  ${reads[1].toString().replaceAll('.gz$', '')}"
    """
    # Decompress query files
    if [[ ${meta.single_end} == true ]]; then
        # Decompress file if it is required
        if [[ ${reads} == *.gz ]]; then
            gzip -d -f ${reads}
        fi
    else
        # Decompress file 1
        if [[ ${reads[1]} == *.gz ]]; then
            gzip -d -f ${reads[1]}
        fi

        # Decompress file 2
        if [[ ${reads[2]} == *.gz ]]; then
            gzip -d -f ${reads[2]}
        fi
    fi

    INDEX=\$(find -L ./ -name "*.3.ebwt" | sed 's/\\.3.ebwt\$//')
    bowtie \\
        --threads $task.cpus \\
        --sam \\
        -x \$INDEX \\
        -q \\
        $aligned \\
        $unaligned \\
        $args \\
        $endedness \\
        2> >(tee ${prefix}.out >&2) \\
        | samtools view $args2 -@ $task.cpus -bS -o ${prefix}.bam -

    # Compress aligned sequences file
    if [ -f ${prefix}.${meta.type}.aligned.fastq ]; then
        gzip ${prefix}.${meta.type}.aligned.fastq
    fi
    if [ -f ${prefix}.${meta.type}.aligned_1.fastq ]; then
        gzip ${prefix}.${meta.type}.aligned_1.fastq
        gzip ${prefix}.${meta.type}.aligned_2.fastq
    fi

    # Compress unaligned sequences file
    if [ -f ${prefix}.${meta.type}.unaligned.fastq ]; then
        gzip ${prefix}.${meta.type}.unaligned.fastq
    fi
    if [ -f ${prefix}.${meta.type}.unaligned_1.fastq ]; then
        gzip ${prefix}.${meta.type}.unaligned_1.fastq
        gzip ${prefix}.${meta.type}.unaligned_2.fastq
    fi

    cat <<-END_VERSIONS > versions.yml
    "${task.process}":
        bowtie: \$(echo \$(bowtie --version 2>&1) | sed 's/^.*bowtie-align-s version //; s/ .*\$//')
        samtools: \$(echo \$(samtools --version 2>&1) | sed 's/^.*samtools //; s/Using.*\$//')
    END_VERSIONS
    """
 
  22a9e5e0e97f0475e310f04c56b1393a [java.lang.String] meta 
  8c1b3950e1d8fe3aca0694e24bfc0177 [java.util.LinkedHashMap] [id:SRR1848808, species:Arabidopsis thaliana, species_id:null, project:PRJNA277424, metadata:/home/antonio/Escritorio/Repositorios_GitHub/miRPlan-nf/data/Additional_info/03-Metadata/arth_m_PRJNA277424.tsv, genome:https://ftp.ncbi.nlm.nih.gov/genomes/all/GCF/000/001/735/GCF_000001735.4_TAIR10.1/GCF_000001735.4_TAIR10.1_genomic.fna.gz, single_end:true, group_id:[], depth:9535338, depth_validity:valid, replicates_validity:valid, valid_groups:[3], notvalid_groups:[1, 2, 4], type:database] 
  553096c532e666fb42214fdf0520fe4a [java.lang.String] reads 
  a680f5ae34ee8dbc2b852d55bfd1cc8f [nextflow.util.ArrayBag] [FileHolder(sourceObj:/home/antonio/Escritorio/Repositorios_GitHub/miRPlan-nf/work/0e/9ae275835f040c11de761fcc5673fd/SRR1848808.valid.fastq.gz, storePath:/home/antonio/Escritorio/Repositorios_GitHub/miRPlan-nf/work/17/6ccbc7d857c14db2e7b6f56e0ae3c5/SRR1848808.fastp.fastq.gz, stageName:SRR1848808.valid.fastq.gz)] 
  409b6322c96c5aed2e508e57cc521d5d [java.lang.String] meta2 
  0e0aef32743531f5cf1b57f965c564bf [java.util.LinkedHashMap] [id:Filtering database] 
  105e03d70ef5c389e573ff1c323ba2e5 [java.lang.String] index 
  b3669a693e6108a0cb344ede2ccceda9 [nextflow.util.ArrayBag] [FileHolder(sourceObj:/home/antonio/Escritorio/Repositorios_GitHub/miRPlan-nf/work/21/16853780850fe2282120cab2320e2d/bowtie, storePath:/home/antonio/Escritorio/Repositorios_GitHub/miRPlan-nf/work/21/16853780850fe2282120cab2320e2d/bowtie, stageName:bowtie)] 
  66c252adc084b98a341baf36fe433d99 [java.lang.String] save_aligned 
  16fe7483905cce7a85670e43e4678877 [java.lang.Boolean] true 
  0de2392ec6ba747d6f52fe70934fb8d8 [java.lang.String] save_unaligned 
  16fe7483905cce7a85670e43e4678877 [java.lang.Boolean] true 
  4f9d4b0d22865056c37fb6d9c2a04a67 [java.lang.String] $ 
  16fe7483905cce7a85670e43e4678877 [java.lang.Boolean] true 
  d59345b4b93cc35283c8bd08580f01d4 [java.util.HashMap$EntrySet] [task.ext.args=-v 0, task.ext.args2=null, task.ext.prefix=null] 

feb.-18 12:44:48.544 [Actor Thread 26] INFO  nextflow.processor.TaskProcessor - [MAIN_MIRPLAN:MIRPLAN:FILTERING_DB:BOWTIE_ALIGN (10)] cache hash: c49a5c061adfa9e5aa6525cde33885ee; mode: STANDARD; entries: 
  2ad8cea781a4a45e1ba87179f2662474 [java.util.UUID] ba89cd85-143a-443f-a9d1-dcf2039040f9 
  ad5b9f570d9e5985470f78988545daf2 [java.lang.String] MAIN_MIRPLAN:MIRPLAN:FILTERING_DB:BOWTIE_ALIGN 
  d8fc2dbd4b7f6e3faf89e3477a673aec [java.lang.String]     def args = task.ext.args ?: ''
    def args2 = task.ext.args2 ?: ''
    def prefix = task.ext.prefix ?: "${meta.id}"
    def aligned = save_aligned ? "--al ${prefix}.${meta.type}.aligned.fastq" : ''
    def unaligned = save_unaligned ? "--un ${prefix}.${meta.type}.unaligned.fastq" : ''
    def endedness = meta.single_end ? "$reads".toString().replaceAll('.gz$', '') : "-1 ${reads[0].toString().replaceAll('.gz$', '')} -2  ${reads[1].toString().replaceAll('.gz$', '')}"
    """
    # Decompress query files
    if [[ ${meta.single_end} == true ]]; then
        # Decompress file if it is required
        if [[ ${reads} == *.gz ]]; then
            gzip -d -f ${reads}
        fi
    else
        # Decompress file 1
        if [[ ${reads[1]} == *.gz ]]; then
            gzip -d -f ${reads[1]}
        fi

        # Decompress file 2
        if [[ ${reads[2]} == *.gz ]]; then
            gzip -d -f ${reads[2]}
        fi
    fi

    INDEX=\$(find -L ./ -name "*.3.ebwt" | sed 's/\\.3.ebwt\$//')
    bowtie \\
        --threads $task.cpus \\
        --sam \\
        -x \$INDEX \\
        -q \\
        $aligned \\
        $unaligned \\
        $args \\
        $endedness \\
        2> >(tee ${prefix}.out >&2) \\
        | samtools view $args2 -@ $task.cpus -bS -o ${prefix}.bam -

    # Compress aligned sequences file
    if [ -f ${prefix}.${meta.type}.aligned.fastq ]; then
        gzip ${prefix}.${meta.type}.aligned.fastq
    fi
    if [ -f ${prefix}.${meta.type}.aligned_1.fastq ]; then
        gzip ${prefix}.${meta.type}.aligned_1.fastq
        gzip ${prefix}.${meta.type}.aligned_2.fastq
    fi

    # Compress unaligned sequences file
    if [ -f ${prefix}.${meta.type}.unaligned.fastq ]; then
        gzip ${prefix}.${meta.type}.unaligned.fastq
    fi
    if [ -f ${prefix}.${meta.type}.unaligned_1.fastq ]; then
        gzip ${prefix}.${meta.type}.unaligned_1.fastq
        gzip ${prefix}.${meta.type}.unaligned_2.fastq
    fi

    cat <<-END_VERSIONS > versions.yml
    "${task.process}":
        bowtie: \$(echo \$(bowtie --version 2>&1) | sed 's/^.*bowtie-align-s version //; s/ .*\$//')
        samtools: \$(echo \$(samtools --version 2>&1) | sed 's/^.*samtools //; s/Using.*\$//')
    END_VERSIONS
    """
 
  22a9e5e0e97f0475e310f04c56b1393a [java.lang.String] meta 
  1d7a25a6611b17c49fe3d7ea56a8faff [java.util.LinkedHashMap] [id:SRR1848806, species:Arabidopsis thaliana, species_id:null, project:PRJNA277424, metadata:/home/antonio/Escritorio/Repositorios_GitHub/miRPlan-nf/data/Additional_info/03-Metadata/arth_m_PRJNA277424.tsv, genome:https://ftp.ncbi.nlm.nih.gov/genomes/all/GCF/000/001/735/GCF_000001735.4_TAIR10.1/GCF_000001735.4_TAIR10.1_genomic.fna.gz, single_end:true, group_id:[], depth:9390344, depth_validity:valid, replicates_validity:valid, valid_groups:[3], notvalid_groups:[1, 2, 4], type:database] 
  553096c532e666fb42214fdf0520fe4a [java.lang.String] reads 
  cbe8f3c170e5ac9a7799563b0ca50075 [nextflow.util.ArrayBag] [FileHolder(sourceObj:/home/antonio/Escritorio/Repositorios_GitHub/miRPlan-nf/work/0e/9ae275835f040c11de761fcc5673fd/SRR1848806.valid.fastq.gz, storePath:/home/antonio/Escritorio/Repositorios_GitHub/miRPlan-nf/work/d7/407a49254601388eb2751231125842/SRR1848806.fastp.fastq.gz, stageName:SRR1848806.valid.fastq.gz)] 
  409b6322c96c5aed2e508e57cc521d5d [java.lang.String] meta2 
  0e0aef32743531f5cf1b57f965c564bf [java.util.LinkedHashMap] [id:Filtering database] 
  105e03d70ef5c389e573ff1c323ba2e5 [java.lang.String] index 
  b3669a693e6108a0cb344ede2ccceda9 [nextflow.util.ArrayBag] [FileHolder(sourceObj:/home/antonio/Escritorio/Repositorios_GitHub/miRPlan-nf/work/21/16853780850fe2282120cab2320e2d/bowtie, storePath:/home/antonio/Escritorio/Repositorios_GitHub/miRPlan-nf/work/21/16853780850fe2282120cab2320e2d/bowtie, stageName:bowtie)] 
  66c252adc084b98a341baf36fe433d99 [java.lang.String] save_aligned 
  16fe7483905cce7a85670e43e4678877 [java.lang.Boolean] true 
  0de2392ec6ba747d6f52fe70934fb8d8 [java.lang.String] save_unaligned 
  16fe7483905cce7a85670e43e4678877 [java.lang.Boolean] true 
  4f9d4b0d22865056c37fb6d9c2a04a67 [java.lang.String] $ 
  16fe7483905cce7a85670e43e4678877 [java.lang.Boolean] true 
  d59345b4b93cc35283c8bd08580f01d4 [java.util.HashMap$EntrySet] [task.ext.args=-v 0, task.ext.args2=null, task.ext.prefix=null] 

feb.-18 12:44:48.544 [Actor Thread 1] INFO  nextflow.processor.TaskProcessor - [MAIN_MIRPLAN:MIRPLAN:FILTERING_DB:BOWTIE_ALIGN (4)] cache hash: 1afd2cc6fdb0ee4a8bd34dcdfce05909; mode: STANDARD; entries: 
  2ad8cea781a4a45e1ba87179f2662474 [java.util.UUID] ba89cd85-143a-443f-a9d1-dcf2039040f9 
  ad5b9f570d9e5985470f78988545daf2 [java.lang.String] MAIN_MIRPLAN:MIRPLAN:FILTERING_DB:BOWTIE_ALIGN 
  d8fc2dbd4b7f6e3faf89e3477a673aec [java.lang.String]     def args = task.ext.args ?: ''
    def args2 = task.ext.args2 ?: ''
    def prefix = task.ext.prefix ?: "${meta.id}"
    def aligned = save_aligned ? "--al ${prefix}.${meta.type}.aligned.fastq" : ''
    def unaligned = save_unaligned ? "--un ${prefix}.${meta.type}.unaligned.fastq" : ''
    def endedness = meta.single_end ? "$reads".toString().replaceAll('.gz$', '') : "-1 ${reads[0].toString().replaceAll('.gz$', '')} -2  ${reads[1].toString().replaceAll('.gz$', '')}"
    """
    # Decompress query files
    if [[ ${meta.single_end} == true ]]; then
        # Decompress file if it is required
        if [[ ${reads} == *.gz ]]; then
            gzip -d -f ${reads}
        fi
    else
        # Decompress file 1
        if [[ ${reads[1]} == *.gz ]]; then
            gzip -d -f ${reads[1]}
        fi

        # Decompress file 2
        if [[ ${reads[2]} == *.gz ]]; then
            gzip -d -f ${reads[2]}
        fi
    fi

    INDEX=\$(find -L ./ -name "*.3.ebwt" | sed 's/\\.3.ebwt\$//')
    bowtie \\
        --threads $task.cpus \\
        --sam \\
        -x \$INDEX \\
        -q \\
        $aligned \\
        $unaligned \\
        $args \\
        $endedness \\
        2> >(tee ${prefix}.out >&2) \\
        | samtools view $args2 -@ $task.cpus -bS -o ${prefix}.bam -

    # Compress aligned sequences file
    if [ -f ${prefix}.${meta.type}.aligned.fastq ]; then
        gzip ${prefix}.${meta.type}.aligned.fastq
    fi
    if [ -f ${prefix}.${meta.type}.aligned_1.fastq ]; then
        gzip ${prefix}.${meta.type}.aligned_1.fastq
        gzip ${prefix}.${meta.type}.aligned_2.fastq
    fi

    # Compress unaligned sequences file
    if [ -f ${prefix}.${meta.type}.unaligned.fastq ]; then
        gzip ${prefix}.${meta.type}.unaligned.fastq
    fi
    if [ -f ${prefix}.${meta.type}.unaligned_1.fastq ]; then
        gzip ${prefix}.${meta.type}.unaligned_1.fastq
        gzip ${prefix}.${meta.type}.unaligned_2.fastq
    fi

    cat <<-END_VERSIONS > versions.yml
    "${task.process}":
        bowtie: \$(echo \$(bowtie --version 2>&1) | sed 's/^.*bowtie-align-s version //; s/ .*\$//')
        samtools: \$(echo \$(samtools --version 2>&1) | sed 's/^.*samtools //; s/Using.*\$//')
    END_VERSIONS
    """
 
  22a9e5e0e97f0475e310f04c56b1393a [java.lang.String] meta 
  03e34330cf8a488514a8c09455408d10 [java.util.LinkedHashMap] [id:SRR14182747, species:Glycine max, species_id:null, project:PRJNA720229, metadata:/home/antonio/Escritorio/Repositorios_GitHub/miRPlan-nf/data/Additional_info/03-Metadata/glma_m_PRJNA720229.tsv, genome:https://ftp.ncbi.nlm.nih.gov/genomes/all/GCF/000/004/515/GCF_000004515.6_Glycine_max_v4.0/GCF_000004515.6_Glycine_max_v4.0_genomic.fna.gz, single_end:true, group_id:[], depth:16022716, depth_validity:valid, replicates_validity:valid, valid_groups:[3], notvalid_groups:[1, 2, 4], type:database] 
  553096c532e666fb42214fdf0520fe4a [java.lang.String] reads 
  11df8399b9ed66af9923f5484a83d92b [nextflow.util.ArrayBag] [FileHolder(sourceObj:/home/antonio/Escritorio/Repositorios_GitHub/miRPlan-nf/work/5d/40ca164b44e3302c2b13286696b89b/SRR14182747.valid.fastq.gz, storePath:/home/antonio/Escritorio/Repositorios_GitHub/miRPlan-nf/work/af/5d4811d7c7bb976b5f158421d5544a/SRR14182747.fastp.fastq.gz, stageName:SRR14182747.valid.fastq.gz)] 
  409b6322c96c5aed2e508e57cc521d5d [java.lang.String] meta2 
  0e0aef32743531f5cf1b57f965c564bf [java.util.LinkedHashMap] [id:Filtering database] 
  105e03d70ef5c389e573ff1c323ba2e5 [java.lang.String] index 
  b3669a693e6108a0cb344ede2ccceda9 [nextflow.util.ArrayBag] [FileHolder(sourceObj:/home/antonio/Escritorio/Repositorios_GitHub/miRPlan-nf/work/21/16853780850fe2282120cab2320e2d/bowtie, storePath:/home/antonio/Escritorio/Repositorios_GitHub/miRPlan-nf/work/21/16853780850fe2282120cab2320e2d/bowtie, stageName:bowtie)] 
  66c252adc084b98a341baf36fe433d99 [java.lang.String] save_aligned 
  16fe7483905cce7a85670e43e4678877 [java.lang.Boolean] true 
  0de2392ec6ba747d6f52fe70934fb8d8 [java.lang.String] save_unaligned 
  16fe7483905cce7a85670e43e4678877 [java.lang.Boolean] true 
  4f9d4b0d22865056c37fb6d9c2a04a67 [java.lang.String] $ 
  16fe7483905cce7a85670e43e4678877 [java.lang.Boolean] true 
  d59345b4b93cc35283c8bd08580f01d4 [java.util.HashMap$EntrySet] [task.ext.args=-v 0, task.ext.args2=null, task.ext.prefix=null] 

feb.-18 12:44:48.545 [Actor Thread 14] INFO  nextflow.processor.TaskProcessor - [MAIN_MIRPLAN:MIRPLAN:FILTERING_DB:BOWTIE_ALIGN (1)] cache hash: 29c355e45547bde6739a87ac9a872b5f; mode: STANDARD; entries: 
  2ad8cea781a4a45e1ba87179f2662474 [java.util.UUID] ba89cd85-143a-443f-a9d1-dcf2039040f9 
  ad5b9f570d9e5985470f78988545daf2 [java.lang.String] MAIN_MIRPLAN:MIRPLAN:FILTERING_DB:BOWTIE_ALIGN 
  d8fc2dbd4b7f6e3faf89e3477a673aec [java.lang.String]     def args = task.ext.args ?: ''
    def args2 = task.ext.args2 ?: ''
    def prefix = task.ext.prefix ?: "${meta.id}"
    def aligned = save_aligned ? "--al ${prefix}.${meta.type}.aligned.fastq" : ''
    def unaligned = save_unaligned ? "--un ${prefix}.${meta.type}.unaligned.fastq" : ''
    def endedness = meta.single_end ? "$reads".toString().replaceAll('.gz$', '') : "-1 ${reads[0].toString().replaceAll('.gz$', '')} -2  ${reads[1].toString().replaceAll('.gz$', '')}"
    """
    # Decompress query files
    if [[ ${meta.single_end} == true ]]; then
        # Decompress file if it is required
        if [[ ${reads} == *.gz ]]; then
            gzip -d -f ${reads}
        fi
    else
        # Decompress file 1
        if [[ ${reads[1]} == *.gz ]]; then
            gzip -d -f ${reads[1]}
        fi

        # Decompress file 2
        if [[ ${reads[2]} == *.gz ]]; then
            gzip -d -f ${reads[2]}
        fi
    fi

    INDEX=\$(find -L ./ -name "*.3.ebwt" | sed 's/\\.3.ebwt\$//')
    bowtie \\
        --threads $task.cpus \\
        --sam \\
        -x \$INDEX \\
        -q \\
        $aligned \\
        $unaligned \\
        $args \\
        $endedness \\
        2> >(tee ${prefix}.out >&2) \\
        | samtools view $args2 -@ $task.cpus -bS -o ${prefix}.bam -

    # Compress aligned sequences file
    if [ -f ${prefix}.${meta.type}.aligned.fastq ]; then
        gzip ${prefix}.${meta.type}.aligned.fastq
    fi
    if [ -f ${prefix}.${meta.type}.aligned_1.fastq ]; then
        gzip ${prefix}.${meta.type}.aligned_1.fastq
        gzip ${prefix}.${meta.type}.aligned_2.fastq
    fi

    # Compress unaligned sequences file
    if [ -f ${prefix}.${meta.type}.unaligned.fastq ]; then
        gzip ${prefix}.${meta.type}.unaligned.fastq
    fi
    if [ -f ${prefix}.${meta.type}.unaligned_1.fastq ]; then
        gzip ${prefix}.${meta.type}.unaligned_1.fastq
        gzip ${prefix}.${meta.type}.unaligned_2.fastq
    fi

    cat <<-END_VERSIONS > versions.yml
    "${task.process}":
        bowtie: \$(echo \$(bowtie --version 2>&1) | sed 's/^.*bowtie-align-s version //; s/ .*\$//')
        samtools: \$(echo \$(samtools --version 2>&1) | sed 's/^.*samtools //; s/Using.*\$//')
    END_VERSIONS
    """
 
  22a9e5e0e97f0475e310f04c56b1393a [java.lang.String] meta 
  240dff02eaae734e2528ff6e8e14472a [java.util.LinkedHashMap] [id:SRR14182734, species:Glycine max, species_id:null, project:PRJNA720229, metadata:/home/antonio/Escritorio/Repositorios_GitHub/miRPlan-nf/data/Additional_info/03-Metadata/glma_m_PRJNA720229.tsv, genome:https://ftp.ncbi.nlm.nih.gov/genomes/all/GCF/000/004/515/GCF_000004515.6_Glycine_max_v4.0/GCF_000004515.6_Glycine_max_v4.0_genomic.fna.gz, single_end:true, group_id:[], depth:14794553, depth_validity:valid, replicates_validity:valid, valid_groups:[3], notvalid_groups:[1, 2, 4], type:database] 
  553096c532e666fb42214fdf0520fe4a [java.lang.String] reads 
  bc7fff93e0463cdbb0e94c480dad563e [nextflow.util.ArrayBag] [FileHolder(sourceObj:/home/antonio/Escritorio/Repositorios_GitHub/miRPlan-nf/work/5d/40ca164b44e3302c2b13286696b89b/SRR14182734.valid.fastq.gz, storePath:/home/antonio/Escritorio/Repositorios_GitHub/miRPlan-nf/work/45/4b651ebb72fe6f270b6f395d27a188/SRR14182734.fastp.fastq.gz, stageName:SRR14182734.valid.fastq.gz)] 
  409b6322c96c5aed2e508e57cc521d5d [java.lang.String] meta2 
  0e0aef32743531f5cf1b57f965c564bf [java.util.LinkedHashMap] [id:Filtering database] 
  105e03d70ef5c389e573ff1c323ba2e5 [java.lang.String] index 
  b3669a693e6108a0cb344ede2ccceda9 [nextflow.util.ArrayBag] [FileHolder(sourceObj:/home/antonio/Escritorio/Repositorios_GitHub/miRPlan-nf/work/21/16853780850fe2282120cab2320e2d/bowtie, storePath:/home/antonio/Escritorio/Repositorios_GitHub/miRPlan-nf/work/21/16853780850fe2282120cab2320e2d/bowtie, stageName:bowtie)] 
  66c252adc084b98a341baf36fe433d99 [java.lang.String] save_aligned 
  16fe7483905cce7a85670e43e4678877 [java.lang.Boolean] true 
  0de2392ec6ba747d6f52fe70934fb8d8 [java.lang.String] save_unaligned 
  16fe7483905cce7a85670e43e4678877 [java.lang.Boolean] true 
  4f9d4b0d22865056c37fb6d9c2a04a67 [java.lang.String] $ 
  16fe7483905cce7a85670e43e4678877 [java.lang.Boolean] true 
  d59345b4b93cc35283c8bd08580f01d4 [java.util.HashMap$EntrySet] [task.ext.args=-v 0, task.ext.args2=null, task.ext.prefix=null] 

feb.-18 12:44:48.545 [Actor Thread 6] INFO  nextflow.processor.TaskProcessor - [MAIN_MIRPLAN:MIRPLAN:FILTERING_DB:BOWTIE_ALIGN (6)] cache hash: 4e8c1e5bdebc74164c7cdb9cf68ca75b; mode: STANDARD; entries: 
  2ad8cea781a4a45e1ba87179f2662474 [java.util.UUID] ba89cd85-143a-443f-a9d1-dcf2039040f9 
  ad5b9f570d9e5985470f78988545daf2 [java.lang.String] MAIN_MIRPLAN:MIRPLAN:FILTERING_DB:BOWTIE_ALIGN 
  d8fc2dbd4b7f6e3faf89e3477a673aec [java.lang.String]     def args = task.ext.args ?: ''
    def args2 = task.ext.args2 ?: ''
    def prefix = task.ext.prefix ?: "${meta.id}"
    def aligned = save_aligned ? "--al ${prefix}.${meta.type}.aligned.fastq" : ''
    def unaligned = save_unaligned ? "--un ${prefix}.${meta.type}.unaligned.fastq" : ''
    def endedness = meta.single_end ? "$reads".toString().replaceAll('.gz$', '') : "-1 ${reads[0].toString().replaceAll('.gz$', '')} -2  ${reads[1].toString().replaceAll('.gz$', '')}"
    """
    # Decompress query files
    if [[ ${meta.single_end} == true ]]; then
        # Decompress file if it is required
        if [[ ${reads} == *.gz ]]; then
            gzip -d -f ${reads}
        fi
    else
        # Decompress file 1
        if [[ ${reads[1]} == *.gz ]]; then
            gzip -d -f ${reads[1]}
        fi

        # Decompress file 2
        if [[ ${reads[2]} == *.gz ]]; then
            gzip -d -f ${reads[2]}
        fi
    fi

    INDEX=\$(find -L ./ -name "*.3.ebwt" | sed 's/\\.3.ebwt\$//')
    bowtie \\
        --threads $task.cpus \\
        --sam \\
        -x \$INDEX \\
        -q \\
        $aligned \\
        $unaligned \\
        $args \\
        $endedness \\
        2> >(tee ${prefix}.out >&2) \\
        | samtools view $args2 -@ $task.cpus -bS -o ${prefix}.bam -

    # Compress aligned sequences file
    if [ -f ${prefix}.${meta.type}.aligned.fastq ]; then
        gzip ${prefix}.${meta.type}.aligned.fastq
    fi
    if [ -f ${prefix}.${meta.type}.aligned_1.fastq ]; then
        gzip ${prefix}.${meta.type}.aligned_1.fastq
        gzip ${prefix}.${meta.type}.aligned_2.fastq
    fi

    # Compress unaligned sequences file
    if [ -f ${prefix}.${meta.type}.unaligned.fastq ]; then
        gzip ${prefix}.${meta.type}.unaligned.fastq
    fi
    if [ -f ${prefix}.${meta.type}.unaligned_1.fastq ]; then
        gzip ${prefix}.${meta.type}.unaligned_1.fastq
        gzip ${prefix}.${meta.type}.unaligned_2.fastq
    fi

    cat <<-END_VERSIONS > versions.yml
    "${task.process}":
        bowtie: \$(echo \$(bowtie --version 2>&1) | sed 's/^.*bowtie-align-s version //; s/ .*\$//')
        samtools: \$(echo \$(samtools --version 2>&1) | sed 's/^.*samtools //; s/Using.*\$//')
    END_VERSIONS
    """
 
  22a9e5e0e97f0475e310f04c56b1393a [java.lang.String] meta 
  20a4ea84acb48044b886d3b629172fca [java.util.LinkedHashMap] [id:SRR14182750, species:Glycine max, species_id:null, project:PRJNA720229, metadata:/home/antonio/Escritorio/Repositorios_GitHub/miRPlan-nf/data/Additional_info/03-Metadata/glma_m_PRJNA720229.tsv, genome:https://ftp.ncbi.nlm.nih.gov/genomes/all/GCF/000/004/515/GCF_000004515.6_Glycine_max_v4.0/GCF_000004515.6_Glycine_max_v4.0_genomic.fna.gz, single_end:true, group_id:[], depth:15849560, depth_validity:valid, replicates_validity:valid, valid_groups:[3], notvalid_groups:[1, 2, 4], type:database] 
  553096c532e666fb42214fdf0520fe4a [java.lang.String] reads 
  13f3fb37d1e438c89195cf6e7b00d0c1 [nextflow.util.ArrayBag] [FileHolder(sourceObj:/home/antonio/Escritorio/Repositorios_GitHub/miRPlan-nf/work/5d/40ca164b44e3302c2b13286696b89b/SRR14182750.valid.fastq.gz, storePath:/home/antonio/Escritorio/Repositorios_GitHub/miRPlan-nf/work/4c/3335dc9082779c1e735c9b3a9e7104/SRR14182750.fastp.fastq.gz, stageName:SRR14182750.valid.fastq.gz)] 
  409b6322c96c5aed2e508e57cc521d5d [java.lang.String] meta2 
  0e0aef32743531f5cf1b57f965c564bf [java.util.LinkedHashMap] [id:Filtering database] 
  105e03d70ef5c389e573ff1c323ba2e5 [java.lang.String] index 
  b3669a693e6108a0cb344ede2ccceda9 [nextflow.util.ArrayBag] [FileHolder(sourceObj:/home/antonio/Escritorio/Repositorios_GitHub/miRPlan-nf/work/21/16853780850fe2282120cab2320e2d/bowtie, storePath:/home/antonio/Escritorio/Repositorios_GitHub/miRPlan-nf/work/21/16853780850fe2282120cab2320e2d/bowtie, stageName:bowtie)] 
  66c252adc084b98a341baf36fe433d99 [java.lang.String] save_aligned 
  16fe7483905cce7a85670e43e4678877 [java.lang.Boolean] true 
  0de2392ec6ba747d6f52fe70934fb8d8 [java.lang.String] save_unaligned 
  16fe7483905cce7a85670e43e4678877 [java.lang.Boolean] true 
  4f9d4b0d22865056c37fb6d9c2a04a67 [java.lang.String] $ 
  16fe7483905cce7a85670e43e4678877 [java.lang.Boolean] true 
  d59345b4b93cc35283c8bd08580f01d4 [java.util.HashMap$EntrySet] [task.ext.args=-v 0, task.ext.args2=null, task.ext.prefix=null] 

feb.-18 12:44:48.545 [Actor Thread 12] INFO  nextflow.processor.TaskProcessor - [MAIN_MIRPLAN:MIRPLAN:FILTERING_DB:BOWTIE_ALIGN (5)] cache hash: 15fc86151f84f10d9be098ad1aa6bd33; mode: STANDARD; entries: 
  2ad8cea781a4a45e1ba87179f2662474 [java.util.UUID] ba89cd85-143a-443f-a9d1-dcf2039040f9 
  ad5b9f570d9e5985470f78988545daf2 [java.lang.String] MAIN_MIRPLAN:MIRPLAN:FILTERING_DB:BOWTIE_ALIGN 
  d8fc2dbd4b7f6e3faf89e3477a673aec [java.lang.String]     def args = task.ext.args ?: ''
    def args2 = task.ext.args2 ?: ''
    def prefix = task.ext.prefix ?: "${meta.id}"
    def aligned = save_aligned ? "--al ${prefix}.${meta.type}.aligned.fastq" : ''
    def unaligned = save_unaligned ? "--un ${prefix}.${meta.type}.unaligned.fastq" : ''
    def endedness = meta.single_end ? "$reads".toString().replaceAll('.gz$', '') : "-1 ${reads[0].toString().replaceAll('.gz$', '')} -2  ${reads[1].toString().replaceAll('.gz$', '')}"
    """
    # Decompress query files
    if [[ ${meta.single_end} == true ]]; then
        # Decompress file if it is required
        if [[ ${reads} == *.gz ]]; then
            gzip -d -f ${reads}
        fi
    else
        # Decompress file 1
        if [[ ${reads[1]} == *.gz ]]; then
            gzip -d -f ${reads[1]}
        fi

        # Decompress file 2
        if [[ ${reads[2]} == *.gz ]]; then
            gzip -d -f ${reads[2]}
        fi
    fi

    INDEX=\$(find -L ./ -name "*.3.ebwt" | sed 's/\\.3.ebwt\$//')
    bowtie \\
        --threads $task.cpus \\
        --sam \\
        -x \$INDEX \\
        -q \\
        $aligned \\
        $unaligned \\
        $args \\
        $endedness \\
        2> >(tee ${prefix}.out >&2) \\
        | samtools view $args2 -@ $task.cpus -bS -o ${prefix}.bam -

    # Compress aligned sequences file
    if [ -f ${prefix}.${meta.type}.aligned.fastq ]; then
        gzip ${prefix}.${meta.type}.aligned.fastq
    fi
    if [ -f ${prefix}.${meta.type}.aligned_1.fastq ]; then
        gzip ${prefix}.${meta.type}.aligned_1.fastq
        gzip ${prefix}.${meta.type}.aligned_2.fastq
    fi

    # Compress unaligned sequences file
    if [ -f ${prefix}.${meta.type}.unaligned.fastq ]; then
        gzip ${prefix}.${meta.type}.unaligned.fastq
    fi
    if [ -f ${prefix}.${meta.type}.unaligned_1.fastq ]; then
        gzip ${prefix}.${meta.type}.unaligned_1.fastq
        gzip ${prefix}.${meta.type}.unaligned_2.fastq
    fi

    cat <<-END_VERSIONS > versions.yml
    "${task.process}":
        bowtie: \$(echo \$(bowtie --version 2>&1) | sed 's/^.*bowtie-align-s version //; s/ .*\$//')
        samtools: \$(echo \$(samtools --version 2>&1) | sed 's/^.*samtools //; s/Using.*\$//')
    END_VERSIONS
    """
 
  22a9e5e0e97f0475e310f04c56b1393a [java.lang.String] meta 
  4021b3ffd81ac4c3c6f6e7f8630e37a5 [java.util.LinkedHashMap] [id:SRR14182749, species:Glycine max, species_id:null, project:PRJNA720229, metadata:/home/antonio/Escritorio/Repositorios_GitHub/miRPlan-nf/data/Additional_info/03-Metadata/glma_m_PRJNA720229.tsv, genome:https://ftp.ncbi.nlm.nih.gov/genomes/all/GCF/000/004/515/GCF_000004515.6_Glycine_max_v4.0/GCF_000004515.6_Glycine_max_v4.0_genomic.fna.gz, single_end:true, group_id:[], depth:17600922, depth_validity:valid, replicates_validity:valid, valid_groups:[3], notvalid_groups:[1, 2, 4], type:database] 
  553096c532e666fb42214fdf0520fe4a [java.lang.String] reads 
  680ce87ebb90c6b8d4c2ec62f4e3bcf6 [nextflow.util.ArrayBag] [FileHolder(sourceObj:/home/antonio/Escritorio/Repositorios_GitHub/miRPlan-nf/work/5d/40ca164b44e3302c2b13286696b89b/SRR14182749.valid.fastq.gz, storePath:/home/antonio/Escritorio/Repositorios_GitHub/miRPlan-nf/work/69/e406e9af9be9aed6e9ea2e226b5db2/SRR14182749.fastp.fastq.gz, stageName:SRR14182749.valid.fastq.gz)] 
  409b6322c96c5aed2e508e57cc521d5d [java.lang.String] meta2 
  0e0aef32743531f5cf1b57f965c564bf [java.util.LinkedHashMap] [id:Filtering database] 
  105e03d70ef5c389e573ff1c323ba2e5 [java.lang.String] index 
  b3669a693e6108a0cb344ede2ccceda9 [nextflow.util.ArrayBag] [FileHolder(sourceObj:/home/antonio/Escritorio/Repositorios_GitHub/miRPlan-nf/work/21/16853780850fe2282120cab2320e2d/bowtie, storePath:/home/antonio/Escritorio/Repositorios_GitHub/miRPlan-nf/work/21/16853780850fe2282120cab2320e2d/bowtie, stageName:bowtie)] 
  66c252adc084b98a341baf36fe433d99 [java.lang.String] save_aligned 
  16fe7483905cce7a85670e43e4678877 [java.lang.Boolean] true 
  0de2392ec6ba747d6f52fe70934fb8d8 [java.lang.String] save_unaligned 
  16fe7483905cce7a85670e43e4678877 [java.lang.Boolean] true 
  4f9d4b0d22865056c37fb6d9c2a04a67 [java.lang.String] $ 
  16fe7483905cce7a85670e43e4678877 [java.lang.Boolean] true 
  d59345b4b93cc35283c8bd08580f01d4 [java.util.HashMap$EntrySet] [task.ext.args=-v 0, task.ext.args2=null, task.ext.prefix=null] 

feb.-18 12:44:48.556 [Actor Thread 8] INFO  nextflow.processor.TaskProcessor - [f2/7ae723] Cached process > MAIN_MIRPLAN:MIRPLAN:FILTERING_DB:BOWTIE_ALIGN (SRR1848807)
feb.-18 12:44:48.556 [Actor Thread 5] INFO  nextflow.processor.TaskProcessor - [7f/ae7fe3] Cached process > MAIN_MIRPLAN:MIRPLAN:FILTERING_DB:BOWTIE_ALIGN (SRR14182735)
feb.-18 12:44:48.556 [Actor Thread 3] INFO  nextflow.processor.TaskProcessor - [b7/18da80] Cached process > MAIN_MIRPLAN:MIRPLAN:FILTERING_DB:BOWTIE_ALIGN (SRR1848803)
feb.-18 12:44:48.556 [Actor Thread 2] INFO  nextflow.processor.TaskProcessor - [44/495950] Cached process > MAIN_MIRPLAN:MIRPLAN:FILTERING_DB:BOWTIE_ALIGN (SRR14182736)
feb.-18 12:44:48.558 [Actor Thread 13] INFO  nextflow.processor.TaskProcessor - [9c/380055] Cached process > MAIN_MIRPLAN:MIRPLAN:FILTERING_DB:BOWTIE_ALIGN (SRR1848804)
feb.-18 12:44:48.560 [Actor Thread 21] INFO  nextflow.processor.TaskProcessor - [12/f942f2] Cached process > MAIN_MIRPLAN:MIRPLAN:FILTERING_DB:BOWTIE_ALIGN (SRR1848805)
feb.-18 12:44:48.563 [Actor Thread 1] INFO  nextflow.processor.TaskProcessor - [d6/05b197] Cached process > MAIN_MIRPLAN:MIRPLAN:FILTERING_DB:BOWTIE_ALIGN (SRR14182747)
feb.-18 12:44:48.574 [Actor Thread 18] INFO  nextflow.processor.TaskProcessor - [MAIN_MIRPLAN:MIRPLAN:QUANTIFICATION:COUNTS (1)] cache hash: 2394986cfd5bef40d8994c394e61e2a7; mode: STANDARD; entries: 
  2ad8cea781a4a45e1ba87179f2662474 [java.util.UUID] ba89cd85-143a-443f-a9d1-dcf2039040f9 
  718765a4697c6c5756c377e644cca2c0 [java.lang.String] MAIN_MIRPLAN:MIRPLAN:QUANTIFICATION:COUNTS 
  7c2ed4355a1f53458c1f47f926c32caa [java.lang.String]     def file_d = "$file".toString().replaceAll('.gz$', '')
    """
    # Decompress file 1
    if [[ ${file} == *.gz ]]; then
        gzip -d -f ${file}
    fi

    # Create the count table using bash. It is faster
    echo -e "seq\traw" > ${meta.id}.raw.tsv

    # Calculate absolute counts
    awk 'NR%4==2' "${file_d}" | sort | uniq -c | sort -nr | awk 'BEGIN{FS=" "; OFS="\\t"} {print \$2, \$1}' >> ${meta.id}.raw.tsv
    """
 
  22a9e5e0e97f0475e310f04c56b1393a [java.lang.String] meta 
  f5bf710fb838d1865c92059e98b052da [java.util.LinkedHashMap] [id:SRR1848807, species:Arabidopsis thaliana, species_id:null, project:PRJNA277424, metadata:/home/antonio/Escritorio/Repositorios_GitHub/miRPlan-nf/data/Additional_info/03-Metadata/arth_m_PRJNA277424.tsv, genome:https://ftp.ncbi.nlm.nih.gov/genomes/all/GCF/000/001/735/GCF_000001735.4_TAIR10.1/GCF_000001735.4_TAIR10.1_genomic.fna.gz, single_end:true, group_id:[], valid_groups:[3], notvalid_groups:[1, 2, 4], type:database] 
  f82beb47a1b529266f72ca50185d5def [java.lang.String] file 
  2ab2a606318e18c96cc9b094ef0e9939 [nextflow.util.ArrayBag] [FileHolder(sourceObj:/home/antonio/Escritorio/Repositorios_GitHub/miRPlan-nf/work/f2/7ae723daa2c023cf0092217ade466d/SRR1848807.database.unaligned.fastq.gz, storePath:/home/antonio/Escritorio/Repositorios_GitHub/miRPlan-nf/work/f2/7ae723daa2c023cf0092217ade466d/SRR1848807.database.unaligned.fastq.gz, stageName:SRR1848807.database.unaligned.fastq.gz)] 
  4f9d4b0d22865056c37fb6d9c2a04a67 [java.lang.String] $ 
  16fe7483905cce7a85670e43e4678877 [java.lang.Boolean] true 

feb.-18 12:44:48.574 [Actor Thread 28] INFO  nextflow.processor.TaskProcessor - [MAIN_MIRPLAN:MIRPLAN:QUANTIFICATION:COUNTS (3)] cache hash: 4b6d63849880c711f8f4c9b9b174cebc; mode: STANDARD; entries: 
  2ad8cea781a4a45e1ba87179f2662474 [java.util.UUID] ba89cd85-143a-443f-a9d1-dcf2039040f9 
  718765a4697c6c5756c377e644cca2c0 [java.lang.String] MAIN_MIRPLAN:MIRPLAN:QUANTIFICATION:COUNTS 
  7c2ed4355a1f53458c1f47f926c32caa [java.lang.String]     def file_d = "$file".toString().replaceAll('.gz$', '')
    """
    # Decompress file 1
    if [[ ${file} == *.gz ]]; then
        gzip -d -f ${file}
    fi

    # Create the count table using bash. It is faster
    echo -e "seq\traw" > ${meta.id}.raw.tsv

    # Calculate absolute counts
    awk 'NR%4==2' "${file_d}" | sort | uniq -c | sort -nr | awk 'BEGIN{FS=" "; OFS="\\t"} {print \$2, \$1}' >> ${meta.id}.raw.tsv
    """
 
  22a9e5e0e97f0475e310f04c56b1393a [java.lang.String] meta 
  ea305467b46bab46a010daaefe19a85a [java.util.LinkedHashMap] [id:SRR14182735, species:Glycine max, species_id:null, project:PRJNA720229, metadata:/home/antonio/Escritorio/Repositorios_GitHub/miRPlan-nf/data/Additional_info/03-Metadata/glma_m_PRJNA720229.tsv, genome:https://ftp.ncbi.nlm.nih.gov/genomes/all/GCF/000/004/515/GCF_000004515.6_Glycine_max_v4.0/GCF_000004515.6_Glycine_max_v4.0_genomic.fna.gz, single_end:true, group_id:[], valid_groups:[3], notvalid_groups:[1, 2, 4], type:database] 
  f82beb47a1b529266f72ca50185d5def [java.lang.String] file 
  c829642d9f1c88da5efdd47a9b6cf54a [nextflow.util.ArrayBag] [FileHolder(sourceObj:/home/antonio/Escritorio/Repositorios_GitHub/miRPlan-nf/work/7f/ae7fe3fd1eebe40e905dbe0b2cf0cb/SRR14182735.database.unaligned.fastq.gz, storePath:/home/antonio/Escritorio/Repositorios_GitHub/miRPlan-nf/work/7f/ae7fe3fd1eebe40e905dbe0b2cf0cb/SRR14182735.database.unaligned.fastq.gz, stageName:SRR14182735.database.unaligned.fastq.gz)] 
  4f9d4b0d22865056c37fb6d9c2a04a67 [java.lang.String] $ 
  16fe7483905cce7a85670e43e4678877 [java.lang.Boolean] true 

feb.-18 12:44:48.574 [Actor Thread 5] INFO  nextflow.processor.TaskProcessor - [MAIN_MIRPLAN:MIRPLAN:QUANTIFICATION:COUNTS (7)] cache hash: 092b23e0ccde27abb11c931eeb27a4da; mode: STANDARD; entries: 
  2ad8cea781a4a45e1ba87179f2662474 [java.util.UUID] ba89cd85-143a-443f-a9d1-dcf2039040f9 
  718765a4697c6c5756c377e644cca2c0 [java.lang.String] MAIN_MIRPLAN:MIRPLAN:QUANTIFICATION:COUNTS 
  7c2ed4355a1f53458c1f47f926c32caa [java.lang.String]     def file_d = "$file".toString().replaceAll('.gz$', '')
    """
    # Decompress file 1
    if [[ ${file} == *.gz ]]; then
        gzip -d -f ${file}
    fi

    # Create the count table using bash. It is faster
    echo -e "seq\traw" > ${meta.id}.raw.tsv

    # Calculate absolute counts
    awk 'NR%4==2' "${file_d}" | sort | uniq -c | sort -nr | awk 'BEGIN{FS=" "; OFS="\\t"} {print \$2, \$1}' >> ${meta.id}.raw.tsv
    """
 
  22a9e5e0e97f0475e310f04c56b1393a [java.lang.String] meta 
  67faa6ddce791670bde22982278e5db6 [java.util.LinkedHashMap] [id:SRR14182747, species:Glycine max, species_id:null, project:PRJNA720229, metadata:/home/antonio/Escritorio/Repositorios_GitHub/miRPlan-nf/data/Additional_info/03-Metadata/glma_m_PRJNA720229.tsv, genome:https://ftp.ncbi.nlm.nih.gov/genomes/all/GCF/000/004/515/GCF_000004515.6_Glycine_max_v4.0/GCF_000004515.6_Glycine_max_v4.0_genomic.fna.gz, single_end:true, group_id:[], valid_groups:[3], notvalid_groups:[1, 2, 4], type:database] 
  f82beb47a1b529266f72ca50185d5def [java.lang.String] file 
  eedd6f21f8051a80f7c3a213eae90737 [nextflow.util.ArrayBag] [FileHolder(sourceObj:/home/antonio/Escritorio/Repositorios_GitHub/miRPlan-nf/work/d6/05b197948c7636d704f62edbe0c11c/SRR14182747.database.unaligned.fastq.gz, storePath:/home/antonio/Escritorio/Repositorios_GitHub/miRPlan-nf/work/d6/05b197948c7636d704f62edbe0c11c/SRR14182747.database.unaligned.fastq.gz, stageName:SRR14182747.database.unaligned.fastq.gz)] 
  4f9d4b0d22865056c37fb6d9c2a04a67 [java.lang.String] $ 
  16fe7483905cce7a85670e43e4678877 [java.lang.Boolean] true 

feb.-18 12:44:48.574 [Actor Thread 10] INFO  nextflow.processor.TaskProcessor - [MAIN_MIRPLAN:MIRPLAN:QUANTIFICATION:COUNTS (2)] cache hash: 560abe3d2e0602101eaead87529ab220; mode: STANDARD; entries: 
  2ad8cea781a4a45e1ba87179f2662474 [java.util.UUID] ba89cd85-143a-443f-a9d1-dcf2039040f9 
  718765a4697c6c5756c377e644cca2c0 [java.lang.String] MAIN_MIRPLAN:MIRPLAN:QUANTIFICATION:COUNTS 
  7c2ed4355a1f53458c1f47f926c32caa [java.lang.String]     def file_d = "$file".toString().replaceAll('.gz$', '')
    """
    # Decompress file 1
    if [[ ${file} == *.gz ]]; then
        gzip -d -f ${file}
    fi

    # Create the count table using bash. It is faster
    echo -e "seq\traw" > ${meta.id}.raw.tsv

    # Calculate absolute counts
    awk 'NR%4==2' "${file_d}" | sort | uniq -c | sort -nr | awk 'BEGIN{FS=" "; OFS="\\t"} {print \$2, \$1}' >> ${meta.id}.raw.tsv
    """
 
  22a9e5e0e97f0475e310f04c56b1393a [java.lang.String] meta 
  11522311dd1804008e3f519c664a97fe [java.util.LinkedHashMap] [id:SRR1848803, species:Arabidopsis thaliana, species_id:null, project:PRJNA277424, metadata:/home/antonio/Escritorio/Repositorios_GitHub/miRPlan-nf/data/Additional_info/03-Metadata/arth_m_PRJNA277424.tsv, genome:https://ftp.ncbi.nlm.nih.gov/genomes/all/GCF/000/001/735/GCF_000001735.4_TAIR10.1/GCF_000001735.4_TAIR10.1_genomic.fna.gz, single_end:true, group_id:[], valid_groups:[3], notvalid_groups:[1, 2, 4], type:database] 
  f82beb47a1b529266f72ca50185d5def [java.lang.String] file 
  ae83b43a3043f5775e37f4b6aa755cf5 [nextflow.util.ArrayBag] [FileHolder(sourceObj:/home/antonio/Escritorio/Repositorios_GitHub/miRPlan-nf/work/b7/18da80c2c9309cd9a3e8ff1ce7a3db/SRR1848803.database.unaligned.fastq.gz, storePath:/home/antonio/Escritorio/Repositorios_GitHub/miRPlan-nf/work/b7/18da80c2c9309cd9a3e8ff1ce7a3db/SRR1848803.database.unaligned.fastq.gz, stageName:SRR1848803.database.unaligned.fastq.gz)] 
  4f9d4b0d22865056c37fb6d9c2a04a67 [java.lang.String] $ 
  16fe7483905cce7a85670e43e4678877 [java.lang.Boolean] true 

feb.-18 12:44:48.574 [Actor Thread 17] INFO  nextflow.processor.TaskProcessor - [MAIN_MIRPLAN:MIRPLAN:QUANTIFICATION:COUNTS (5)] cache hash: 41f7c4875a0dd1d441e666633725d4e5; mode: STANDARD; entries: 
  2ad8cea781a4a45e1ba87179f2662474 [java.util.UUID] ba89cd85-143a-443f-a9d1-dcf2039040f9 
  718765a4697c6c5756c377e644cca2c0 [java.lang.String] MAIN_MIRPLAN:MIRPLAN:QUANTIFICATION:COUNTS 
  7c2ed4355a1f53458c1f47f926c32caa [java.lang.String]     def file_d = "$file".toString().replaceAll('.gz$', '')
    """
    # Decompress file 1
    if [[ ${file} == *.gz ]]; then
        gzip -d -f ${file}
    fi

    # Create the count table using bash. It is faster
    echo -e "seq\traw" > ${meta.id}.raw.tsv

    # Calculate absolute counts
    awk 'NR%4==2' "${file_d}" | sort | uniq -c | sort -nr | awk 'BEGIN{FS=" "; OFS="\\t"} {print \$2, \$1}' >> ${meta.id}.raw.tsv
    """
 
  22a9e5e0e97f0475e310f04c56b1393a [java.lang.String] meta 
  7a64c98db95162bd3007b6f489ced40c [java.util.LinkedHashMap] [id:SRR1848804, species:Arabidopsis thaliana, species_id:null, project:PRJNA277424, metadata:/home/antonio/Escritorio/Repositorios_GitHub/miRPlan-nf/data/Additional_info/03-Metadata/arth_m_PRJNA277424.tsv, genome:https://ftp.ncbi.nlm.nih.gov/genomes/all/GCF/000/001/735/GCF_000001735.4_TAIR10.1/GCF_000001735.4_TAIR10.1_genomic.fna.gz, single_end:true, group_id:[], valid_groups:[3], notvalid_groups:[1, 2, 4], type:database] 
  f82beb47a1b529266f72ca50185d5def [java.lang.String] file 
  ae4632056f4cd618a292f7452f021d89 [nextflow.util.ArrayBag] [FileHolder(sourceObj:/home/antonio/Escritorio/Repositorios_GitHub/miRPlan-nf/work/9c/380055c6dd0b825caa3593822fc05a/SRR1848804.database.unaligned.fastq.gz, storePath:/home/antonio/Escritorio/Repositorios_GitHub/miRPlan-nf/work/9c/380055c6dd0b825caa3593822fc05a/SRR1848804.database.unaligned.fastq.gz, stageName:SRR1848804.database.unaligned.fastq.gz)] 
  4f9d4b0d22865056c37fb6d9c2a04a67 [java.lang.String] $ 
  16fe7483905cce7a85670e43e4678877 [java.lang.Boolean] true 

feb.-18 12:44:48.574 [Actor Thread 15] INFO  nextflow.processor.TaskProcessor - [MAIN_MIRPLAN:MIRPLAN:QUANTIFICATION:COUNTS (6)] cache hash: b66c2cd687b9eb7f5f4f27bb007d8034; mode: STANDARD; entries: 
  2ad8cea781a4a45e1ba87179f2662474 [java.util.UUID] ba89cd85-143a-443f-a9d1-dcf2039040f9 
  718765a4697c6c5756c377e644cca2c0 [java.lang.String] MAIN_MIRPLAN:MIRPLAN:QUANTIFICATION:COUNTS 
  7c2ed4355a1f53458c1f47f926c32caa [java.lang.String]     def file_d = "$file".toString().replaceAll('.gz$', '')
    """
    # Decompress file 1
    if [[ ${file} == *.gz ]]; then
        gzip -d -f ${file}
    fi

    # Create the count table using bash. It is faster
    echo -e "seq\traw" > ${meta.id}.raw.tsv

    # Calculate absolute counts
    awk 'NR%4==2' "${file_d}" | sort | uniq -c | sort -nr | awk 'BEGIN{FS=" "; OFS="\\t"} {print \$2, \$1}' >> ${meta.id}.raw.tsv
    """
 
  22a9e5e0e97f0475e310f04c56b1393a [java.lang.String] meta 
  d95abfa9e3d78af329ce7756bddd5275 [java.util.LinkedHashMap] [id:SRR14182736, species:Glycine max, species_id:null, project:PRJNA720229, metadata:/home/antonio/Escritorio/Repositorios_GitHub/miRPlan-nf/data/Additional_info/03-Metadata/glma_m_PRJNA720229.tsv, genome:https://ftp.ncbi.nlm.nih.gov/genomes/all/GCF/000/004/515/GCF_000004515.6_Glycine_max_v4.0/GCF_000004515.6_Glycine_max_v4.0_genomic.fna.gz, single_end:true, group_id:[], valid_groups:[3], notvalid_groups:[1, 2, 4], type:database] 
  f82beb47a1b529266f72ca50185d5def [java.lang.String] file 
  cd3280786bf52dade0d4b72827ad4ca3 [nextflow.util.ArrayBag] [FileHolder(sourceObj:/home/antonio/Escritorio/Repositorios_GitHub/miRPlan-nf/work/44/4959504c4477b4d74ad09ae34448f7/SRR14182736.database.unaligned.fastq.gz, storePath:/home/antonio/Escritorio/Repositorios_GitHub/miRPlan-nf/work/44/4959504c4477b4d74ad09ae34448f7/SRR14182736.database.unaligned.fastq.gz, stageName:SRR14182736.database.unaligned.fastq.gz)] 
  4f9d4b0d22865056c37fb6d9c2a04a67 [java.lang.String] $ 
  16fe7483905cce7a85670e43e4678877 [java.lang.Boolean] true 

feb.-18 12:44:48.574 [Actor Thread 8] INFO  nextflow.processor.TaskProcessor - [MAIN_MIRPLAN:MIRPLAN:QUANTIFICATION:COUNTS (4)] cache hash: 9fc40a2586e7cf6d5128db08d9f2abd2; mode: STANDARD; entries: 
  2ad8cea781a4a45e1ba87179f2662474 [java.util.UUID] ba89cd85-143a-443f-a9d1-dcf2039040f9 
  718765a4697c6c5756c377e644cca2c0 [java.lang.String] MAIN_MIRPLAN:MIRPLAN:QUANTIFICATION:COUNTS 
  7c2ed4355a1f53458c1f47f926c32caa [java.lang.String]     def file_d = "$file".toString().replaceAll('.gz$', '')
    """
    # Decompress file 1
    if [[ ${file} == *.gz ]]; then
        gzip -d -f ${file}
    fi

    # Create the count table using bash. It is faster
    echo -e "seq\traw" > ${meta.id}.raw.tsv

    # Calculate absolute counts
    awk 'NR%4==2' "${file_d}" | sort | uniq -c | sort -nr | awk 'BEGIN{FS=" "; OFS="\\t"} {print \$2, \$1}' >> ${meta.id}.raw.tsv
    """
 
  22a9e5e0e97f0475e310f04c56b1393a [java.lang.String] meta 
  3ea6d8df90b4125f2e90709e15b576e7 [java.util.LinkedHashMap] [id:SRR1848805, species:Arabidopsis thaliana, species_id:null, project:PRJNA277424, metadata:/home/antonio/Escritorio/Repositorios_GitHub/miRPlan-nf/data/Additional_info/03-Metadata/arth_m_PRJNA277424.tsv, genome:https://ftp.ncbi.nlm.nih.gov/genomes/all/GCF/000/001/735/GCF_000001735.4_TAIR10.1/GCF_000001735.4_TAIR10.1_genomic.fna.gz, single_end:true, group_id:[], valid_groups:[3], notvalid_groups:[1, 2, 4], type:database] 
  f82beb47a1b529266f72ca50185d5def [java.lang.String] file 
  0a4764e65fcc55e5b556edfc101d8b07 [nextflow.util.ArrayBag] [FileHolder(sourceObj:/home/antonio/Escritorio/Repositorios_GitHub/miRPlan-nf/work/12/f942f217e3f1cb9d28053079f9571b/SRR1848805.database.unaligned.fastq.gz, storePath:/home/antonio/Escritorio/Repositorios_GitHub/miRPlan-nf/work/12/f942f217e3f1cb9d28053079f9571b/SRR1848805.database.unaligned.fastq.gz, stageName:SRR1848805.database.unaligned.fastq.gz)] 
  4f9d4b0d22865056c37fb6d9c2a04a67 [java.lang.String] $ 
  16fe7483905cce7a85670e43e4678877 [java.lang.Boolean] true 

feb.-18 12:44:48.597 [Actor Thread 5] INFO  nextflow.processor.TaskProcessor - [e2/c5a85b] Cached process > MAIN_MIRPLAN:MIRPLAN:QUANTIFICATION:COUNTS (SRR14182747)
feb.-18 12:44:48.597 [Actor Thread 28] INFO  nextflow.processor.TaskProcessor - [e1/a7c0a9] Cached process > MAIN_MIRPLAN:MIRPLAN:QUANTIFICATION:COUNTS (SRR14182735)
feb.-18 12:44:48.601 [Actor Thread 15] INFO  nextflow.processor.TaskProcessor - [73/322c46] Cached process > MAIN_MIRPLAN:MIRPLAN:QUANTIFICATION:COUNTS (SRR14182736)
feb.-18 12:44:48.601 [Actor Thread 10] INFO  nextflow.processor.TaskProcessor - [32/f9b3c8] Cached process > MAIN_MIRPLAN:MIRPLAN:QUANTIFICATION:COUNTS (SRR1848803)
feb.-18 12:44:49.258 [Actor Thread 22] INFO  nextflow.processor.TaskProcessor - [2f/ffcb16] Cached process > MAIN_MIRPLAN:MIRPLAN:FILTERING_DB:BOWTIE_ALIGN (SRR1848808)
feb.-18 12:44:49.258 [Actor Thread 6] INFO  nextflow.processor.TaskProcessor - [77/21e1a5] Cached process > MAIN_MIRPLAN:MIRPLAN:FILTERING_DB:BOWTIE_ALIGN (SRR14182750)
feb.-18 12:44:49.264 [Actor Thread 1] INFO  nextflow.processor.TaskProcessor - [MAIN_MIRPLAN:MIRPLAN:QUANTIFICATION:COUNTS (8)] cache hash: a14564076e006005781c1fea5b0276d9; mode: STANDARD; entries: 
  2ad8cea781a4a45e1ba87179f2662474 [java.util.UUID] ba89cd85-143a-443f-a9d1-dcf2039040f9 
  718765a4697c6c5756c377e644cca2c0 [java.lang.String] MAIN_MIRPLAN:MIRPLAN:QUANTIFICATION:COUNTS 
  7c2ed4355a1f53458c1f47f926c32caa [java.lang.String]     def file_d = "$file".toString().replaceAll('.gz$', '')
    """
    # Decompress file 1
    if [[ ${file} == *.gz ]]; then
        gzip -d -f ${file}
    fi

    # Create the count table using bash. It is faster
    echo -e "seq\traw" > ${meta.id}.raw.tsv

    # Calculate absolute counts
    awk 'NR%4==2' "${file_d}" | sort | uniq -c | sort -nr | awk 'BEGIN{FS=" "; OFS="\\t"} {print \$2, \$1}' >> ${meta.id}.raw.tsv
    """
 
  22a9e5e0e97f0475e310f04c56b1393a [java.lang.String] meta 
  f9fbb8eb048a6966992aa297917b35b9 [java.util.LinkedHashMap] [id:SRR14182750, species:Glycine max, species_id:null, project:PRJNA720229, metadata:/home/antonio/Escritorio/Repositorios_GitHub/miRPlan-nf/data/Additional_info/03-Metadata/glma_m_PRJNA720229.tsv, genome:https://ftp.ncbi.nlm.nih.gov/genomes/all/GCF/000/004/515/GCF_000004515.6_Glycine_max_v4.0/GCF_000004515.6_Glycine_max_v4.0_genomic.fna.gz, single_end:true, group_id:[], valid_groups:[3], notvalid_groups:[1, 2, 4], type:database] 
  f82beb47a1b529266f72ca50185d5def [java.lang.String] file 
  b57e56e7a979a7526beced6bc78989d2 [nextflow.util.ArrayBag] [FileHolder(sourceObj:/home/antonio/Escritorio/Repositorios_GitHub/miRPlan-nf/work/77/21e1a509f4dd06fa2af1df6bb6dacd/SRR14182750.database.unaligned.fastq.gz, storePath:/home/antonio/Escritorio/Repositorios_GitHub/miRPlan-nf/work/77/21e1a509f4dd06fa2af1df6bb6dacd/SRR14182750.database.unaligned.fastq.gz, stageName:SRR14182750.database.unaligned.fastq.gz)] 
  4f9d4b0d22865056c37fb6d9c2a04a67 [java.lang.String] $ 
  16fe7483905cce7a85670e43e4678877 [java.lang.Boolean] true 

feb.-18 12:44:49.264 [Actor Thread 5] INFO  nextflow.processor.TaskProcessor - [MAIN_MIRPLAN:MIRPLAN:QUANTIFICATION:COUNTS (9)] cache hash: 5b6ac5e7f8f59d81cbd0e15609098db2; mode: STANDARD; entries: 
  2ad8cea781a4a45e1ba87179f2662474 [java.util.UUID] ba89cd85-143a-443f-a9d1-dcf2039040f9 
  718765a4697c6c5756c377e644cca2c0 [java.lang.String] MAIN_MIRPLAN:MIRPLAN:QUANTIFICATION:COUNTS 
  7c2ed4355a1f53458c1f47f926c32caa [java.lang.String]     def file_d = "$file".toString().replaceAll('.gz$', '')
    """
    # Decompress file 1
    if [[ ${file} == *.gz ]]; then
        gzip -d -f ${file}
    fi

    # Create the count table using bash. It is faster
    echo -e "seq\traw" > ${meta.id}.raw.tsv

    # Calculate absolute counts
    awk 'NR%4==2' "${file_d}" | sort | uniq -c | sort -nr | awk 'BEGIN{FS=" "; OFS="\\t"} {print \$2, \$1}' >> ${meta.id}.raw.tsv
    """
 
  22a9e5e0e97f0475e310f04c56b1393a [java.lang.String] meta 
  7320aa5ffbc68501e796eac7e4456221 [java.util.LinkedHashMap] [id:SRR1848808, species:Arabidopsis thaliana, species_id:null, project:PRJNA277424, metadata:/home/antonio/Escritorio/Repositorios_GitHub/miRPlan-nf/data/Additional_info/03-Metadata/arth_m_PRJNA277424.tsv, genome:https://ftp.ncbi.nlm.nih.gov/genomes/all/GCF/000/001/735/GCF_000001735.4_TAIR10.1/GCF_000001735.4_TAIR10.1_genomic.fna.gz, single_end:true, group_id:[], valid_groups:[3], notvalid_groups:[1, 2, 4], type:database] 
  f82beb47a1b529266f72ca50185d5def [java.lang.String] file 
  29bfd88b15c20b991dd19ce5f416bd64 [nextflow.util.ArrayBag] [FileHolder(sourceObj:/home/antonio/Escritorio/Repositorios_GitHub/miRPlan-nf/work/2f/ffcb16b51ad74a5a80d3e5f6a92877/SRR1848808.database.unaligned.fastq.gz, storePath:/home/antonio/Escritorio/Repositorios_GitHub/miRPlan-nf/work/2f/ffcb16b51ad74a5a80d3e5f6a92877/SRR1848808.database.unaligned.fastq.gz, stageName:SRR1848808.database.unaligned.fastq.gz)] 
  4f9d4b0d22865056c37fb6d9c2a04a67 [java.lang.String] $ 
  16fe7483905cce7a85670e43e4678877 [java.lang.Boolean] true 

feb.-18 12:44:49.268 [Actor Thread 1] INFO  nextflow.processor.TaskProcessor - [3c/ab8651] Cached process > MAIN_MIRPLAN:MIRPLAN:QUANTIFICATION:COUNTS (SRR14182750)
feb.-18 12:44:49.268 [Actor Thread 5] INFO  nextflow.processor.TaskProcessor - [1b/a56e7f] Cached process > MAIN_MIRPLAN:MIRPLAN:QUANTIFICATION:COUNTS (SRR1848808)
feb.-18 12:44:49.343 [Actor Thread 14] INFO  nextflow.processor.TaskProcessor - [25/9bc9d3] Cached process > MAIN_MIRPLAN:MIRPLAN:FILTERING_DB:BOWTIE_ALIGN (SRR14182734)
feb.-18 12:44:49.352 [Actor Thread 28] INFO  nextflow.processor.TaskProcessor - [MAIN_MIRPLAN:MIRPLAN:QUANTIFICATION:COUNTS (10)] cache hash: 73c0e71b0e2bc412a05dcd5244f7411f; mode: STANDARD; entries: 
  2ad8cea781a4a45e1ba87179f2662474 [java.util.UUID] ba89cd85-143a-443f-a9d1-dcf2039040f9 
  718765a4697c6c5756c377e644cca2c0 [java.lang.String] MAIN_MIRPLAN:MIRPLAN:QUANTIFICATION:COUNTS 
  7c2ed4355a1f53458c1f47f926c32caa [java.lang.String]     def file_d = "$file".toString().replaceAll('.gz$', '')
    """
    # Decompress file 1
    if [[ ${file} == *.gz ]]; then
        gzip -d -f ${file}
    fi

    # Create the count table using bash. It is faster
    echo -e "seq\traw" > ${meta.id}.raw.tsv

    # Calculate absolute counts
    awk 'NR%4==2' "${file_d}" | sort | uniq -c | sort -nr | awk 'BEGIN{FS=" "; OFS="\\t"} {print \$2, \$1}' >> ${meta.id}.raw.tsv
    """
 
  22a9e5e0e97f0475e310f04c56b1393a [java.lang.String] meta 
  2dfefbc8950d0f2c7da49d4bc0eff491 [java.util.LinkedHashMap] [id:SRR14182734, species:Glycine max, species_id:null, project:PRJNA720229, metadata:/home/antonio/Escritorio/Repositorios_GitHub/miRPlan-nf/data/Additional_info/03-Metadata/glma_m_PRJNA720229.tsv, genome:https://ftp.ncbi.nlm.nih.gov/genomes/all/GCF/000/004/515/GCF_000004515.6_Glycine_max_v4.0/GCF_000004515.6_Glycine_max_v4.0_genomic.fna.gz, single_end:true, group_id:[], valid_groups:[3], notvalid_groups:[1, 2, 4], type:database] 
  f82beb47a1b529266f72ca50185d5def [java.lang.String] file 
  a9be41edec7622b4b1a7f2b39c2daae7 [nextflow.util.ArrayBag] [FileHolder(sourceObj:/home/antonio/Escritorio/Repositorios_GitHub/miRPlan-nf/work/25/9bc9d3d43d64ff24b231384139c0a3/SRR14182734.database.unaligned.fastq.gz, storePath:/home/antonio/Escritorio/Repositorios_GitHub/miRPlan-nf/work/25/9bc9d3d43d64ff24b231384139c0a3/SRR14182734.database.unaligned.fastq.gz, stageName:SRR14182734.database.unaligned.fastq.gz)] 
  4f9d4b0d22865056c37fb6d9c2a04a67 [java.lang.String] $ 
  16fe7483905cce7a85670e43e4678877 [java.lang.Boolean] true 

feb.-18 12:44:49.399 [Actor Thread 17] INFO  nextflow.processor.TaskProcessor - [fb/1b2de0] Cached process > MAIN_MIRPLAN:MIRPLAN:QUANTIFICATION:COUNTS (SRR1848804)
feb.-18 12:44:49.494 [Actor Thread 8] INFO  nextflow.processor.TaskProcessor - [a1/216ac5] Cached process > MAIN_MIRPLAN:MIRPLAN:QUANTIFICATION:COUNTS (SRR1848805)
feb.-18 12:44:49.496 [Actor Thread 26] INFO  nextflow.processor.TaskProcessor - [79/d90529] Cached process > MAIN_MIRPLAN:MIRPLAN:FILTERING_DB:BOWTIE_ALIGN (SRR1848806)
feb.-18 12:44:49.496 [Actor Thread 18] INFO  nextflow.processor.TaskProcessor - [8f/cd7418] Cached process > MAIN_MIRPLAN:MIRPLAN:QUANTIFICATION:COUNTS (SRR1848807)
feb.-18 12:44:49.497 [Actor Thread 12] INFO  nextflow.processor.TaskProcessor - [25/a0854c] Cached process > MAIN_MIRPLAN:MIRPLAN:FILTERING_DB:BOWTIE_ALIGN (SRR14182749)
feb.-18 12:44:49.499 [Actor Thread 15] INFO  nextflow.processor.TaskProcessor - [MAIN_MIRPLAN:MIRPLAN:QUANTIFICATION:COUNTS (11)] cache hash: 1d35ba1e1a9fc91c24bf0eaba0861126; mode: STANDARD; entries: 
  2ad8cea781a4a45e1ba87179f2662474 [java.util.UUID] ba89cd85-143a-443f-a9d1-dcf2039040f9 
  718765a4697c6c5756c377e644cca2c0 [java.lang.String] MAIN_MIRPLAN:MIRPLAN:QUANTIFICATION:COUNTS 
  7c2ed4355a1f53458c1f47f926c32caa [java.lang.String]     def file_d = "$file".toString().replaceAll('.gz$', '')
    """
    # Decompress file 1
    if [[ ${file} == *.gz ]]; then
        gzip -d -f ${file}
    fi

    # Create the count table using bash. It is faster
    echo -e "seq\traw" > ${meta.id}.raw.tsv

    # Calculate absolute counts
    awk 'NR%4==2' "${file_d}" | sort | uniq -c | sort -nr | awk 'BEGIN{FS=" "; OFS="\\t"} {print \$2, \$1}' >> ${meta.id}.raw.tsv
    """
 
  22a9e5e0e97f0475e310f04c56b1393a [java.lang.String] meta 
  3bb19854fd099cc4580ca74ab948628a [java.util.LinkedHashMap] [id:SRR1848806, species:Arabidopsis thaliana, species_id:null, project:PRJNA277424, metadata:/home/antonio/Escritorio/Repositorios_GitHub/miRPlan-nf/data/Additional_info/03-Metadata/arth_m_PRJNA277424.tsv, genome:https://ftp.ncbi.nlm.nih.gov/genomes/all/GCF/000/001/735/GCF_000001735.4_TAIR10.1/GCF_000001735.4_TAIR10.1_genomic.fna.gz, single_end:true, group_id:[], valid_groups:[3], notvalid_groups:[1, 2, 4], type:database] 
  f82beb47a1b529266f72ca50185d5def [java.lang.String] file 
  368eb4f9d0d2309c307e84b8e3733f5e [nextflow.util.ArrayBag] [FileHolder(sourceObj:/home/antonio/Escritorio/Repositorios_GitHub/miRPlan-nf/work/79/d90529019a9564d862ce0f725d9978/SRR1848806.database.unaligned.fastq.gz, storePath:/home/antonio/Escritorio/Repositorios_GitHub/miRPlan-nf/work/79/d90529019a9564d862ce0f725d9978/SRR1848806.database.unaligned.fastq.gz, stageName:SRR1848806.database.unaligned.fastq.gz)] 
  4f9d4b0d22865056c37fb6d9c2a04a67 [java.lang.String] $ 
  16fe7483905cce7a85670e43e4678877 [java.lang.Boolean] true 

feb.-18 12:44:49.501 [Actor Thread 1] INFO  nextflow.processor.TaskProcessor - [MAIN_MIRPLAN:MIRPLAN:QUANTIFICATION:COUNTS (12)] cache hash: e5c26211e5efe1acd2c771bd8e9a0fb0; mode: STANDARD; entries: 
  2ad8cea781a4a45e1ba87179f2662474 [java.util.UUID] ba89cd85-143a-443f-a9d1-dcf2039040f9 
  718765a4697c6c5756c377e644cca2c0 [java.lang.String] MAIN_MIRPLAN:MIRPLAN:QUANTIFICATION:COUNTS 
  7c2ed4355a1f53458c1f47f926c32caa [java.lang.String]     def file_d = "$file".toString().replaceAll('.gz$', '')
    """
    # Decompress file 1
    if [[ ${file} == *.gz ]]; then
        gzip -d -f ${file}
    fi

    # Create the count table using bash. It is faster
    echo -e "seq\traw" > ${meta.id}.raw.tsv

    # Calculate absolute counts
    awk 'NR%4==2' "${file_d}" | sort | uniq -c | sort -nr | awk 'BEGIN{FS=" "; OFS="\\t"} {print \$2, \$1}' >> ${meta.id}.raw.tsv
    """
 
  22a9e5e0e97f0475e310f04c56b1393a [java.lang.String] meta 
  d21c20d4fea17933982cfcae7b45b18e [java.util.LinkedHashMap] [id:SRR14182749, species:Glycine max, species_id:null, project:PRJNA720229, metadata:/home/antonio/Escritorio/Repositorios_GitHub/miRPlan-nf/data/Additional_info/03-Metadata/glma_m_PRJNA720229.tsv, genome:https://ftp.ncbi.nlm.nih.gov/genomes/all/GCF/000/004/515/GCF_000004515.6_Glycine_max_v4.0/GCF_000004515.6_Glycine_max_v4.0_genomic.fna.gz, single_end:true, group_id:[], valid_groups:[3], notvalid_groups:[1, 2, 4], type:database] 
  f82beb47a1b529266f72ca50185d5def [java.lang.String] file 
  1763b102154bb78c86ecacdfff87eea4 [nextflow.util.ArrayBag] [FileHolder(sourceObj:/home/antonio/Escritorio/Repositorios_GitHub/miRPlan-nf/work/25/a0854cf13aa852eba71eace6ed3f55/SRR14182749.database.unaligned.fastq.gz, storePath:/home/antonio/Escritorio/Repositorios_GitHub/miRPlan-nf/work/25/a0854cf13aa852eba71eace6ed3f55/SRR14182749.database.unaligned.fastq.gz, stageName:SRR14182749.database.unaligned.fastq.gz)] 
  4f9d4b0d22865056c37fb6d9c2a04a67 [java.lang.String] $ 
  16fe7483905cce7a85670e43e4678877 [java.lang.Boolean] true 

feb.-18 12:44:49.503 [Actor Thread 1] INFO  nextflow.processor.TaskProcessor - [6c/a672b6] Cached process > MAIN_MIRPLAN:MIRPLAN:QUANTIFICATION:COUNTS (SRR14182749)
feb.-18 12:44:49.731 [Actor Thread 28] INFO  nextflow.processor.TaskProcessor - [1a/015d71] Cached process > MAIN_MIRPLAN:MIRPLAN:QUANTIFICATION:COUNTS (SRR14182734)
feb.-18 12:44:49.739 [Actor Thread 15] INFO  nextflow.processor.TaskProcessor - [f3/91e690] Cached process > MAIN_MIRPLAN:MIRPLAN:QUANTIFICATION:COUNTS (SRR1848806)
feb.-18 12:44:49.745 [Actor Thread 15] INFO  nextflow.processor.TaskProcessor - [MAIN_MIRPLAN:MIRPLAN:QUANTIFICATION:COUNTS_MATRIX (2)] cache hash: 6578df2fb7b49a7435066f4be919522e; mode: STANDARD; entries: 
  2ad8cea781a4a45e1ba87179f2662474 [java.util.UUID] ba89cd85-143a-443f-a9d1-dcf2039040f9 
  21ed4e8345ed1d8ec16fbac34e8632fe [java.lang.String] MAIN_MIRPLAN:MIRPLAN:QUANTIFICATION:COUNTS_MATRIX 
  dc5db38bb6c6ef627ca283193a5967c9 [java.lang.String]     if (type == 'rpm') {
        """
        04-Create_counts_matrix.py \
            --project ${meta.id} \
            --counts-tsv ${counts} \
            --metadata ${meta.metadata} \
            --valid-groups ${meta.valid_groups} \
            --rpm
        """
    // Raw counts matrix
    } else {
        """
        04-Create_counts_matrix.py \
            --project ${meta.id} \
            --counts-tsv ${counts} \
            --metadata ${meta.metadata} \
            --valid-groups ${meta.valid_groups}
        """
    }
 
  22a9e5e0e97f0475e310f04c56b1393a [java.lang.String] meta 
  989b61c17f09d669dddf782edbb379e7 [java.util.LinkedHashMap] [id:PRJNA277424, species:Arabidopsis thaliana, species_id:null, project:PRJNA277424, metadata:/home/antonio/Escritorio/Repositorios_GitHub/miRPlan-nf/data/Additional_info/03-Metadata/arth_m_PRJNA277424.tsv, genome:https://ftp.ncbi.nlm.nih.gov/genomes/all/GCF/000/001/735/GCF_000001735.4_TAIR10.1/GCF_000001735.4_TAIR10.1_genomic.fna.gz, single_end:true, group_id:[], valid_groups:[3], notvalid_groups:[1, 2, 4], type:database] 
  a3cc9198b066398cccda6a669e372af4 [java.lang.String] counts 
  3f478d9f267b296ed6dd3f5fed2225a3 [nextflow.util.ArrayBag] [FileHolder(sourceObj:/home/antonio/Escritorio/Repositorios_GitHub/miRPlan-nf/work/1b/a56e7fe26065988c40af7811ef2f8a/SRR1848808.raw.tsv, storePath:/home/antonio/Escritorio/Repositorios_GitHub/miRPlan-nf/work/1b/a56e7fe26065988c40af7811ef2f8a/SRR1848808.raw.tsv, stageName:SRR1848808.raw.tsv), FileHolder(sourceObj:/home/antonio/Escritorio/Repositorios_GitHub/miRPlan-nf/work/32/f9b3c8ce6ca9571e5b2b9229962f40/SRR1848803.raw.tsv, storePath:/home/antonio/Escritorio/Repositorios_GitHub/miRPlan-nf/work/32/f9b3c8ce6ca9571e5b2b9229962f40/SRR1848803.raw.tsv, stageName:SRR1848803.raw.tsv), FileHolder(sourceObj:/home/antonio/Escritorio/Repositorios_GitHub/miRPlan-nf/work/8f/cd7418c723f2b5b4deac5fbedce5ff/SRR1848807.raw.tsv, storePath:/home/antonio/Escritorio/Repositorios_GitHub/miRPlan-nf/work/8f/cd7418c723f2b5b4deac5fbedce5ff/SRR1848807.raw.tsv, stageName:SRR1848807.raw.tsv), FileHolder(sourceObj:/home/antonio/Escritorio/Repositorios_GitHub/miRPlan-nf/work/a1/216ac5c34a5cefaa467b0314dcf7a1/SRR1848805.raw.tsv, storePath:/home/antonio/Escritorio/Repositorios_GitHub/miRPlan-nf/work/a1/216ac5c34a5cefaa467b0314dcf7a1/SRR1848805.raw.tsv, stageName:SRR1848805.raw.tsv), FileHolder(sourceObj:/home/antonio/Escritorio/Repositorios_GitHub/miRPlan-nf/work/f3/91e6904083dd9a203fbdd7c0ec8327/SRR1848806.raw.tsv, storePath:/home/antonio/Escritorio/Repositorios_GitHub/miRPlan-nf/work/f3/91e6904083dd9a203fbdd7c0ec8327/SRR1848806.raw.tsv, stageName:SRR1848806.raw.tsv), FileHolder(sourceObj:/home/antonio/Escritorio/Repositorios_GitHub/miRPlan-nf/work/fb/1b2de029d2404c5b6a8f329380a83d/SRR1848804.raw.tsv, storePath:/home/antonio/Escritorio/Repositorios_GitHub/miRPlan-nf/work/fb/1b2de029d2404c5b6a8f329380a83d/SRR1848804.raw.tsv, stageName:SRR1848804.raw.tsv)] 
  55fcef5f76c5463a9054e747995e47d8 [java.lang.String] type 
  af2f7481c3098bc4990487829fb6758d [java.lang.String] raw 
  4f9d4b0d22865056c37fb6d9c2a04a67 [java.lang.String] $ 
  16fe7483905cce7a85670e43e4678877 [java.lang.Boolean] true 
  1382b0ffdd1f1968777a3314f496cc00 [sun.nio.fs.UnixPath] /home/antonio/Escritorio/Repositorios_GitHub/miRPlan-nf/bin/04-Create_counts_matrix.py 
  1382b0ffdd1f1968777a3314f496cc00 [sun.nio.fs.UnixPath] /home/antonio/Escritorio/Repositorios_GitHub/miRPlan-nf/bin/04-Create_counts_matrix.py 

feb.-18 12:44:49.745 [Actor Thread 14] INFO  nextflow.processor.TaskProcessor - [MAIN_MIRPLAN:MIRPLAN:QUANTIFICATION:COUNTS_MATRIX (1)] cache hash: eac93dce07c86fc6fb0e891473160b5c; mode: STANDARD; entries: 
  2ad8cea781a4a45e1ba87179f2662474 [java.util.UUID] ba89cd85-143a-443f-a9d1-dcf2039040f9 
  21ed4e8345ed1d8ec16fbac34e8632fe [java.lang.String] MAIN_MIRPLAN:MIRPLAN:QUANTIFICATION:COUNTS_MATRIX 
  dc5db38bb6c6ef627ca283193a5967c9 [java.lang.String]     if (type == 'rpm') {
        """
        04-Create_counts_matrix.py \
            --project ${meta.id} \
            --counts-tsv ${counts} \
            --metadata ${meta.metadata} \
            --valid-groups ${meta.valid_groups} \
            --rpm
        """
    // Raw counts matrix
    } else {
        """
        04-Create_counts_matrix.py \
            --project ${meta.id} \
            --counts-tsv ${counts} \
            --metadata ${meta.metadata} \
            --valid-groups ${meta.valid_groups}
        """
    }
 
  22a9e5e0e97f0475e310f04c56b1393a [java.lang.String] meta 
  bddfef8f5e4c2bfa6ee3ca175d316494 [java.util.LinkedHashMap] [id:PRJNA720229, species:Glycine max, species_id:null, project:PRJNA720229, metadata:/home/antonio/Escritorio/Repositorios_GitHub/miRPlan-nf/data/Additional_info/03-Metadata/glma_m_PRJNA720229.tsv, genome:https://ftp.ncbi.nlm.nih.gov/genomes/all/GCF/000/004/515/GCF_000004515.6_Glycine_max_v4.0/GCF_000004515.6_Glycine_max_v4.0_genomic.fna.gz, single_end:true, group_id:[], valid_groups:[3], notvalid_groups:[1, 2, 4], type:database] 
  a3cc9198b066398cccda6a669e372af4 [java.lang.String] counts 
  69d11a73adec8144e6bc831e4d5174fa [nextflow.util.ArrayBag] [FileHolder(sourceObj:/home/antonio/Escritorio/Repositorios_GitHub/miRPlan-nf/work/1a/015d713097fd7485ab43a497aed2ea/SRR14182734.raw.tsv, storePath:/home/antonio/Escritorio/Repositorios_GitHub/miRPlan-nf/work/1a/015d713097fd7485ab43a497aed2ea/SRR14182734.raw.tsv, stageName:SRR14182734.raw.tsv), FileHolder(sourceObj:/home/antonio/Escritorio/Repositorios_GitHub/miRPlan-nf/work/3c/ab8651610ea7b1a5ef61658da8d5ff/SRR14182750.raw.tsv, storePath:/home/antonio/Escritorio/Repositorios_GitHub/miRPlan-nf/work/3c/ab8651610ea7b1a5ef61658da8d5ff/SRR14182750.raw.tsv, stageName:SRR14182750.raw.tsv), FileHolder(sourceObj:/home/antonio/Escritorio/Repositorios_GitHub/miRPlan-nf/work/6c/a672b65cb4d126410545e1ab644858/SRR14182749.raw.tsv, storePath:/home/antonio/Escritorio/Repositorios_GitHub/miRPlan-nf/work/6c/a672b65cb4d126410545e1ab644858/SRR14182749.raw.tsv, stageName:SRR14182749.raw.tsv), FileHolder(sourceObj:/home/antonio/Escritorio/Repositorios_GitHub/miRPlan-nf/work/73/322c464c1f658f636273aebaf5292f/SRR14182736.raw.tsv, storePath:/home/antonio/Escritorio/Repositorios_GitHub/miRPlan-nf/work/73/322c464c1f658f636273aebaf5292f/SRR14182736.raw.tsv, stageName:SRR14182736.raw.tsv), FileHolder(sourceObj:/home/antonio/Escritorio/Repositorios_GitHub/miRPlan-nf/work/e1/a7c0a9616656e0a366b8c784426fc5/SRR14182735.raw.tsv, storePath:/home/antonio/Escritorio/Repositorios_GitHub/miRPlan-nf/work/e1/a7c0a9616656e0a366b8c784426fc5/SRR14182735.raw.tsv, stageName:SRR14182735.raw.tsv), FileHolder(sourceObj:/home/antonio/Escritorio/Repositorios_GitHub/miRPlan-nf/work/e2/c5a85b73dd201244ab641272746911/SRR14182747.raw.tsv, storePath:/home/antonio/Escritorio/Repositorios_GitHub/miRPlan-nf/work/e2/c5a85b73dd201244ab641272746911/SRR14182747.raw.tsv, stageName:SRR14182747.raw.tsv)] 
  55fcef5f76c5463a9054e747995e47d8 [java.lang.String] type 
  af2f7481c3098bc4990487829fb6758d [java.lang.String] raw 
  4f9d4b0d22865056c37fb6d9c2a04a67 [java.lang.String] $ 
  16fe7483905cce7a85670e43e4678877 [java.lang.Boolean] true 
  1382b0ffdd1f1968777a3314f496cc00 [sun.nio.fs.UnixPath] /home/antonio/Escritorio/Repositorios_GitHub/miRPlan-nf/bin/04-Create_counts_matrix.py 
  1382b0ffdd1f1968777a3314f496cc00 [sun.nio.fs.UnixPath] /home/antonio/Escritorio/Repositorios_GitHub/miRPlan-nf/bin/04-Create_counts_matrix.py 

feb.-18 12:44:49.747 [Actor Thread 15] INFO  nextflow.processor.TaskProcessor - [32/75b692] Cached process > MAIN_MIRPLAN:MIRPLAN:QUANTIFICATION:COUNTS_MATRIX (PRJNA277424)
feb.-18 12:44:50.020 [Task submitter] DEBUG n.executor.local.LocalTaskHandler - Launch cmd line: /bin/bash -ue .command.run
feb.-18 12:44:50.227 [Task submitter] INFO  nextflow.Session - [8b/14331b] Submitted process > MAIN_MIRPLAN:MIRPLAN:QUANTIFICATION:COUNTS_MATRIX (PRJNA720229)
feb.-18 12:49:44.735 [Task monitor] DEBUG n.processor.TaskPollingMonitor - !! executor local > tasks to be completed: 1 -- submitted tasks are shown below
~> TaskHandler[id: 90; name: MAIN_MIRPLAN:MIRPLAN:QUANTIFICATION:COUNTS_MATRIX (PRJNA720229); status: RUNNING; exit: -; error: -; workDir: /home/antonio/Escritorio/Repositorios_GitHub/miRPlan-nf/work/8b/14331bfc070d892f2c69f9cd27cce6]
feb.-18 12:51:11.696 [Task monitor] DEBUG n.processor.TaskPollingMonitor - Task completed > TaskHandler[id: 90; name: MAIN_MIRPLAN:MIRPLAN:QUANTIFICATION:COUNTS_MATRIX (PRJNA720229); status: COMPLETED; exit: 0; error: -; workDir: /home/antonio/Escritorio/Repositorios_GitHub/miRPlan-nf/work/8b/14331bfc070d892f2c69f9cd27cce6]
feb.-18 12:51:11.697 [Task monitor] DEBUG nextflow.util.ThreadPoolBuilder - Creating thread pool 'TaskFinalizer' minSize=10; maxSize=72; workQueue=LinkedBlockingQueue[10000]; allowCoreThreadTimeout=false
feb.-18 12:51:11.753 [main] DEBUG nextflow.Session - Session await > all processes finished
feb.-18 12:51:11.795 [Task monitor] DEBUG n.processor.TaskPollingMonitor - <<< barrier arrives (monitor: local) - terminating tasks monitor poll loop
feb.-18 12:51:11.796 [main] DEBUG nextflow.Session - Session await > all barriers passed
feb.-18 12:51:11.801 [main] DEBUG nextflow.util.ThreadPoolManager - Thread pool 'TaskFinalizer' shutdown completed (hard=false)
feb.-18 12:51:11.803 [main] DEBUG nextflow.util.ThreadPoolManager - Thread pool 'PublishDir' shutdown completed (hard=false)
feb.-18 12:51:11.824 [main] DEBUG n.trace.WorkflowStatsObserver - Workflow completed > WorkflowStats[succeededCount=1; failedCount=0; ignoredCount=0; cachedCount=90; pendingCount=0; submittedCount=0; runningCount=0; retriesCount=0; abortedCount=0; succeedDuration=6m 21s; failedDuration=0ms; cachedDuration=5h 18m 40s;loadCpus=0; loadMemory=0; peakRunning=1; peakCpus=1; peakMemory=6 GB; ]
feb.-18 12:51:12.029 [main] DEBUG nextflow.cache.CacheDB - Closing CacheDB done
feb.-18 12:51:12.072 [main] INFO  org.pf4j.AbstractPluginManager - Stop plugin 'nf-schema@2.0.0'
feb.-18 12:51:12.072 [main] DEBUG nextflow.plugin.BasePlugin - Plugin stopped nf-schema
feb.-18 12:51:12.074 [main] DEBUG nextflow.util.ThreadPoolManager - Thread pool 'FileTransfer' shutdown completed (hard=false)
feb.-18 12:51:12.074 [main] DEBUG nextflow.script.ScriptRunner - > Execution complete -- Goodbye
